Workbook

Sheet Jan
B2: Cell # | C2: Membran # ¦ Batch # | D2: Temp Kat / [°C] | E2: Membrane V @ 13 bar/[V] | F2: Cell V @ 13 bar/[V] | G2: Cell V @ 0 bar [V] | H2: Voltage Diff. / [V] | I2: Typ | J2: FA # | K2: Bemerkungen | M2: Visum | N2: Jahr: | O2: 2017
B3: 17A-0001Z | C3: 16K-0006M | D3: 3.3 | F3: 1.936 | G3: 1.921 | H3: =F3-G3 -> 0.015 | I3: MI V3 | J3: FA700938 | L3: ab16K-0006M zus. Säure
B4: 17A-0002Z | C4: 16K-0007M | D4: 4.4 | F4: 1.977 | G4: 1.958 | H4: =F4-G4 -> 0.019 | I4: MI V3 | J4: FA700938
B5: 17A-0003Z | C5: 16K-0008M | D5: 4.3 | F5: 1.951 | G5: 1.93 | H5: =F5-G5 -> 0.021 | I5: MI V3 | J5: FA700938
B6: 17A-0004Z | C6: 16K-0009M | D6: 4.3 | F6: 1.936 | G6: 1.917 | H6: =F6-G6 -> 0.019 | I6: MI V3 | J6: FA700938
B7: 17A-0005Z | C7: 16K-0010M | D7: 4.8 | F7: 1.937 | G7: 1.918 | H7: =F7-G7 -> 0.019 | I7: MI V3 | J7: FA700938
B8: 17A-0006Z | C8: 16K-0011M | D8: 4.7 | F8: 1.932 | G8: 1.911 | H8: =F8-G8 -> 0.021 | I8: MI V3 | J8: FA700938
B9: 17A-0007Z | C9: 16K-0012M | D9: 4.8 | F9: 1.933 | G9: 1.916 | H9: =F9-G9 -> 0.017 | I9: MI V3 | J9: FA700938
B10: 17A-0008Z | C10: 16K-0013M | D10: 4.7 | F10: 1.928 | G10: 1.912 | H10: =F10-G10 -> 0.016 | I10: MI V3 | J10: FA700938
B11: 17A-0009Z | C11: 16K-0014M | D11: 5 | F11: 1.925 | G11: 1.909 | H11: =F11-G11 -> 0.016 | I11: MI V3 | J11: FA700938
B12: 17A-0010Z | C12: 16K-0015M | D12: 5.2 | F12: 1.94 | G12: 1.922 | H12: =F12-G12 -> 0.018 | I12: MI V3 | J12: FA700938
B13: 17A-0011Z | C13: 16K-0113M | D13: 27.9 | E13: 1.862 | F13: 3.726 | G13: 3.702 | H13: =F13-G13 -> 0.024 | I13: MU2 V1 | J13: FA701147 | K13: Carmen i.O.
C14: 16K-0114M | E14: 1.864
B15: 17A-0012Z | C15: 16K-0115M | D15: 18.4 | E15: 1.858 | F15: 3.71 | G15: 3.686 | H15: =F15-G15 -> 0.024 | I15: " | J15: "
C16: 16K-0116M | E16: 1.851
B17: 17A-0013Z | C17: 16K-0117M | D17: 20.7 | E17: 1.866 | F17: 3.747 | G17: 3.716 | H17: =F17-G17 -> 0.031 | I17: MU2 V1 | J17: FA700798
C18: 16K-0118M | E18: 1.88
B19: 17A-0014Z | C19: 16K-0119M | D19: 40.8 | E19: 1.852 | F19: 3.697 | G19: 3.685 | H19: =F19-G19 -> 0.012 | I19: " | J19: "
C20: 16K-0120M | E20: 1.845
B21: " | C21: 16K-0119M | D21: 9.9 | E21: 1.854 | F21: 3.702 | G21: 3.687 | H21: =F21-G21 -> 0.015 | K21: nach Membranenwechsel (knapp geschnitten) Temp19.9/ 15.9
C22: 16L-0026M | E22: 1.847 | H22: =F22-G22 -> 0 | K22: auf Testsystem ca. 30 Std laufenlassen
B23: 17A-0015Z | C23: 16K-0121M | D23: 19.6 | E23: 1.867 | F23: 3.733 | G23: 3.695 | H23: =F23-G23 -> 0.038 | I23: " | J23: "
C24: 16K-0122M | E24: 1.865
B25: 17A-0016Z | C25: 16K-0123M | D25: 3.8 | E25: 1.845 | F25: 3.7 | G25: 3.676 | H25: =F25-G25 -> 0.024 | I25: " | J25: "
C26: 16K-0124M | E26: 1.855
B27: 17A-0017Z | C27: 16K-0125M | D27: 2.6 | E27: 1.843 | F27: 3.694 | G27: 3.667 | H27: =F27-G27 -> 0.027 | I27: " | J27: "
C28: 16K-0126M | E28: 1.851
B29: 17A-0018Z | C29: 16K-0127M | D29: 3.4 | E29: 1.844 | F29: 3.694 | G29: 3.669 | H29: =F29-G29 -> 0.025 | I29: " | J29: "
C30: 16K-0128M | E30: 1.85
B31: 17A-0019Z | C31: 16K-0129M | D31: 3.2 | E31: 1.843 | F31: 3.682 | G31: 3.655 | H31: =F31-G31 -> 0.027 | I31: " | J31: "
C32: 16K-0130M | E32: 1.838
B33: 17A-0020Z | C33: 16L-0001M | D33: 6.7 | E33: 1.828 | F33: 3.666 | G33: 3.638 | H33: =F33-G33 -> 0.028 | I33: " | J33: "
C34: 16L-0002M | E34: 1.837
B35: 17A-0021Z | C35: 16L-0003M | D35: 21.1 | E35: 1.871 | F35: 3.742 | G35: 3.722 | H35: =F35-G35 -> 0.02 | I35: MU2 V1 | J35: FA701149
C36: 16L-0004M | E36: 1.87
B37: 17A-0022Z | C37: 16L-0005M | D37: 22.4 | E37: 1.858 | F37: 3.725 | G37: 3.701 | H37: =F37-G37 -> 0.024 | I37: " | J37: "
C38: 16L-0006M | E38: 1.866
B39: 17A-0023Z | C39: 16L-0007M | D39: 16.4 | E39: 1.874 | F39: 3.738 | G39: 3.708 | H39: =F39-G39 -> 0.03 | I39: " | J39: "
C40: 16L-0008M | E40: 1.863
B41: 17A-0024Z | C41: 16L-0009M | D41: 20.1 | E41: 1.881 | F41: 3.766 | G41: 3.746 | H41: =F41-G41 -> 0.02 | I41: " | J41: "
C42: 16L-0010M | E42: 1.884
B43: 17A-0025Z | C43: 16L-0011M | D43: 5 | F43: 1.864 | G43: 1.847 | H43: =F43-G43 -> 0.017 | I43: MU1 V1 | J43: FA701184 | L43: Membrane je 1Std in Lauge
B44: 17A-0026Z | C44: 16L-0012M | D44: 5 | F44: 1.873 | G44: 1.861 | H44: =F44-G44 -> 0.012 | I44: MU1 V1 | J44: FA700594 | K44: TMenge 1 von20 | L44: "
B45: 17A-0027Z | C45: 16L-0013M | D45: 5.8 | F45: 1.85 | G45: 1.837 | H45: =F45-G45 -> 0.013 | I45: MU1 V1 | J45: FA701148 | L45: "
B46: 17A-0028Z | C46: 16L-0014M | D46: 4.1 | F46: 1.865 | G46: 1.852 | H46: =F46-G46 -> 0.013 | I46: " | J46: " | L46: "
B47: 17A-0029Z | C47: 16L-0015M | D47: 4.9 | F47: 1.863 | G47: 1.849 | H47: =F47-G47 -> 0.014 | I47: " | J47: " | L47: "
B48: 17A-0030Z | C48: 16L-0016M | D48: 6.5 | F48: 1.857 | G48: 1.845 | H48: =F48-G48 -> 0.012 | I48: " | J48: " | L48: "
B49: 17A-0031Z | C49: 16L-0017M | D49: 3.2 | F49: 1.86 | G49: 1.847 | H49: =F49-G49 -> 0.013 | I49: " | J49: " | L49: "
B50: 17A-0032Z | C50: 16L-0018M | D50: 11.3 | F50: 1.855 | G50: 1.845 | H50: =F50-G50 -> 0.01 | I50: " | J50: " | L50: "
B51: 17A-0033Z | C51: 16L-0019M | D51: 11.7 | F51: 1.852 | G51: 1.838 | H51: =F51-G51 -> 0.014 | I51: " | J51: " | L51: "
B52: 17A-0034Z | C52: 16L-0020M | D52: 11 | F52: 1.856 | G52: 1.842 | H52: =F52-G52 -> 0.014 | I52: " | J52: " | L52: "
B53: 17A-0035Z | C53: 16L-0021M | D53: 10.7 | F53: 1.842 | G53: 1.828 | H53: =F53-G53 -> 0.014 | I53: " | J53: " | L53: "
B54: 17A-0036Z | C54: 16L-0022M | D54: 11.8 | F54: 1.847 | G54: 1.834 | H54: =F54-G54 -> 0.013 | I54: " | J54: " | L54: "
B55: 17A-0037Z | C55: 16K-0120M | D55: 6.9 | F55: 1.857 | G55: 1.847 | H55: =F55-G55 -> 0.01 | I55: " | J55: " | K55: Membrane knapp geschnitten | L55: "
B56: 17A-0038Z | C56: 16L-0023M | D56: 12.4 | F56: 1.844 | G56: 1.832 | H56: =F56-G56 -> 0.012 | I56: " | J56: " | L56: "
B57: 17A-0039Z | C57: 16L-0024M | D57: 13.3 | F57: 1.849 | G57: 1.837 | H57: =F57-G57 -> 0.012 | I57: " | J57: " | L57: "
B58: 17A-0040Z | C58: 16L-0025M | D58: 14.7 | F58: 1.827 | G58: 1.814 | H58: =F58-G58 -> 0.013 | I58: " | J58: " | L58: "
B59: 17A-0041Z | C59: 16L-0027M | D59: 12.4 | F59: 1.849 | G59: 1.836 | H59: =F59-G59 -> 0.013 | I59: " | J59: " | L59: "
B60: 17A-0042Z | C60: 16L-0028M | D60: 4.5 | F60: 1.877 | G60: 1.863 | H60: =F60-G60 -> 0.014 | I60: " | J60: " | L60: "
B61: 17A-0043Z | C61: 16L-0029M | D61: 3.5 | F61: 1.877 | G61: 1.863 | H61: =F61-G61 -> 0.014 | I61: " | J61: FA701173 | K61: TMenge 2von16 | L61: "
B62: 17A-0044Z | C62: 16L-0030M | D62: 4.2 | F62: 1.879 | G62: 1.866 | H62: =F62-G62 -> 0.013 | I62: " | J62: " | K62: " | L62: "
B63: 17A-0045Z | C63: 16K-0091M | D63: 10.2 | F63: 1.877 | G63: 1.861 | H63: =F63-G63 -> 0.016 | I63: " | J63: FA700594 | K63: normal | L63: Test: Membrane 3. Lauge / T-Menge 19 von 20
B64: 17A-0046Z | C64: 16K-0092M | D64: 9.7 | F64: 1.881 | G64: 1.865 | H64: =F64-G64 -> 0.016 | I64: " | J64: " | K64: normal
B65: 17A-0047Z | C65: 16K-0093M | D65: 13.1 | F65: 1.866 | G65: 1.853 | H65: =F65-G65 -> 0.013 | I65: " | J65: " | K65: normal
B66: 17A-0048Z | C66: 16K-0094M | D66: 12.6 | F66: 1.869 | G66: 1.855 | H66: =F66-G66 -> 0.014 | I66: " | J66: " | K66: normal
B67: 17A-0049Z | C67: 16K-0081M | D67: 11.4 | F67: 1.875 | G67: 1.859 | H67: =F67-G67 -> 0.016 | I67: " | J67: " | K67: 3. Lauge
B68: 17A-0050Z | C68: 16K-0082M | D68: 10.3 | F68: 1.873 | G68: 1.859 | H68: =F68-G68 -> 0.014 | I68: " | J68: " | K68: 3. Lauge
B69: 17A-0051Z | C69: 16K-0083M | D69: 11.2 | F69: 1.895 | G69: 1.882 | H69: =F69-G69 -> 0.013 | I69: " | J69: " | K69: 3. Lauge
B70: 17A-0052Z | C70: 16K-0084M | D70: 20.1 | F70: 1.863 | G70: 1.857 | H70: =F70-G70 -> 0.006 | I70: " | J70: " | K70: 3. Lauge
B71: " | C71: " | D71: 18.9 | F71: 1.86 | G71: 1.854 | H71: =F71-G71 -> 0.006 | I71: " | J71: " | K71: " | L71: nach 90 min. Kat.Temp: 23.2 ; V- Dif 0.007
B72: 17A-0053Z | C72: FA700977 | D72: 16.3 | F72: 1.878 | G72: 1.869 | H72: =F72-G72 -> 0.009 | I72: " | J72: FA701173 | K72: RestMenge 14von16
B73: 17A-0054Z | C73: " | D73: 9.5 | F73: 1.872 | G73: 1.857 | H73: =F73-G73 -> 0.015 | I73: " | J73: " | K73: "
B74: 17A-0055Z | C74: " | D74: 8.6 | F74: 1.891 | G74: 1.876 | H74: =F74-G74 -> 0.015 | I74: " | J74: " | K74: "
B75: 17A-0056Z | C75: " | D75: 10.5 | F75: 1.861 | G75: 1.845 | H75: =F75-G75 -> 0.016 | I75: " | J75: " | K75: "
B76: 17A-0057Z | C76: " | D76: 11.3 | F76: 1.866 | G76: 1.85 | H76: =F76-G76 -> 0.016 | I76: " | J76: " | K76: "
B77: 17A-0058Z | C77: " | D77: 8.7 | F77: 1.868 | G77: 1.854 | H77: =F77-G77 -> 0.014 | I77: " | J77: " | K77: "
B78: 17A-0059Z | C78: " | D78: 7 | F78: 1.866 | G78: 1.852 | H78: =F78-G78 -> 0.014 | I78: " | J78: " | K78: "
B79: 17A-0060Z | C79: " | D79: 5.5 | F79: 1.872 | G79: 1.857 | H79: =F79-G79 -> 0.015 | I79: " | J79: " | K79: "
B80: 17A-0061Z | C80: " | D80: 2.1 | F80: 1.853 | G80: 1.837 | H80: =F80-G80 -> 0.016 | I80: " | J80: " | K80: "
B81: 17A-0062Z | C81: " | D81: 11.6 | F81: 1.905 | G81: 1.886 | H81: =F81-G81 -> 0.019 | I81: " | J81: " | K81: "
B82: 17A-0063Z | C82: " | D82: 10.6 | F82: 1.86 | G82: 1.845 | H82: =F82-G82 -> 0.015 | I82: " | J82: " | K82: "
B83: 17A-0064Z | C83: " | D83: 6.8 | F83: 1.852 | G83: 1.839 | H83: =F83-G83 -> 0.013 | I83: " | J83: " | K83: "
... B85: 17A-0066Z | C85: " | D85: 10.1 | F85: 1.854 | G85: 1.838 | H85: =F85-G85 -> 0.016 | I85: " | J85: " | K85: "
B86: 17A-0067Z | C86: " | D86: 14.5 | F86: 1.849 | G86: 1.836 | H86: =F86-G86 -> 0.013 | I86: " | J86: FA701335
B87: 17A-0068Z | C87: " | D87: 27.1 | E87: 1.849 | F87: 5.561 | G87: 5.525 | H87: =F87-G87 -> 0.036 | I87: MU3 V1 | J87: FA701253
C88: " | E88: 1.846
C89: " | E89: 1.851
B90: 17A-0069Z | C90: " | D90: 34 | E90: 1.859 | F90: 5.568 | G90: 5.523 | H90: =F90-G90 -> 0.045 | I90: " | J90: "
C91: " | E91: 1.854
C92: FA700977 | E92: 1.854
B93: 17A-0070Z | C93: " | D93: 16.6 | E93: 1.848 | F93: 5.534 | G93: 5.495 | H93: =F93-G93 -> 0.039 | I93: " | J93: "
C94: " | E94: 1.843
C95: " | E95: 1.842
B96: 17A-0071Z | C96: " | D96: 24.6 | E96: 1.869 | F96: 5.62 | G96: 5.579 | H96: =F96-G96 -> 0.041 | I96: " | J96: "
C97: " | E97: 1.866
C98: " | E98: 1.883
B99: 17A-0072Z | C99: " | D99: 28.2 | E99: 1.839 | F99: 5.536 | G99: 5.49 | H99: =F99-G99 -> 0.046 | I99: " | J99: " | K99: nach 0.5 Std= 45⁰
C100: " | E100: 1.85
C101: " | E101: 1.845
B102: " | D102: 6.1 | F102: 5.506 | G102: 5.485 | H102: =F102-G102 -> 0.021 | L102: nach mehrmaligem Start (10Min) / Stop (min.30 sek.)
...

Sheet Feb
B2: Cell # | C2: Membran # ¦ Batch # | D2: Temp Kat / [°C] | E2: Membrane V @ 13 bar/[V] | F2: Cell V @ 13 bar/[V] | G2: Cell V @ 0 bar [V] | H2: Voltage Diff. / [V] | I2: Typ | J2: FA # | K2: Bemerkungen | M2: Visum | N2: Jahr: | O2: 2017
B3: 17B-0001Z | C3: FA700973 | D3: 4.9 | F3: 1.914 | G3: 1.899 | H3: =F3-G3 -> 0.015 | I3: MI V3 | J3: FA701172
B4: 17B-0002Z | C4: " | D4: 5.1 | F4: 1.913 | G4: 1.9 | H4: =F4-G4 -> 0.013 | I4: " | J4: "
B5: 17B-0003Z | C5: " | D5: 5.5 | F5: 1.923 | G5: 1.909 | H5: =F5-G5 -> 0.014 | I5: " | J5: "
B6: 17B-0004Z | C6: FA701047 | D6: 7.1 | F6: 1.917 | G6: 1.905 | H6: =F6-G6 -> 0.012 | I6: " | J6: "
B7: 17B-0005Z | C7: " | D7: 6.3 | F7: 1.91 | G7: 1.895 | H7: =F7-G7 -> 0.015 | I7: " | J7: "
B8: 17B-0006Z | C8: " | D8: 7 | F8: 1.913 | G8: 1.899 | H8: =F8-G8 -> 0.014 | I8: " | J8: "
B9: 17B-0007Z | C9: " | D9: 7 | F9: 1.904 | G9: 1.89 | H9: =F9-G9 -> 0.014 | I9: " | J9: "
B10: 17B-0008Z | C10: " | D10: 8.2 | F10: 1.91 | G10: 1.894 | H10: =F10-G10 -> 0.016 | I10: " | J10: "
B11: 17B-0009Z | C11: " | D11: 5.2 | F11: 1.901 | G11: 1.887 | H11: =F11-G11 -> 0.014 | I11: " | J11: "
B12: 17B-0010Z | C12: " | D12: 5.2 | F12: 1.882 | G12: 1.871 | H12: =F12-G12 -> 0.011 | I12: " | J12: "
B13: 17B-0011Z | C13: FA700977 | I13: MU-12 | J13: FA700918
C14: FA700977
C15: "
C16: "
C17: "
C18: "
C19: "
C20: "
C21: "
C22: "
C23: "
C24: "
B25: 17B-0012Z | C25: FA701047 | D25: 6.5 | F25: 1.882 | G25: 1.866 | H25: =F25-G25 -> 0.016 | I25: MI V3 | J25: FA701172
B26: 17B-0013Z | C26: " | D26: 4 | F26: 1.904 | G26: 1.891 | H26: =F26-G26 -> 0.013 | I26: " | J26: "
B27: 17B-0014Z | C27: " | D27: 2.8 | F27: 1.9 | G27: 1.887 | H27: =F27-G27 -> 0.013 | I27: " | J27: "
B28: 17B-0015Z | C28: " | D28: 10.7 | F28: 1.896 | G28: 1.89 | H28: =F28-G28 -> 0.006 | I28: " | J28: "
B29: 17B-0016Z | C29: " | D29: 6.7 | F29: 1.899 | G29: 1.885 | H29: =F29-G29 -> 0.014 | I29: " | J29: "
B30: 17B-0017Z | C30: " | D30: 6.1 | F30: 1.872 | G30: 1.858 | H30: =F30-G30 -> 0.014 | I30: " | J30: "
B31: 17B-0018Z | C31: " | D31: 10.6 | F31: 1.906 | G31: 1.897 | H31: =F31-G31 -> 0.009 | I31: " | J31: "
B32: 17B-0019Z | C32: " | D32: 6.7 | F32: 1.886 | G32: 1.871 | H32: =F32-G32 -> 0.015 | I32: " | J32: "
B33: 17B-0020Z | C33: " | D33: 7.8 | F33: 1.892 | G33: 1.88 | H33: =F33-G33 -> 0.012 | I33: " | J33: "
B34: 17B-0021Z | C34: " | D34: 7.3 | F34: 1.901 | G34: 1.889 | H34: =F34-G34 -> 0.012 | I34: " | J34: "
B35: 17B-0022Z-R | C35: " | D35: 4.7 | F35: 1.901 | G35: 1.889 | H35: =F35-G35 -> 0.012 | I35: MI V1-R | J35: FA701353 | K35: 19.04.2017: 0.8/ 1.913/ 1.906 | L35: vormals 11081888 (unter Kleber 1106850)
B36: 17B-0023Z-R | C36: " | D36: 5.8 | F36: 1.914 | G36: 1.902 | H36: =F36-G36 -> 0.012 | I36: MI V1-R | J36: " | K36: 19.04.2017: 0.7/ 1.928/ 1.920 | L36: vormals 11111992 (unter Kleber 1107936)
B37: 16H-0012Z | C37: " | D37: 6.7 | F37: 1.903 | G37: 1.892 | H37: =F37-G37 -> 0.011 | I37: MI V3-R | J37: FA701356 | L37: vormals 16H-0012Z
B38: 17B-0024Z | C38: FA701049 | D38: 7.1 | F38: 1.898 | G38: 1.885 | H38: =F38-G38 -> 0.013 | I38: MI V3 | J38: FA701172
B39: 17B-0025Z | C39: " | D39: 6.6 | F39: 1.892 | G39: 1.876 | H39: =F39-G39 -> 0.016 | I39: " | J39: "
B40: 17B-0026Z | C40: " | D40: 6.9 | F40: 1.884 | G40: 1.87 | H40: =F40-G40 -> 0.014 | I40: " | J40: "
B41: 17B-0027Z | C41: " | D41: 10.8 | F41: 1.91 | G41: 1.899 | H41: =F41-G41 -> 0.011 | I41: " | J41: "
B42: 17B-0028Z | C42: " | D42: 6.6 | F42: 1.904 | G42: 1.893 | H42: =F42-G42 -> 0.011 | I42: " | J42: "
B43: 17B-0029Z | C43: " | D43: 4.1 | F43: 1.874 | G43: 1.861 | H43: =F43-G43 -> 0.013 | I43: " | J43: "
B44: 17B-0030Z | C44: " | D44: 5.9 | F44: 1.9 | G44: 1.885 | H44: =F44-G44 -> 0.015 | I44: " | J44: "
B45: 17B-0031Z | C45: " | D45: 6.6 | F45: 1.903 | G45: 1.889 | H45: =F45-G45 -> 0.014 | I45: " | J45: "
B46: 17B-0032Z | C46: " | D46: 6.1 | F46: 1.89 | G46: 1.876 | H46: =F46-G46 -> 0.014 | I46: " | J46: "
B47: 17B-0033Z | C47: " | D47: 5.4 | F47: 1.906 | G47: 1.896 | H47: =F47-G47 -> 0.01 | I47: " | J47: "
B48: 17B-0034Z | C48: FA700977 | D48: 2.9 | E48: 1.848 | F48: 3.7 | G48: 3.678 | H48: =F48-G48 -> 0.022 | I48: MU2 | J48: FA701252 | L48: neue Membrane
C49: " | E49: 1.854 | L49: neue Membrane
B50: 17B-0035Z | C50: FA700977 | D50: 29.7 | E50: 1.856 | F50: 3.714 | G50: 3.688 | H50: =F50-G50 -> 0.026 | I50: " | J50: "
C51: " | E51: 1.857
B52: 17B-0036Z | C52: " | D52: 24 | E52: 1.848 | F52: 3.701 | G52: 3.671 | H52: =F52-G52 -> 0.03 | I52: " | J52: " | K52: Faden
C53: " | E53: 1.852
B54: 17B-0037Z | C54: " | D54: 22.4 | E54: 1.85 | F54: 3.71 | G54: 3.682 | H54: =F54-G54 -> 0.028 | I54: " | J54: " | K54: Kratzer
C55: " | E55: 1.859
B56: 17B-0038Z | C56: " | D56: 15.7 | E56: 1.863 | F56: 3.738 | G56: 3.712 | H56: =F56-G56 -> 0.026 | I56: " | J56: "
C57: 16K-0085M | E57: 1.874
B58: 17B-0039Z | C58: FA700977 | D58: 2.9 | E58: 1.838 | F58: 3.679 | G58: 3.65 | H58: =F58-G58 -> 0.029 | I58: " | J58: "
C59: " | E59: 1.841
B60: 17B-0040Z | C60: " | D60: 2.7 | E60: 1.833 | F60: 3.665 | G60: 3.642 | H60: =F60-G60 -> 0.023 | I60: " | J60: "
C61: " | E61: 1.833
B62: 17B-0041Z | C62: " | D62: 23.2 | E62: 1.826 | F62: 3.662 | G62: 3.634 | H62: =F62-G62 -> 0.028 | I62: " | J62: "
C63: " | E63: 1.837
B64: 17B-0042Z | C64: " | D64: 30.6 | E64: 1.826 | F64: 3.666 | G64: 3.643 | H64: =F64-G64 -> 0.023 | I64: " | J64: "
C65: " | E65: 1.827
B66: 17B-0043Z | C66: " | D66: 27.6 | E66: 1.845 | F66: 3.685 | G66: 3.664 | H66: =F66-G66 -> 0.021 | I66: " | J66: "
C67: " | E67: 1.841
B68: 17B-0044Z | C68: " | D68: 0.1 | E68: 1.863 | F68: 3.723 | G68: 3.707 | H68: =F68-G68 -> 0.016 | I68: MU2 | J68: FA701427 | L68: PEEK- Stützring/ laserd Disc's
C69: " | E69: 1.86 | L69: "
B70: 17B-0045Z | C70: " | D70: 0.7 | F70: 1.858 | G70: 1.844 | H70: =F70-G70 -> 0.014 | I70: MU1 | J70: FA700594 | L70: "
B71: 17B-0046Z | C71: " | D71: 0.2 | F71: 1.842 | G71: 1.829 | H71: =F71-G71 -> 0.013 | I71: " | J71: " | L71: "
B72: 17B-0047Z | C72: " | D72: 0.8 | F72: 1.833 | G72: 1.822 | H72: =F72-G72 -> 0.011 | I72: " | J72: " | L72: "
B73: 17B-0048Z | C73: " | D73: 0 | F73: 1.832 | G73: 1.82 | H73: =F73-G73 -> 0.012 | I73: " | J73: " | L73: "
B74: 17B-0049Z | C74: " | D74: 0.2 | F74: 1.831 | G74: 1.817 | H74: =F74-G74 -> 0.014 | I74: " | J74: " | L74: "
B75: 17B-0050Z-R | C75: " | D75: 0.8 | F75: 1.879 | G75: 1.87 | H75: =F75-G75 -> 0.009 | I75: MA-V1-R | J75: FA701417 | L75: vormals 1510-6015A
B76: 17B-0051Z-R | C76: 16K-0096M | D76: 1.1 | F76: 1.884 | G76: 1.879 | H76: =F76-G76 -> 0.005 | I76: " | J76: " | L76: vormals 1601-6121A
B77: 17B-0052Z | C77: 16J-0046M | D77: 0.2 | F77: 1.863 | G77: 1.857 | H77: =F77-G77 -> 0.006 | I77: MI V3 | J77: FA701177 | L77: 23.02
B78: 17B-0053Z | C78: FA701049 | D78: 0.3 | F78: 1.893 | G78: 1.881 | H78: =F78-G78 -> 0.012 | I78: " | J78: FA701422 | L78: "
B79: 17B-0054Z | C79: " | D79: 0.3 | F79: 1.876 | G79: 1.865 | H79: =F79-G79 -> 0.011 | I79: " | J79: " | L79: "
B80: 17B-0055Z | C80: " | D80: 0.3 | F80: 1.89 | G80: 1.879 | H80: =F80-G80 -> 0.011 | I80: " | J80: " | L80: "
B81: 17B-0056Z | C81: " | D81: 0.4 | F81: 1.879 | G81: 1.867 | H81: =F81-G81 -> 0.012 | I81: " | J81: " | L81: "
B82: 17B-0057Z | C82: " | D82: 0.4 | F82: 1.889 | G82: 1.879 | H82: =F82-G82 -> 0.01 | I82: " | J82: " | L82: "
B83: 17B-0058Z | C83: " | D83: 0.2 | F83: 1.89 | G83: 1.88 | H83: =F83-G83 -> 0.01 | I83: " | J83: " | L83: "
B84: 17B-0059Z | C84: " | D84: 0.4 | F84: 1.881 | G84: 1.868 | H84: =F84-G84 -> 0.013 | I84: " | J84: " | L84: "
B85: 17B-0060Z | C85: " | D85: 0.5 | F85: 1.876 | G85: 1.87 | H85: =F85-G85 -> 0.006 | I85: " | J85: " | L85: "
B86: 17B-0061Z | C86: " | D86: 7.1 | F86: 1.887 | G86: 1.876 | H86: =F86-G86 -> 0.011 | I86: " | J86: " | L86: 24.02
B87: 17B-0062Z | C87: " | D87: 6.1 | F87: 1.891 | G87: 1.877 | H87: =F87-G87 -> 0.014 | I87: " | J87: " | L87: "
B88: 17B-0063Z | C88: FA701093 | D88: 5.9 | F88: 1.882 | G88: 1.868 | H88: =F88-G88 -> 0.014 | I88: " | J88: " | K88: neues Flies | L88: "
B89: 17B-0064Z | C89: " | D89: 5.6 | F89: 1.874 | G89: 1.859 | H89: =F89-G89 -> 0.015 | I89: " | J89: " | K89: " | L89: "
B90: 17B-0065Z | C90: " | D90: 4.7 | F90: 1.885 | G90: 1.872 | H90: =F90-G90 -> 0.013 | I90: " | J90: " | K90: " | L90: "
B91: 17B-0066Z | C91: " | D91: 5 | F91: 1.884 | G91: 1.87 | H91: =F91-G91 -> 0.014 | I91: " | J91: " | K91: " | L91: "
B92: 17B-0067Z | C92: " | D92: 4.1 | F92: 1.889 | G92: 1.875 | H92: =F92-G92 -> 0.014 | I92: " | J92: " | K92: " | L92: "
B93: 17B-0068Z | C93: " | D93: 3.5 | F93: 1.897 | G93: 1.883 | H93: =F93-G93 -> 0.014 | I93: " | J93: " | K93: " | L93: "
B94: 17B-0069Z | C94: " | D94: 4.8 | F94: 1.89 | G94: 1.875 | H94: =F94-G94 -> 0.015 | I94: " | J94: " | K94: " | L94: "
B95: 17B-0070Z | C95: 16K-0086M | D95: 0.8 | F95: 1.867 | G95: 5.586 | H95: 5.553 | I95: MU3 | J95: FA701425 | K95: "
C96: 16K-0087M | F96: 1.855 | K96: "
C97: 16K-0088M | F97: 1.864 | K97: "
B98: 17B-0071Z | C98: 16K-0089M | D98: 1 | F98: 1.851 | G98: 5.558 | H98: 5.52 | I98: " | J98: " | K98: "
C99: 16K-0090M | F99: 1.85 | K99: "
C100: 16K-0095M | F100: 1.856 | K100: "
B101: 17B-0072Z | C101: 16K-0097M | D101: 0.2 | F101: 1.856 | G101: 5.562 | H101: 5.525 | I101: " | J101: " | K101: "
...

Sheet Mar
B2: Cell # | C2: Membran # ¦ Batch # | D2: Temp Kat / [°C] | E2: Membrane V @ 13 bar/[V] | F2: Cell V @ 13 bar/[V] | G2: Cell V @ 0 bar [V] | H2: Voltage Diff. / [V] | I2: Typ | J2: FA # | K2: Bemerkungen | M2: Visum | N2: Jahr: | O2: 2017
B3: 17C-0001Z | C3: 16K-0100M | D3: 0.2 | E3: 1.878 | F3: 3.76 | G3: 3.737 | H3: =F3-G3 -> 0.023 | I3: MU2 | J3: FA701252
C4: FA701095 | E4: 1.882
B5: 17C-0002Z | C5: " | D5: 0.3 | E5: 1.875 | F5: 3.755 | G5: 3.728 | H5: =F5-G5 -> 0.027 | I5: " | J5: "
C6: " | E6: 1.879
B7: 17C-0003Z | C7: " | D7: 0.7 | E7: 1.884 | F7: 3.781 | G7: 3.757 | H7: =F7-G7 -> 0.024 | I7: " | J7: "
C8: " | E8: 1.897
B9: 17C-0004Z | C9: " | D9: 0.5 | E9: 1.86 | F9: 3.722 | G9: 3.694 | H9: =F9-G9 -> 0.028 | I9: " | J9: "
C10: " | E10: 1.861
B11: 17C-0005Z | C11: " | D11: 0 | F11: 1.886 | G11: 1.872 | H11: =F11-G11 -> 0.014 | I11: MU1 | J11: FA700594
B12: 17C-0006Z | C12: " | D12: 0.4 | F12: 1.884 | G12: 1.87 | H12: =F12-G12 -> 0.014 | I12: " | J12: " | K12: Vlies filzig
B13: 17C-0007Z | C13: " | D13: 0.3 | F13: 1.885 | G13: 1.872 | H13: =F13-G13 -> 0.013 | I13: " | J13: " | K13: Vlies filzig
B14: 17C-0008Z | C14: " | D14: 0.2 | F14: 1.893 | G14: 1.883 | H14: =F14-G14 -> 0.01 | I14: " | J14: " | K14: Memb. kl. Faden
B15: 17C-0009Z | C15: " | D15: 0 | F15: 1.881 | G15: 1.868 | H15: =F15-G15 -> 0.013 | I15: " | J15: "
B16: 17C-0010Z | C16: " | D16: 0 | F16: 1.878 | G16: 1.864 | H16: =F16-G16 -> 0.014 | I16: " | J16: "
B17: 17C-0011Z-R | C17: " | D17: 0.5 | F17: 1.916 | G17: 1.906 | H17: =F17-G17 -> 0.01 | I17: MA V2- R | J17: FA701511 | K17: vormals 1308-4384
B18: 17C-0012Z-R | C18: " | D18: 0.3 | F18: 1.891 | G18: 1.879 | H18: =F18-G18 -> 0.012 | I18: MA V2- R | J18: " | K18: vormals 1308-4401
B19: 17C-0013Z-R | C19: " | D19: 0.3 | F19: 1.907 | G19: 1.894 | H19: =F19-G19 -> 0.013 | I19: MA V2- R | J19: FA701512 | K19: vormals 1412-5419
B20: 17C-0014Z | C20: " | D20: 0.2 | E20: 1.842 | F20: 5.499 | G20: 5.459 | H20: =F20-G20 -> 0.04 | I20: MU3 | J20: FA701428
C21: " | E21: 1.829
C22: " | E22: 1.828
B23: 17C-0015Z-R | C23: FA701093 | D23: 0.2 | F23: 1.919 | G23: 1.904 | H23: =F23-G23 -> 0.015 | I23: MI V2 | J23: FA701509 | K23: vormals 1509-2576
B24: 17C-0016Z-R | C24: " | D24: 0.5 | F24: 1.916 | G24: 1.904 | H24: =F24-G24 -> 0.012 | I24: MI V2 | J24: " | K24: vormals 1510-2633
B25: 17C-0017Z-R | C25: " | D25: 0.7 | F25: 1.918 | G25: 1.912 | H25: =F25-G25 -> 0.006 | I25: MI V2 | J25: FA701510 | K25: vormals 1504-2381A
B26: 17C-0018Z | C26: " | D26: 0.1 | F26: 1.881 | G26: 1.867 | H26: =F26-G26 -> 0.014 | I26: MI V3 | J26: FA701357
B27: 17C-0019Z | C27: " | D27: 0.4 | F27: 1.864 | G27: 1.85 | H27: =F27-G27 -> 0.014 | I27: " | J27: "
B28: 17C-0020Z | C28: " | D28: 0.2 | F28: 1.861 | G28: 1.847 | H28: =F28-G28 -> 0.014 | I28: " | J28: "
B29: 17C-0021Z | C29: " | D29: 0.5 | F29: 1.882 | G29: 1.866 | H29: =F29-G29 -> 0.016 | I29: " | J29: "
B30: 17C-0022Z | C30: " | D30: 0.3 | F30: 1.881 | G30: 1.866 | H30: =F30-G30 -> 0.015 | I30: " | J30: "
B31: 17C-0023Z | C31: " | D31: 0.3 | F31: 1.878 | G31: 1.864 | H31: =F31-G31 -> 0.014 | I31: " | J31: "
B32: 17C-0024Z | C32: " | D32: 0.2 | F32: 1.89 | G32: 1.876 | H32: =F32-G32 -> 0.014 | I32: " | J32: "
B33: 17C-0025Z | C33: FA701095 | D33: 0.3 | E33: 1.848 | F33: 3.702 | G33: 3.677 | H33: =F33-G33 -> 0.025 | I33: MU2 | J33: ?
C34: FA701096 | E34: 1.853
B35: 17C-0026Z | C35: " | D35: 0.3 | E35: 1.855 | F35: 3.71 | G35: 3.682 | H35: =F35-G35 -> 0.028 | I35: " | L35: ab 17C-0026Z neues Pl. Ch.-Nr 3502
C36: " | E36: 1.854
B37: 17C-0027Z | C37: " | D37: 0.5 | E37: 1.848 | F37: 3.703 | G37: 3.676 | H37: =F37-G37 -> 0.027 | I37: "
C38: " | E38: 1.855
B39: 17C-0028Z | C39: " | D39: 0.7 | E39: 1.855 | F39: 3.711 | G39: 3.69 | H39: =F39-G39 -> 0.021 | I39: "
C40: " | E40: 1.856
B41: M2-1604-077 | C41: " | D41: 0.3 | E41: 1.865 | F41: 3.736 | G41: 3.714 | H41: =F41-G41 -> 0.022 | I41: MU2 | J41: ? | K41: SS-Vliese= rostig
C42: " | E42: 1.871
B43: 17C-0029Z | C43: " | D43: 0.2 | E43: 1.855 | F43: 5.558 | G43: 5.518 | H43: =F43-G43 -> 0.04 | I43: MU3 | J43: FA701365
C44: " | E44: 1.847
C45: " | E45: 1.855
B46: 17C-0030Z | C46: " | D46: 0 | E46: 1.858 | F46: 5.583 | G46: 5.547 | H46: =F46-G46 -> 0.036 | I46: " | J46: "
C47: " | E47: 1.866
C48: " | E48: 1.859
B49: 17C-0031Z | C49: " | D49: 0.8 | E49: 1.84 | F49: 5.518 | G49: 5.495 | H49: =F49-G49 -> 0.023 | I49: " | J49: "
C50: " | E50: 1.842
C51: " | E51: 1.834
B52: 17C-0032Z | C52: FA701093 | D52: 0.2 | F52: 1.901 | G52: 1.886 | H52: =F52-G52 -> 0.015 | I52: MI V3 | J52: FA701357
B53: 17C-0033Z | C53: " | D53: 0.4 | F53: 1.897 | G53: 1.881 | H53: =F53-G53 -> 0.016 | I53: " | J53: "
B54: 17C-0034Z | C54: " | D54: 0.4 | F54: 1.897 | G54: 1.882 | H54: =F54-G54 -> 0.015 | I54: " | J54: "
B55: 17C-0035Z | C55: FA701154 | D55: 0.2 | F55: 1.904 | G55: 1.891 | H55: =F55-G55 -> 0.013 | I55: " | J55: "
B56: 17C-0036Z | C56: " | D56: 0.4 | F56: 1.907 | G56: 1.893 | H56: =F56-G56 -> 0.014 | I56: " | J56: "
B57: 17C-0037Z | C57: " | D57: 0.3 | F57: 1.904 | G57: 1.891 | H57: =F57-G57 -> 0.013 | I57: " | J57: "
B58: 17C-0038Z | C58: " | D58: 0.2 | F58: 1.91 | G58: 1.899 | H58: =F58-G58 -> 0.011 | I58: " | J58: "
B59: 17C-0039Z | C59: " | D59: 0.2 | F59: 1.901 | G59: 1.888 | H59: =F59-G59 -> 0.013 | I59: " | J59: "
B60: 17C-0040Z | C60: " | D60: 0.3 | F60: 1.9 | G60: 1.895 | H60: =F60-G60 -> 0.005 | I60: " | J60: "
B61: 17C-0041Z | C61: " | D61: 0.2 | F61: 1.897 | G61: 1.887 | H61: =F61-G61 -> 0.01 | I61: " | J61: "
B62: 17C-0042Z | C62: " | D62: 0.7 | F62: 1.899 | G62: 1.889 | H62: =F62-G62 -> 0.01 | I62: " | J62: "
B63: 17C-0043Z | C63: " | D63: 0.8 | F63: 1.895 | G63: 1.883 | H63: =F63-G63 -> 0.012 | I63: " | J63: "
... B71: 17C-0051Z | C71: " | D71: 0.7 | F71: 1.875 | G71: 1.861 | H71: =F71-G71 -> 0.014 | I71: " | J71: "
B72: 17C-0052Z | C72: FA701096 | D72: 0.7 | E72: 1.865 | F72: 5.603 | G72: 5.563 | H72: =F72-G72 -> 0.04 | I72: MU3 | J72: FA701365
C73: " | E73: 1.87 | H73: =E73-G73 -> 1.87
C74: FA701097 | E74: 1.868 | H74: =E74-G74 -> 1.868
B75: 17C-0053Z | C75: " | D75: 0.6 | E75: 1.839 | F75: 5.525 | G75: 5.483 | H75: =F75-G75 -> 0.042 | I75: " | J75: "
C76: " | E76: 1.84
C77: " | E77: 1.846
B78: M3-1606-117-R | C78: B20-0240 | D78: 0.3 | E78: 1.868 | F78: 5.645 | G78: 5.624 | H78: =F78-G78 -> 0.021 | I78: " | J78: FA701795 | K78: vormals M3-1606-117 | L78: Rost, hohe Spannung; SS H-Elektrode durch Ti ersetzt
C79: B20-0241 | E79: 1.894
C80: B20-0242 | E80: 1.882
B81: 17C-0054Z | C81: FA701097 | D81: 0.3 | E81: 1.853 | F81: 5.573 | G81: 5.532 | H81: =F81-G81 -> 0.041 | I81: MU3 | J81: FA701365
C82: " | E82: 1.854 | K82: neues Iridium
C83: " | E83: 1.865
B84: 17C-0055Z | C84: " | D84: 0.4 | E84: 1.86 | F84: 5.589 | G84: 5.553 | H84: =F84-G84 -> 0.036 | I84: " | J84: " | K84: Memb. Faden
C85: " | E85: 1.863 | K85: Memb. Faden
C86: " | E86: 1.865
B87: 17C-0056Z | C87: " | D87: 0.5 | E87: 1.888 | F87: 5.611 | G87: 5.578 | H87: =F87-G87 -> 0.033 | I87: " | J87: " | K87: neues Iridium
C88: " | E88: 1.86 | K88: neues Iridium
C89: " | E89: 1.863
B90: M1-1605-090 | C90: " | D90: 0.7 | F90: 1.874 | G90: 1.86 | H90: =F90-G90 -> 0.014 | I90: MU1 | J90: FA701826 | K90: keine neue Nr. | L90: Rost, hohe Spannung; SS H-Elektrode durch Ti ersetzt
B91: 17C-0057Z-R | C91: " | D91: 0.3 | F91: 1.896 | G91: 1.881 | H91: =F91-G91 -> 0.015 | I91: MA-V2 | J91: FA701827 | K91: vormals 1405-5017
B92: 17C-0058Z | C92: " | D92: 0.2 | E92: 1.848 | F92: 5.535 | G92: 5.492 | H92: =F92-G92 -> 0.043 | I92: MU3 | J92: FA701852
C93: " | E93: 1.851 | K93: Mem. Knapp geschn.
C94: " | E94: 1.836
B95: 17C-0059Z | C95: " | D95: 0.6 | E95: 1.847 | F95: 5.554 | G95: 5.512 | H95: =F95-G95 -> 0.042 | I95: " | J95: "
C96: " | E96: 1.855
C97: FA701098 | E97: 1.852
B98: 17C-0060Z | C98: " | D98: 0.4 | E98: 1.831 | F98: 5.507 | G98: 5.465 | H98: =F98-G98 -> 0.042 | I98: " | J98: "
C99: " | E99: 1.836
C100: " | E100: 1.84
B101: 17C-0061Z | C101: " | D101: 0.7 | E101: 1.868 | F101: 5.606 | G101: 5.572 | H101: =F101-G101 -> 0.034 | I101: " | J101: "
C102: " | E102: 1.866
C103: " | E103: 1.871
B104: 17C-0062Z | C104: " | D104: 0.4 | E104: 1.863 | F104: 5.588 | G104: 5.552 | H104: =F104-G104 -> 0.036 | I104: " | J104: "
C105: " | E105: 1.865
C106: " | E106: 1.86
B107: 17C-0063Z | C107: " | D107: 0 | E107: 1.876 | F107: 5.628 | G107: 5.59 | H107: =F107-G107 -> 0.038 | I107: " | J107: "
C108: " | E108: 1.866
...

Sheet Apr
B2: Cell # | C2: Membran # ¦ Batch # | D2: Temp Kat / [°C] | E2: Membrane V @ 13 bar/[V] | F2: Cell V @ 13 bar/[V] | G2: Cell V @ 0 bar [V] | H2: Voltage Diff. / [V] | I2: Typ | J2: FA # | K2: Bemerkungen | M2: Visum | N2: Jahr: | O2: 2017
B3: 17D-0001Z | C3: FA701154 | D3: 0.5 | F3: 1.888 | G3: 1.878 | H3: =F3-G3 -> 0.01 | I3: MI V3 | J3: FA701357
B4: 17D-0002Z | C4: " | D4: 0.7 | F4: 1.883 | G4: 1.87 | H4: =F4-G4 -> 0.013 | I4: " | J4: "
B5: 17D-0003Z | C5: " | D5: 0.4 | F5: 1.881 | G5: 1.865 | H5: =F5-G5 -> 0.016 | I5: " | J5: "
B6: 17D-0004Z | C6: FA700908 | D6: 0.4 | F6: 1.873 | G6: 1.859 | H6: =F6-G6 -> 0.014 | I6: " | J6: "
B7: 17D-0005Z | C7: " | D7: 0.6 | F7: 1.865 | G7: 1.851 | H7: =F7-G7 -> 0.014 | I7: " | J7: "
B8: 17D-0006Z | C8: " | D8: 0.3 | F8: 1.865 | G8: 1.85 | H8: =F8-G8 -> 0.015 | I8: " | J8: "
B9: 17D-0007Z | C9: " | D9: 0.2 | F9: 1.853 | G9: 1.838 | H9: =F9-G9 -> 0.015 | I9: " | J9: "
B10: 17D-0008Z | C10: " | D10: 0 | F10: 1.831 | G10: 1.818 | H10: =F10-G10 -> 0.013 | I10: " | J10: "
B11: 17D-0009Z | C11: FA701100 | H11: =F11-G11 -> 0 | I11: MU1 | J11: FA701694
B12: 17D-0010Z | C12: " | D12: 1 | F12: 1.868 | G12: 1.856 | H12: =F12-G12 -> 0.012 | I12: " | J12: "
B13: 17D-0011Z | C13: " | D13: 0.8 | F13: 1.868 | G13: 1.859 | H13: =F13-G13 -> 0.009 | I13: " | J13: "
B14: 17D-0012Z | C14: " | D14: 0.9 | F14: 1.857 | G14: 1.843 | H14: =F14-G14 -> 0.014 | I14: " | J14: " | L14: Membrane Kratzer
B15: 17D-0013Z | C15: " | D15: 0.7 | E15: 1.85 | F15: 5.559 | G15: 5.522 | H15: =F15-G15 -> 0.037 | I15: MU3 | J15: FA701857 | K15: Ersatz für M3-1512-0032
C16: " | E16: 1.853
C17: " | E17: 1.856
B18: 17D-0014Z | C18: FA700908 | D18: 0.6 | F18: 1.874 | G18: 1.865 | H18: =F18-G18 -> 0.009 | I18: MI V3 | J18: FA701150
B19: 17D-0015Z | C19: " | D19: 0.7 | F19: 1.878 | G19: 1.866 | H19: =F19-G19 -> 0.012 | I19: " | J19: "
B20: 17D-0016Z | C20: " | D20: 0.6 | F20: 1.883 | G20: 1.873 | H20: =F20-G20 -> 0.01 | I20: " | J20: "
B21: 17D-0017Z | C21: " | D21: 0.6 | F21: 1.887 | G21: 1.877 | H21: =F21-G21 -> 0.01 | I21: " | J21: "
B22: 17D-0018Z | C22: " | D22: 0.7 | F22: 1.89 | G22: 1.88 | H22: =F22-G22 -> 0.01 | I22: " | J22: "
B23: 17D-0019Z | C23: " | D23: 0.4 | F23: 1.88 | G23: 1.87 | H23: =F23-G23 -> 0.01 | I23: " | J23: "
B24: 17D-0020Z | C24: " | D24: 0.7 | F24: 1.872 | G24: 1.865 | H24: =F24-G24 -> 0.007 | I24: " | J24: "
B25: 17D-0021Z | C25: " | D25: 0.6 | F25: 1.886 | G25: 1.877 | H25: =F25-G25 -> 0.009 | I25: " | J25: " | K25: 2 kleine Flecken und kl. Kratzer | L25: / auf Spülstation Zellspannung ist >2V/ Membrane gewechselt
B26: 17D-0022Z | C26: " | D26: 0.8 | F26: 1.88 | G26: 1.87 | H26: =F26-G26 -> 0.01 | I26: " | J26: "
B27: 17D-0023Z | C27: " | D27: 0.6 | F27: 1.883 | G27: 1.877 | H27: =F27-G27 -> 0.006 | I27: " | J27: "
B28: 17D-0024Z-R | C28: FA701100 | D28: 4.4 | F28: 1.918 | G28: 1.908 | H28: =F28-G28 -> 0.01 | I28: MA-V1-R | J28: FA701902 | K28: vormals: 0811-1241A
B29: 17D-0025Z-R | C29: " | D29: 8.4 | F29: 1.912 | G29: 1.905 | H29: =F29-G29 -> 0.007 | I29: " | J29: " | K29: vormals: 0711-0099
B30: 17D-0026Z-R | C30: " | D30: 7.4 | F30: 1.913 | G30: 1.906 | H30: =F30-G30 -> 0.007 | I30: " | J30: " | K30: vormals: 0711-0101
B31: 17D-0027Z-R | C31: " | D31: 4.3 | F31: 1.893 | G31: 1.884 | H31: =F31-G31 -> 0.009 | I31: " | J31: " | K31: vormals: 1301-3808A
B32: 17D-0028Z-R | C32: FA701099 | D32: 7.6 | F32: 1.887 | G32: 1.88 | H32: =F32-G32 -> 0.007 | I32: " | J32: " | K32: vormals: 1403-4892A
B33: 17D-0029Z-R | C33: FA700908 | D33: 0.8 | F33: 1.948 | G33: 1.94 | H33: =F33-G33 -> 0.008 | I33: MI-V2-R | J33: FA701901 | K33: vormals: 1511-2639
B34: 17D-0030Z-R | C34: " | D34: 1.3 | F34: 1.941 | G34: 1.934 | H34: =F34-G34 -> 0.007 | I34: " | J34: FA701903 | K34: vormals: 1505-2269
B35: 17D-0031Z-R | C35: " | D35: 0.8 | F35: 1.937 | G35: 1.929 | H35: =F35-G35 -> 0.008 | I35: " | J35: " | K35: vormals: 1505-2396
B36: 17D-0032Z-R | C36: " | D36: 0.9 | F36: 1.934 | G36: 1.925 | H36: =F36-G36 -> 0.009 | I36: " | J36: " | K36: vormals: 1507-2484
B37: 17D-0033Z | C37: FA701408 | D37: 1.2 | F37: 1.919 | G37: 1.911 | H37: =F37-G37 -> 0.008 | I37: MI V3 | J37: FA701905 | L37: Ersatz für MI-V1 17B-0022Z-R
B38: 17D-0034Z | C38: " | D38: 1.2 | F38: 1.91 | G38: 1.904 | H38: =F38-G38 -> 0.006 | I38: " | J38: " | L38: Ersatz für MI-V1 17B-0023Z-R
B39: 17D-0035Z | C39: " | D39: 1.4 | F39: 1.914 | G39: 1.907 | H39: =F39-G39 -> 0.007 | I39: " | J39: FA701150
B40: 17D-0036Z | C40: " | D40: 1.2 | F40: 1.913 | G40: 1.905 | H40: =F40-G40 -> 0.008 | I40: " | J40: "
B41: 17D-0037Z | C41: FA701100 | D41: 15.9 | E41: 1.845 | F41: 3.697 | G41: 3.675 | H41: =F41-G41 -> 0.022 | I41: MU2 | J41: FA701904 | K41: 38.4° | L41: Ersatz für MA's-V2-R 1502-5558/ 1502-5559
C42: " | E42: 1.852
D43: 1.9 | E43: 1.872 | F43: 3.75 | G43: 3.727 | H43: =F43-G43 -> 0.023 | L43: 2. Messung mit manuel. Spülstops/ ohne Kurzschl.
E44: 1.878
B45: 17D-0038Z | C45: " | D45: 6.9 | F45: 1.864 | G45: 1.853 | H45: =F45-G45 -> 0.011 | I45: MU1 | J45: FA701151
D46: 1.5 | F46: 1.894 | G46: 1.883 | H46: =F46-G46 -> 0.011 | L46: 2. Messung mit manuel. Spülstops/ ohne Kurzschl.
B47: 17D-0039Z | C47: " | D47: 11.4 | F47: 1.858 | G47: 1.848 | H47: =F47-G47 -> 0.01 | I47: " | J47: "
D48: 1.9 | F48: 1.894 | G48: 1.884 | H48: =F48-G48 -> 0.01 | L48: 2. Messung mit manuel. Spülstops/ ohne Kurzschl.
B49: 17D-0040Z | C49: " | D49: 3.7 | F49: 1.854 | G49: 1.843 | H49: =F49-G49 -> 0.011 | I49: " | J49: "
D50: 1.1 | F50: 1.887 | G50: 1.876 | H50: =F50-G50 -> 0.011 | L50: 2. Messung mit manuel. Spülstops/ ohne Kurzschl.
B51: 17D-0041Z | C51: " | D51: 1.8 | F51: 1.85 | G51: 1.84 | H51: =F51-G51 -> 0.01 | I51: " | J51: "
D52: 1.2 | F52: 1.884 | G52: 1.874 | H52: =F52-G52 -> 0.01 | L52: 2. Messung mit manuel. Spülstops/ ohne Kurzschl.
B53: 17D-0042Z | C53: " | D53: 1.9 | F53: 1.842 | G53: 1.83 | H53: =F53-G53 -> 0.012 | I53: " | J53: "
D54: 1.2 | F54: 1.861 | G54: 1.849 | H54: =F54-G54 -> 0.012 | L54: 2. Messung mit manuel. Spülstops/ ohne Kurzschl.
B55: 17D-0043Z | C55: FA701408 | D55: 0.9 | F55: 1.941 | G55: 1.931 | H55: =F55-G55 -> 0.01 | I55: MI V3 | J55: FA701150
D56: 0.5 | F56: 1.938 | G56: 1.928 | H56: =F56-G56 -> 0.01 | L56: 2. Messung/ nach 2. Spü. mit auto. Spülstops/ ohne Kurzschl.
B57: 17D-0044Z | C57: " | D57: 0.5 | F57: 1.946 | G57: 1.938 | H57: =F57-G57 -> 0.008 | I57: " | J57: "
D58: 0.5 | F58: 1.899 | G58: 1.892 | H58: =F58-G58 -> 0.007 | L58: 2. Messung/ nach 2. Spü. mit man. Spülstops/ ohne Kurzschl.
B59: 17D-0045Z | C59: " | D59: 0.7 | F59: 1.946 | G59: 1.937 | H59: =F59-G59 -> 0.009 | I59: " | J59: "
B60: 17D-0046Z | C60: " | D60: 0.8 | F60: 1.941 | G60: 1.934 | H60: =F60-G60 -> 0.007 | I60: " | J60: "
B61: 17D-0047Z | C61: " | D61: 0.8 | F61: 1.938 | G61: 1.928 | H61: =F61-G61 -> 0.01 | I61: " | J61: " | K61: Memb.: Faden
B62: 17D-0048Z | C62: " | D62: 0.7 | F62: 1.947 | G62: 1.938 | H62: =F62-G62 -> 0.009 | I62: " | J62: "
B63: 17D-0049Z | C63: " | D63: 0.6 | F63: 1.943 | G63: 1.935 | H63: =F63-G63 -> 0.008 | I63: " | J63: "
D64: 1.1 | F64: 1.912 | G64: 1.905 | H64: =F64-G64 -> 0.007
B65: 17D-0050Z | C65: " | D65: 0.7 | F65: 1.937 | G65: 1.928 | H65: =F65-G65 -> 0.009 | I65: " | J65: "
D66: 0.8 | F66: 1.918 | G66: 1.909 | H66: =F66-G66 -> 0.009
B67: 17D-0051Z | C67: " | D67: 0.5 | F67: 1.937 | G67: 1.927 | H67: =F67-G67 -> 0.01 | I67: " | J67: "
D68: 0.7 | F68: 1.907 | G68: 1.898 | H68: =F68-G68 -> 0.009
B69: 17D-0052Z | C69: " | D69: 0.8 | F69: 1.942 | G69: 1.926 | H69: =F69-G69 -> 0.016 | I69: " | J69: " | L69: 2. Messungen
D70: 0.8 | F70: 1.912 | G70: 1.904 | H70: =F70-G70 -> 0.008
B71: 17D-0053Z-R | C71: FA701236 | D71: 2 | F71: 1.946 | G71: 1.937 | H71: =F71-G71 -> 0.009 | I71: MA-V1-R | J71: FA701908 | K71: vormals: T0706710 | L71: mit auto. Spülstops/ ohne Kurzschl.
B72: 17D-0054Z | C72: FA701408 | D72: 1.1 | F72: 1.932 | G72: 1.923 | H72: =F72-G72 -> 0.009 | I72: MI V3 | J72: FA701150 | L72: mit auto. Spülstops/ ohne Kurzschl.
B73: 17D-0055Z | C73: " | D73: 0.6 | F73: 1.926 | G73: 1.914 | H73: =F73-G73 -> 0.012 | I73: " | J73: " | L73: mit auto. Spülstops/ ohne Kurzschl.
B74: 17D-0056Z | C74: " | D74: 0.8 | F74: 1.93 | G74: 1.917 | H74: =F74-G74 -> 0.013 | I74: " | J74: " | L74: mit auto. Spülstops/ ohne Kurzschl.
B75: 17D-0057Z | C75: " | D75: 0.6 | F75: 1.912 | G75: 1.9 | H75: =F75-G75 -> 0.012 | I75: " | J75: " | L75: mit auto. Spülstops/ ohne Kurzschl.
B76: 17D-0058Z | C76: " | D76: 0.8 | F76: 1.9 | G76: 1.889 | H76: =F76-G76 -> 0.011 | I76: " | J76: " | L76: mit man. Spülstops/ ohne Kurzschl.
B77: 17D-0059Z | C77: " | D77: 0.8 | F77: 1.899 | G77: 1.889 | H77: =F77-G77 -> 0.01 | I77: " | J77: " | L77: mit man. Spülstops/ ohne Kurzschl.
B78: 17D-0060Z | C78: FA701409 | D78: 0.5 | F78: 1.884 | G78: 1.871 | H78: =F78-G78 -> 0.013 | I78: " | J78: " | L78: mit man. Spülstops/ ohne Kurzschl.
B79: 17D-0061Z | C79: " | D79: 0.5 | F79: 1.898 | G79: 1.887 | H79: =F79-G79 -> 0.011 | I79: " | J79: " | L79: mit man. Spülstops/ ohne Kurzschl.

Sheet May
B2: Cell # | C2: Membran # ¦ Batch # | D2: Temp Kat / [°C] | E2: Membrane V @ 13 bar/[V] | F2: Cell V @ 13 bar/[V] | G2: Cell V @ 0 bar [V] | H2: Voltage Diff. / [V] | I2: Typ | J2: FA # | K2: Bemerkungen | M2: Visum | N2: Jahr: | O2: 2017
B3: 17E-0001Z | C3: FA701236 | D3: 2.2 | F3: 1.904 | G3: 1.891 | H3: =F3-G3 -> 0.013 | I3: MU1 | J3: FA701151 | L3: mit auto. Spülstops/ ohne Kurzschl.
B4: 17E-0002Z | C4: " | D4: 0.9 | F4: 1.87 | G4: 1.859 | H4: =F4-G4 -> 0.011 | I4: " | J4: " | L4: mit man. Spülstops/ ohne Kurzschl.
B5: 17E-0003Z | C5: " | D5: 1.5 | F5: 1.911 | G5: 1.899 | H5: =F5-G5 -> 0.012 | I5: " | J5: " | L5: mit auto. Spülstops/ ohne Kurzschl.
B6: 17E-0004Z | C6: " | D6: 1.6 | F6: 1.889 | G6: 1.882 | H6: =F6-G6 -> 0.007 | I6: " | J6: " | L6: mit man. Spülstops/ ohne Kurzschl.
B7: 17E-0005Z | C7: " | D7: 0.9 | F7: 1.902 | G7: 1.889 | H7: =F7-G7 -> 0.013 | I7: " | J7: " | L7: mit auto. Spülstops/ ohne Kurzschl.
B8: 17E-0006Z | C8: " | D8: 0.8 | F8: 1.892 | G8: 1.881 | H8: =F8-G8 -> 0.011 | I8: " | J8: " | K8: Memb.: kleiner Faden | L8: mit man. Spülstops/ ohne Kurzschl.
B9: 17E-0007Z | C9: " | D9: 1 | F9: 1.904 | G9: 1.892 | H9: =F9-G9 -> 0.012 | I9: " | J9: " | L9: mit auto. Spülstops/ ohne Kurzschl.
B10: 17E-0008Z | C10: " | D10: 1 | F10: 1.895 | G10: 1.887 | H10: =F10-G10 -> 0.008 | I10: " | J10: " | L10: mit man. Spülstops/ ohne Kurzschl.
B11: 17E-0009Z | C11: " | D11: 3/ 20° +.. | E11: 1.882 | F11: 5.659 | G11: 5.623 | H11: =F11-G11 -> 0.036 | I11: MU3 | J11: FA701153 | K11: Temp? | L11: mit auto. Spülstops/ ohne Kurzschl.
C12: " | E12: 1.888
C13: " | E13: 1.889
B14: " | D14: 0.5 | E14: 1.855 | F14: 5.57 | G14: 5.55 | H14: =F14-G14 -> 0.02 | K14: innerhalb 30min max. 0.9° | L14: anschliessend mit man. Spülstops/ ohne Kurzschl.
E15: 1.858
E16: 1.857
B17: 17E-0010Z | C17: " | D17: 0.8 | E17: 1.881 | F17: 5.627 | G17: 5.59 | H17: =F17-G17 -> 0.037 | I17: " | J17: " | L17: mit man. Spülstops/ ohne Kurzschl.
C18: " | E18: 1.873
C19: " | E19: 1.874
B20: 17E-0011Z | C20: " | D20: 3.3 | E20: 1.89 | F20: 5.685 | G20: 5.655 | H20: =F20-G20 -> 0.03 | I20: " | J20: " | K20: Temp? | L20: mit auto. Spülstops/ ohne Kurzschl.
C21: " | E21: 1.9
C22: " | E22: 1.895
B23: " | D23: 0.6 | E23: 1.879 | F23: 5.641 | G23: 5.62 | H23: =F23-G23 -> 0.021 | K23: innerhalb 15min max. 0.7° | L23: anschliessend mit man. Spülstops/ ohne Kurzschl.
E24: 1.884
E25: 1.878
B26: 17E-0012Z | C26: " | D26: 0.4 | E26: 1.888 | F26: 5.673 | G26: 5.638 | H26: =F26-G26 -> 0.035 | I26: " | J26: " | K26: konstant 20min: 0.4-1.2° | L26: mit man. Spülstops/ ohne Kurzschl.
C27: FA701237 | E27: 1.894 | K27: ab Membrane Nr19 neues Pl. Lot-MKBJ3600 (keine Membrane mit Nr19 beschriftet)
C28: " | E28: 1.89
B29: 17E-0013Z | C29: " | D29: 0.7 | E29: 1.845 | F29: 5.547 | G29: 5.51 | H29: =F29-G29 -> 0.037 | I29: " | J29: "
C30: " | E30: 1.852
C31: " | E31: 1.85
B32: 17E-0014Z-R | C32: " | D32: 0.9 | F32: 1.908 | G32: 1.899 | H32: =F32-G32 -> 0.009 | I32: MA-V1-R | J32: FA701919 | K32: vormals: 1210-3625 | L32: Ø knapp geschnitten
B33: 17E-0015Z-R | C33: FA701236 | D33: 0.8 | F33: 1.901 | G33: 1.889 | H33: =F33-G33 -> 0.012 | I33: MA-V1-R | J33: " | K33: vormals: 1404-4671A | L33: Membrane: Rand 2mm verschoben, + kleines Punktloch
B34: 17E-0016Z-R | C34: FA701237 | D34: 1 | F34: 1.891 | G34: 1.88 | H34: =F34-G34 -> 0.011 | I34: MA-V1-R | J34: " | K34: vormals: 1409-5236A
B35: 17E-0017Z-R | C35: " | D35: 0.3 | F35: 1.918 | G35: 1.907 | H35: =F35-G35 -> 0.011 | I35: MA-V1-R | J35: FA701920 | K35: vormals: 1601-6113A
B36: 17E-0018Z-R | C36: " | D36: 0.2 | F36: 1.906 | G36: 1.894 | H36: =F36-G36 -> 0.012 | I36: MA-V1-R | J36: " | K36: vormals: 1601-6114A
B37: 17E-0019Z-R | C37: " | D37: 0.9 | F37: 1.914 | G37: 1.904 | H37: =F37-G37 -> 0.01 | I37: MA-V2-R | J37: FA701921 | K37: vormals: 1311-4621
B38: 17E-0020Z-R | C38: " | D38: 0.7 | F38: 1.908 | G38: 1.894 | H38: =F38-G38 -> 0.014 | I38: MA-V1-R | J38: FA701924 | K38: vormals: 1307-4292A
B39: 17E-0021Z-R | C39: " | D39: 0.5 | F39: 1.916 | G39: 1.905 | H39: =F39-G39 -> 0.011 | I39: MA-V1-R | J39: " | K39: vormals: 1501-5502A
B40: 17E-0022Z-R | C40: " | D40: 0.9 | F40: 1.918 | G40: 1.91 | H40: =F40-G40 -> 0.008 | I40: MA-V1-R | J40: " | K40: vormals: 1501-5503A
B41: 16J-0001Z-R | C41: B24-0396 | D41: 0.5 | E41: 1.796 | F41: 5.401 | G41: 5.38 | H41: =F41-G41 -> 0.021 | I41: MU3 | J41: ohne | K41: vormals: 16J-0001Z | L41: Spannung zu hoch
C42: B24-0397 | E42: 1.8 | L42: Membranen in Säure gereinigt,
C43: B24-0398 | E43: 1.806 | L43: laserd Discs/ PEEK-Stützringe
B44: 17E-0023Z | C44: FA701912 | D44: 0.6 | F44: 1.891 | G44: 1.882 | H44: =F44-G44 -> 0.009 | I44: MI V3 | J44: FA701900 | K44: neue NAFION-Folie
B45: 17E-0024Z | C45: FA701409 | D45: 0.4 | F45: 1.875 | G45: 1.865 | H45: =F45-G45 -> 0.01 | I45: " | J45: "
B46: 17E-0025Z | C46: FA701912 | D46: 0.5 | F46: 1.896 | G46: 1.884 | H46: =F46-G46 -> 0.012 | I46: " | J46: " | K46: neue NAFION-Folie
B47: 17E-0026Z | C47: FA701409 | D47: 0.4 | F47: 1.879 | G47: 1.869 | H47: =F47-G47 -> 0.01 | I47: " | J47: "
B48: 17E-0027Z | C48: FA701912 | D48: 0.4 | F48: 1.901 | G48: 1.89 | H48: =F48-G48 -> 0.011 | I48: " | J48: " | K48: neue NAFION-Folie
B49: 17E-0028Z | C49: FA701409 | D49: 0.4 | F49: 1.888 | G49: 1.875 | H49: =F49-G49 -> 0.013 | I49: " | J49: "
B50: 17E-0029Z | C50: FA701912 | D50: 0.8 | F50: 1.907 | G50: 1.899 | H50: =F50-G50 -> 0.008 | I50: " | J50: " | K50: neue NAFION-Folie
B51: 17E-0030Z | C51: FA701409 | D51: 0.4 | F51: 1.893 | G51: 1.882 | H51: =F51-G51 -> 0.011 | I51: " | J51: "
B52: 17E-0031Z | C52: FA701912 | D52: 0.6 | F52: 1.893 | G52: 1.882 | H52: =F52-G52 -> 0.011 | I52: " | J52: " | K52: neue NAFION-Folie
B53: 17E-0032Z | C53: FA701409 | D53: 0.7 | F53: 1.882 | G53: 1.868 | H53: =F53-G53 -> 0.014 | I53: " | J53: "
B54: 17E-0033Z | C54: FA701912 | D54: 0.3 | F54: 1.938 | G54: 1.924 | H54: =F54-G54 -> 0.014 | I54: " | J54: " | K54: neue NAFION-Folie | L54: Spülanlage "autostops" V1.0
B55: 17E-0034Z | C55: FA701409 | D55: 0.4 | F55: 1.937 | G55: 1.928 | H55: =F55-G55 -> 0.009 | I55: " | J55: " | L55: "
B56: 17E-0035Z | C56: FA701912 | D56: 0.4 | F56: 1.931 | G56: 1.921 | H56: =F56-G56 -> 0.01 | I56: " | J56: " | K56: neue NAFION-Folie | L56: "
B57: 17E-0036Z | C57: FA701409 | D57: 0.4 | F57: 1.917 | G57: 1.906 | H57: =F57-G57 -> 0.011 | I57: " | J57: " | L57: "
B58: 17E-0037Z | C58: FA701912 | D58: 0.6 | E58: 1.932/1.926 | F58: 1.955 | G58: 1.948 | H58: =F58-G58 -> 0.007 | I58: " | J58: " | K58: neue NAFION-Folie | L58: "
B59: 17E-0038Z | C59: FA701409 | D59: 0.5 | F59: 1.93 | G59: 1.918 | H59: =F59-G59 -> 0.012 | I59: " | J59: " | L59: "
B60: 17E-0039Z | C60: FA701912 | D60: 0.6 | F60: 1.94 | G60: 1.933 | H60: =F60-G60 -> 0.007 | I60: " | J60: " | K60: neue NAFION-Folie | L60: "
B61: 17E-0040Z | C61: FA701409 | D61: 0.4 | F61: 1.936 | G61: 1.928 | H61: =F61-G61 -> 0.008 | I61: " | J61: " | L61: "
B62: 17E-0041Z | C62: FA701912 | D62: 0.3 | F62: 1.906 | G62: 1.896 | H62: =F62-G62 -> 0.01 | I62: " | J62: " | K62: neue NAFION-Folie | L62: "
B63: 17E-0042Z | C63: FA701409 | D63: 0.4 | F63: 1.902 | G63: 1.895 | H63: =F63-G63 -> 0.007 | I63: " | J63: " | L63: "
B64: 17E-0043Z | C64: FA701912 | D64: 0.5 | F64: 1.895 | G64: 1.888 | H64: =F64-G64 -> 0.007 | I64: " | J64: " | K64: neue NAFION-Folie | L64: Spülanlage "autostops" V1.1
B65: 17E-0044Z | C65: FA701409 | D65: 0.4 | F65: 1.879 | G65: 1.866 | H65: =F65-G65 -> 0.013 | I65: " | J65: " | L65: "
B66: 17E-0045Z | C66: FA701912 | D66: 0.4 | F66: 1.924 | G66: 1.913 | H66: =F66-G66 -> 0.011 | I66: " | J66: " | K66: neue NAFION-Folie | L66: "
B67: 17E-0046Z | C67: FA701409 | D67: 0.3 | F67: 1.904 | G67: 1.892 | H67: =F67-G67 -> 0.012 | I67: " | J67: " | L67: "
B68: 17E-0047Z | C68: FA701912 | D68: 0.4 | F68: 1.906 | G68: 1.891 | H68: =F68-G68 -> 0.015 | I68: " | J68: " | K68: neue NAFION-Folie | L68: "
B69: 17E-0048Z | C69: FA701409 | D69: 0.4 | F69: 1.902 | G69: 1.891 | H69: =F69-G69 -> 0.011 | I69: " | J69: " | L69: "
B70: 17E-0049Z | C70: FA701912 | D70: 0.4 | F70: 1.897 | G70: 1.885 | H70: =F70-G70 -> 0.012 | I70: " | J70: " | K70: neue NAFION-Folie | L70: "
B71: 17E-0050Z | C71: FA701409 | D71: 0.5 | F71: 1.89 | G71: 1.878 | H71: =F71-G71 -> 0.012 | I71: " | J71: " | L71: "
B72: 17E-0051Z | C72: FA701912 | D72: 0.7 | F72: 1.895 | G72: 1.88 | H72: =F72-G72 -> 0.015 | I72: " | J72: FA702030 | K72: neue NAFION-Folie | L72: "
B73: 16J-0049Z-R | C73: 16J-0013M | D73: 0.7 | F73: 1.808 | G73: 1.803 | H73: =F73-G73 -> 0.005 | I73: " | J73: " | K73: 2.5V/ verschmutzt | L73: vormals: 16J-0049Z "
B74: 17E-0052Z | C74: FA701912 | D74: 0.2 | F74: 1.943 | G74: 1.932 | H74: =F74-G74 -> 0.011 | I74: " | J74: FA701900 | K74: neue NAFION-Folie | L74: Spülanlage "autostops" V1.1
B75: 17E-0053Z | C75: " | D75: 0.3 | F75: 1.926 | G75: 1.912 | H75: =F75-G75 -> 0.014 | I75: " | J75: " | K75: " | L75: "
B76: 17E-0054Z | C76: " | D76: 0.2 | F76: 1.922 | G76: 1.907 | H76: =F76-G76 -> 0.015 | I76: " | J76: " | K76: " | L76: "
B77: 17E-0055Z | C77: " | D77: 0.4 | F77: 1.933 | G77: 1.923 | H77: =F77-G77 -> 0.01 | I77: " | J77: " | K77: " | L77: "
B78: 17E-0056Z | C78: FA701409 | D78: 0.5 | F78: 1.932 | G78: 1.919 | H78: =F78-G78 -> 0.013 | I78: " | J78: " | K78: Membrane: Faden | L78: "
B79: 17E-0057Z | C79: " | D79: 0.4 | F79: 1.931 | G79: 1.92 | H79: =F79-G79 -> 0.011 | I79: " | J79: " | L79: "
B80: 17E-0058Z | C80: " | D80: 0.4 | F80: 1.916 | G80: 1.903 | H80: =F80-G80 -> 0.013 | I80: " | J80: " | L80: "
B81: 17E-0059Z | C81: " | D81: 0.6 | F81: 1.912 | G81: 1.9 | H81: =F81-G81 -> 0.012 | I81: " | J81: " | L81: "

Sheet Jun
B2: Cell # | C2: Membran # ¦ Batch # | D2: Temp Umgebung T2 / [°C] | E2: Temp Kat T1-T2 / [°C] | F2: Gasfluss / [sccm / min] | G2: Membrane V @ 13 bar/[V] | H2: Cell V @ 13 bar/[V] | I2: Cell V @ 0 bar [V] | J2: Voltage Diff. / [V] | K2: H2 Prod / [nmL/A] | L2: Typ | M2: Anzahl Layer | N2: Strom / [A] | O2: FA # | P2: Bemerkungen | R2: Visum | S2: Jahr: | T2: 2017
B3: 17F-0001Z | C3: FA701237 | G3: 1.812 | J3: =H3-I3 -> 0 | K3: =(F3*(273.15+D3)/273.15)/(M3*N3) -> 0 | L3: MU12 | M3: =VLOOKUP(L3,allgemein!$B$3:$C$11,2,FALSE) -> 12 | N3: 40 | O3: FA701186 | P3: PEEK- Stützring/ laserd Disc's
C4: " | G4: 1.806 | J4: =H4-I4 -> 0 | K4: =(F4*(273.15+D4)/273.15)/(M4*N4) -> #N/A | M4: =VLOOKUP(L4,allgemein!$B$3:$C$11,2,FALSE) -> #N/A | P4: Messung auf Spülanlage nach ca. 30 Std
C5: " | G5: 1.808 | J5: =H5-I5 -> 0 | K5: =(F5*(273.15+D5)/273.15)/(M5*N5) -> #N/A | M5: =VLOOKUP(L5,allgemein!$B$3:$C$11,2,FALSE) -> #N/A | P5: bei 30 A/ 5 bar
C6: " | G6: 1.811 | J6: =H6-I6 -> 0 | K6: =(F6*(273.15+D6)/273.15)/(M6*N6) -> #N/A | M6: =VLOOKUP(L6,allgemein!$B$3:$C$11,2,FALSE) -> #N/A
C7: " | G7: 1.814 | J7: =H7-I7 -> 0 | K7: =(F7*(273.15+D7)/273.15)/(M7*N7) -> #N/A | M7: =VLOOKUP(L7,allgemein!$B$3:$C$11,2,FALSE) -> #N/A
C8: " | G8: 1.814 | J8: =H8-I8 -> 0 | K8: =(F8*(273.15+D8)/273.15)/(M8*N8) -> #N/A | M8: =VLOOKUP(L8,allgemein!$B$3:$C$11,2,FALSE) -> #N/A
C9: " | G9: 1.825 | J9: =H9-I9 -> 0 | K9: =(F9*(273.15+D9)/273.15)/(M9*N9) -> #N/A | M9: =VLOOKUP(L9,allgemein!$B$3:$C$11,2,FALSE) -> #N/A
C10: FA701860 | G10: 1.809 | J10: =H10-I10 -> 0 | K10: =(F10*(273.15+D10)/273.15)/(M10*N10) -> #N/A | M10: =VLOOKUP(L10,allgemein!$B$3:$C$11,2,FALSE) -> #N/A
C11: " | G11: 1.818 | J11: =H11-I11 -> 0 | K11: =(F11*(273.15+D11)/273.15)/(M11*N11) -> #N/A | M11: =VLOOKUP(L11,allgemein!$B$3:$C$11,2,FALSE) -> #N/A
C12: " | G12: 1.817 | J12: =H12-I12 -> 0 | K12: =(F12*(273.15+D12)/273.15)/(M12*N12) -> #N/A | M12: =VLOOKUP(L12,allgemein!$B$3:$C$11,2,FALSE) -> #N/A
C13: " | G13: 1.817 | J13: =H13-I13 -> 0 | K13: =(F13*(273.15+D13)/273.15)/(M13*N13) -> #N/A | M13: =VLOOKUP(L13,allgemein!$B$3:$C$11,2,FALSE) -> #N/A
C14: " | G14: 1.817 | J14: =H14-I14 -> 0 | K14: =(F14*(273.15+D14)/273.15)/(M14*N14) -> #N/A | M14: =VLOOKUP(L14,allgemein!$B$3:$C$11,2,FALSE) -> #N/A
B15: 17F-0002Z | C15: " | D15: 26.4 | E15: 0.6 | F15: 540 | G15: 1.875 | H15: 3.751 | I15: 3.725 | J15: =H15-I15 -> 0.026 | K15: =(F15*(273.15+D15)/273.15)/(M15*N15) -> 7.4023888 | L15: MU2 | M15: =VLOOKUP(L15,allgemein!$B$3:$C$11,2,FALSE) -> 2 | N15: 40 | O15: FA701872 | P15: Spülanlage "autostops" V1.1; während Nacht ohne Stops
C16: " | G16: 1.876 | J16: =H16-I16 -> 0 | K16: =(F16*(273.15+D16)/273.15)/(M16*N16) -> #N/A | M16: =VLOOKUP(L16,allgemein!$B$3:$C$11,2,FALSE) -> #N/A
B17: 17F-0003Z | C17: " | D17: 26.6 | E17: 0.7 | F17: 537 | G17: 1.873 | H17: 3.743 | I17: 3.715 | J17: =H17-I17 -> 0.028 | K17: =(F17*(273.15+D17)/273.15)/(M17*N17) -> 7.3661793 | L17: MU2 | M17: =VLOOKUP(L17,allgemein!$B$3:$C$11,2,FALSE) -> 2 | N17: 40 | O17: " | P17: "
C18: " | G18: 1.87 | J18: =H18-I18 -> 0 | K18: =(F18*(273.15+D18)/273.15)/(M18*N18) -> #N/A | M18: =VLOOKUP(L18,allgemein!$B$3:$C$11,2,FALSE) -> #N/A
B19: 17F-0004Z | C19: " | D19: 26.5 | E19: 0.5 | F19: 543 | G19: 1.87 | H19: 3.746 | I19: 3.715 | J19: =H19-I19 -> 0.031 | K19: =(F19*(273.15+D19)/273.15)/(M19*N19) -> 7.4459981 | L19: MU2 | M19: =VLOOKUP(L19,allgemein!$B$3:$C$11,2,FALSE) -> 2 | N19: 40 | O19: " | P19: "
C20: " | G20: 1.875 | J20: =H20-I20 -> 0 | K20: =(F20*(273.15+D20)/273.15)/(M20*N20) -> #N/A | M20: =VLOOKUP(L20,allgemein!$B$3:$C$11,2,FALSE) -> #N/A
B21: 17F-0005Z | C21: " | D21: 26.5 | E21: 0.9 | F21: 540 | G21: 1.868 | H21: 3.736 | I21: 3.707 | J21: =H21-I21 -> 0.029 | K21: =(F21*(273.15+D21)/273.15)/(M21*N21) -> 7.40486 | L21: MU2 | M21: =VLOOKUP(L21,allgemein!$B$3:$C$11,2,FALSE) -> 2 | N21: 40 | O21: " | P21: "
C22: " | G22: 1.867 | J22: =H22-I22 -> 0 | K22: =(F22*(273.15+D22)/273.15)/(M22*N22) -> #N/A | M22: =VLOOKUP(L22,allgemein!$B$3:$C$11,2,FALSE) -> #N/A
B23: 17F-0006Z | C23: " | D23: 25.3 | E23: 1.3 | F23: 265 | H23: 1.871 | I23: 1.852 | J23: =H23-I23 -> 0.019 | K23: =(F23*(273.15+D23)/273.15)/(M23*N23) -> 7.238628 | L23: MU1 | M23: =VLOOKUP(L23,allgemein!$B$3:$C$11,2,FALSE) -> 1 | N23: 40 | O23: FA701873 | P23: "
B24: 17F-0007Z | C24: " | D24: 25.2 | E24: 1.3 | F24: 264 | H24: 1.859 | I24: 1.843 | J24: =H24-I24 -> 0.016 | K24: =(F24*(273.15+D24)/273.15)/(M24*N24) -> 7.2088962 | L24: MU1 | M24: =VLOOKUP(L24,allgemein!$B$3:$C$11,2,FALSE) -> 1 | N24: 40 | O24: " | P24: "
B25: 17F-0008Z | C25: " | D25: 25.4 | E25: 1.5 | F25: 265 | H25: 1.847 | I25: 1.832 | J25: =H25-I25 -> 0.015 | K25: =(F25*(273.15+D25)/273.15)/(M25*N25) -> 7.2410535 | L25: MU1 | M25: =VLOOKUP(L25,allgemein!$B$3:$C$11,2,FALSE) -> 1 | N25: 40 | O25: " | P25: "
B26: 17F-0009Z | C26: " | D26: 25.2 | E26: 1.1 | F26: 270 | H26: 1.848 | I26: 1.829 | J26: =H26-I26 -> 0.019 | K26: =(F26*(273.15+D26)/273.15)/(M26*N26) -> 7.3727348 | L26: MU1 | M26: =VLOOKUP(L26,allgemein!$B$3:$C$11,2,FALSE) -> 1 | N26: 40 | O26: " | P26: " | Q26: Membrane: kleiner Tropfen
B27: M1-1604-062 | C27: n/a | D27: 26.5 | E27: 0.1 | F27: 272 | G27: 1.861 | H27: 1.861 | I27: 1.853 | J27: =H27-I27 -> 0.008 | K27: =(F27*(273.15+D27)/273.15)/(M27*N27) -> 7.4597108 | L27: MU1 | M27: =VLOOKUP(L27,allgemein!$B$3:$C$11,2,FALSE) -> 1 | N27: 40 | P27: war 2.5V/ verschmutzt -Membrane in Säure-
B28: 17F-0010Z-R | C28: FA701410 | D28: 26 | E28: 0.5 | F28: 164 | H28: 1.949 | I28: 1.936 | J28: =H28-I28 -> 0.013 | K28: =(F28*(273.15+D28)/273.15)/(M28*N28) -> 7.1844188 | L28: MI_V2 | M28: =VLOOKUP(L28,allgemein!$B$3:$C$11,2,FALSE) -> 1 | N28: 25 | O28: FA702110 | P28: > 3.5V vormals: 1501-2259 | Q28: man. Spülstops
B29: 17F-0011Z | C29: " | D29: 26.1 | E29: 0.6 | F29: 166 | H29: 1.914 | I29: 1.899 | J29: =H29-I29 -> 0.015 | K29: =(F29*(273.15+D29)/273.15)/(M29*N29) -> 7.2744646 | L29: MI_V3 | M29: =VLOOKUP(L29,allgemein!$B$3:$C$11,2,FALSE) -> 1 | N29: 25 | O29: FA701900 | Q29: "
B30: 17F-0012Z | C30: " | D30: 26 | E30: 0.5 | F30: 162 | H30: 1.891 | I30: 1.875 | J30: =H30-I30 -> 0.016 | K30: =(F30*(273.15+D30)/273.15)/(M30*N30) -> 7.096804 | L30: MI_V3 | M30: =VLOOKUP(L30,allgemein!$B$3:$C$11,2,FALSE) -> 1 | N30: 25 | O30: " | Q30: "
B31: 17F-0013Z | C31: " | D31: 25.9 | E31: 0.7 | F31: 165 | H31: 1.914 | I31: 1.901 | J31: =H31-I31 -> 0.013 | K31: =(F31*(273.15+D31)/273.15)/(M31*N31) -> 7.22581 | L31: MI_V3 | M31: =VLOOKUP(L31,allgemein!$B$3:$C$11,2,FALSE) -> 1 | N31: 25 | O31: " | Q31: "
B32: 17F-0014Z | C32: " | D32: 26.2 | E32: 0.4 | F32: 163 | H32: 1.918 | I32: 1.904 | J32: =H32-I32 -> 0.014 | K32: =(F32*(273.15+D32)/273.15)/(M32*N32) -> 7.1453853 | L32: MI_V3 | M32: =VLOOKUP(L32,allgemein!$B$3:$C$11,2,FALSE) -> 1 | N32: 25 | O32: " | Q32: "
B33: 17F-0015Z | C33: " | D33: 26.8 | E33: 0.3 | F33: 162 | H33: 1.892 | I33: 1.878 | J33: =H33-I33 -> 0.014 | K33: =(F33*(273.15+D33)/273.15)/(M33*N33) -> 7.1157825 | L33: MI_V3 | M33: =VLOOKUP(L33,allgemein!$B$3:$C$11,2,FALSE) -> 1 | N33: 25 | O33: FA702080 | Q33: "
B34: 17F-0016Z | C34: " | D34: 26.7 | E34: 0.3 | F34: 171 | H34: 1.893 | I34: 1.879 | J34: =H34-I34 -> 0.014 | K34: =(F34*(273.15+D34)/273.15)/(M34*N34) -> 7.5085997 | L34: MI_V3 | M34: =VLOOKUP(L34,allgemein!$B$3:$C$11,2,FALSE) -> 1 | N34: 25 | O34: " | Q34: "
B35: 17F-0017Z | C35: " | D35: 26.8 | E35: 0.3 | F35: 162 | H35: 1.884 | I35: 1.872 | J35: =H35-I35 -> 0.012 | K35: =(F35*(273.15+D35)/273.15)/(M35*N35) -> 7.1157825 | L35: MI_V3 | M35: =VLOOKUP(L35,allgemein!$B$3:$C$11,2,FALSE) -> 1 | N35: 25 | O35: " | Q35: " (Memb: kleiner Faden)
B36: 17F-0018Z | C36: " | D36: 26.5 | E36: 0.3 | F36: 167 | H36: 1.891 | I36: 1.876 | J36: =H36-I36 -> 0.015 | K36: =(F36*(273.15+D36)/273.15)/(M36*N36) -> 7.3280688 | L36: MI_V3 | M36: =VLOOKUP(L36,allgemein!$B$3:$C$11,2,FALSE) -> 1 | N36: 25 | O36: " | Q36: "
B37: 17F-0019Z | C37: " | D37: 26.1 | E37: 0.4 | F37: 164 | H37: 1.889 | I37: 1.876 | J37: =H37-I37 -> 0.013 | K37: =(F37*(273.15+D37)/273.15)/(M37*N37) -> 7.1868204 | L37: MI_V3 | M37: =VLOOKUP(L37,allgemein!$B$3:$C$11,2,FALSE) -> 1 | N37: 25 | O37: " | Q37: "
B38: 17F-0020Z | C38: " | D38: 25.3 | E38: 1 | F38: 170 | H38: 1.887 | I38: 1.874 | J38: =H38-I38 -> 0.013 | K38: =(F38*(273.15+D38)/273.15)/(M38*N38) -> 7.4298371 | L38: MI_V3 | M38: =VLOOKUP(L38,allgemein!$B$3:$C$11,2,FALSE) -> 1 | N38: 25 | O38: " | Q38: "
B39: 17F-0021Z | C39: " | D39: 25 | E39: 0.5 | F39: 166 | H39: 1.902 | I39: 1.888 | J39: =H39-I39 -> 0.014 | K39: =(F39*(273.15+D39)/273.15)/(M39*N39) -> 7.2477247 | L39: MI_V3 | M39: =VLOOKUP(L39,allgemein!$B$3:$C$11,2,FALSE) -> 1 | N39: 25 | O39: " | Q39: "
B40: 17F-0022Z | C40: " | D40: 25 | E40: 0.3 | F40: 163 | H40: 1.907 | I40: 1.897 | J40: =H40-I40 -> 0.01 | K40: =(F40*(273.15+D40)/273.15)/(M40*N40) -> 7.1167417 | L40: MI_V3 | M40: =VLOOKUP(L40,allgemein!$B$3:$C$11,2,FALSE) -> 1 | N40: 25 | O40: " | Q40: "
B41: 17F-0023Z | C41: " | D41: 24.9 | E41: 0.3 | F41: 169 | H41: 1.901 | I41: 1.889 | J41: =H41-I41 -> 0.012 | K41: =(F41*(273.15+D41)/273.15)/(M41*N41) -> 7.3762328 | L41: MI_V3 | M41: =VLOOKUP(L41,allgemein!$B$3:$C$11,2,FALSE) -> 1 | N41: 25 | O41: " | P41: von Me. Nr. 14 Neue Filterplatte (F) | Q41: "
B42: 17F-0024Z-R | C42: FA701860 | D42: 27.3 | E42: 0.8 | F42: 264 | H42: 1.93 | I42: 1.919 | J42: =H42-I42 -> 0.011 | K42: =(F42*(273.15+D42)/273.15)/(M42*N42) -> 7.2596376 | L42: MA_V1 | M42: =VLOOKUP(L42,allgemein!$B$3:$C$11,2,FALSE) -> 1 | N42: 40 | O42: FA702111 | P42: vormals:0711-0100 | Q42: "
B43: 17F-0025Z-R | C43: " | D43: 27.3 | E43: 0.6 | F43: 267 | H43: 1.914 | I43: 1.899 | J43: =H43-I43 -> 0.015 | K43: =(F43*(273.15+D43)/273.15)/(M43*N43) -> 7.3421334 | L43: MA_V1 | M43: =VLOOKUP(L43,allgemein!$B$3:$C$11,2,FALSE) -> 1 | N43: 40 | O43: " | P43: vormals:0711-0102 | Q43: "
B44: 17F-0026Z-R | C44: " | D44: 27.3 | E44: 0.5 | F44: 264 | H44: 1.921 | I44: 1.906 | J44: =H44-I44 -> 0.015 | K44: =(F44*(273.15+D44)/273.15)/(M44*N44) -> 7.2596376 | L44: MA_V1 | M44: =VLOOKUP(L44,allgemein!$B$3:$C$11,2,FALSE) -> 1 | N44: 40 | O44: " | P44: vormals: 0907-1659A | Q44: "
B45: 17F-0027Z-R | C45: FA701861 | D45: 27 | E45: 0.8 | F45: 264 | H45: 1.921 | I45: 1.909 | J45: =H45-I45 -> 0.012 | K45: =(F45*(273.15+D45)/273.15)/(M45*N45) -> 7.2523888 | L45: MA_V1 | M45: =VLOOKUP(L45,allgemein!$B$3:$C$11,2,FALSE) -> 1 | N45: 40 | O45: " | P45: vormals: 1311-4559A | Q45: "
B46: 17F-0028Z-R | C46: " | D46: 27 | E46: 0.6 | F46: 267 | H46: 1.929 | I46: 1.917 | J46: =H46-I46 -> 0.012 | K46: =(F46*(273.15+D46)/273.15)/(M46*N46) -> 7.3348023 | L46: MA_V1 | M46: =VLOOKUP(L46,allgemein!$B$3:$C$11,2,FALSE) -> 1 | N46: 40 | O46: " | P46: vormals: 1312-4769A | Q46: "
B47: 17F-0029Z-R | C47: " | D47: 28.8 | E47: 0.3 | H47: 1.937 | I47: 1.924 | J47: =H47-I47 -> 0.013 | K47: =(F47*(273.15+D47)/273.15)/(M47*N47) -> 0 | L47: MA_V2 | M47: =VLOOKUP(L47,allgemein!$B$3:$C$11,2,FALSE) -> 1 | N47: 40 | O47: FA702112 | P47: vormals:1401-4799 | Q47: "
B48: 17F-0030Z-R | C48: " | D48: 29 | E48: 0.7 | H48: 1.935 | I48: 1.923 | J48: =H48-I48 -> 0.012 | K48: =(F48*(273.15+D48)/273.15)/(M48*N48) -> 0 | L48: MA_V2 | M48: =VLOOKUP(L48,allgemein!$B$3:$C$11,2,FALSE) -> 1 | N48: 40 | O48: " | P48: vormals:1403-4917 | Q48: "
B49: 17F-0031Z-R | C49: " | D49: 29.2 | E49: 0.6 | H49: 1.938 | I49: 1.926 | J49: =H49-I49 -> 0.012 | K49: =(F49*(273.15+D49)/273.15)/(M49*N49) -> 0 | L49: MA_V2 | M49: =VLOOKUP(L49,allgemein!$B$3:$C$11,2,FALSE) -> 1 | N49: 40 | O49: FA702113 | P49: vormals:1510-6037 | Q49: neues Platin "
B50: 17F-0032Z-R | C50: FA701410 | D50: 28.5 | E50: 0.7 | F50: 168 | H50: 1.943 | I50: 1.934 | J50: =H50-I50 -> 0.009 | K50: =(F50*(273.15+D50)/273.15)/(M50*N50) -> 7.4211532 | L50: MI_V2 | M50: =VLOOKUP(L50,allgemein!$B$3:$C$11,2,FALSE) -> 1 | N50: 25 | O50: FA702114 | P50: vormals: 1511-2651 | Q50: Mem. neue Filterplatte
B51: 17F-0033Z | C51: " | D51: 28.6 | E51: 0.8 | F51: 168 | H51: 1.908 | I51: 1.892 | J51: =H51-I51 -> 0.016 | K51: =(F51*(273.15+D51)/273.15)/(M51*N51) -> 7.4236134 | L51: MI_V3 | M51: =VLOOKUP(L51,allgemein!$B$3:$C$11,2,FALSE) -> 1 | N51: 25 | O51: FA702160 | Q51: "
B52: 17F-0034Z | C52: " | D52: 28.5 | E52: 0.6 | F52: 167 | H52: 1.904 | I52: 1.888 | J52: =H52-I52 -> 0.016 | K52: =(F52*(273.15+D52)/273.15)/(M52*N52) -> 7.3769797 | L52: MI_V3 | M52: =VLOOKUP(L52,allgemein!$B$3:$C$11,2,FALSE) -> 1 | N52: 25 | O52: " | Q52: "
B53: 17F-0035Z | C53: FA701861 | D53: 29.6 | E53: 0.6 | G53: 1.87 | H53: 3.744 | I53: 3.717 | J53: =H53-I53 -> 0.027 | K53: =(F53*(273.15+D53)/273.15)/(M53*N53) -> 0 | L53: MU2 | M53: =VLOOKUP(L53,allgemein!$B$3:$C$11,2,FALSE) -> 2 | N53: 40 | O53: FA702057 | Q53: neues Platin
C54: " | G54: 1.874 | J54: =H54-I54 -> 0 | Q54: "
B55: 17F-0036Z | C55: " | D55: 29.5 | E55: 0.8 | G55: 1.879 | H55: 3.753 | I55: 3.726 | J55: =H55-I55 -> 0.027 | K55: =(F55*(273.15+D55)/273.15)/(M55*N55) -> 0 | L55: MU2 | M55: =VLOOKUP(L55,allgemein!$B$3:$C$11,2,FALSE) -> 2 | N55: 40 | O55: " | Q55: "
C56: " | G56: 1.874 | Q56: neues Platin/ neue Nafion-Lösung
B57: 17F-0037Z | C57: " | D57: 29.3 | E57: 0.7 | G57: 1.87 | H57: 3.749 | I57: 3.723 | J57: =H57-I57 -> 0.026 | K57: =(F57*(273.15+D57)/273.15)/(M57*N57) -> 0 | L57: MU2 | M57: =VLOOKUP(L57,allgemein!$B$3:$C$11,2,FALSE) -> 2 | N57: 40 | O57: " | Q57: "
C58: " | G58: 1.879 | Q58: "
B59: 17F-0038Z | C59: " | D59: 29.7 | E59: 1.4 | G59: 1.857 | H59: 3.714 | I59: 3.699 | J59: =H59-I59 -> 0.015 | K59: =(F59*(273.15+D59)/273.15)/(M59*N59) -> 0 | L59: MU2 | M59: =VLOOKUP(L59,allgemein!$B$3:$C$11,2,FALSE) -> 2 | N59: 40 | O59: " | Q59: "
C60: " | G60: 1.857 | Q60: "
B61: 17F-0039Z | D61: 30.3 | E61: 1.2 | G61: 1.826 | H61: 3.651 | I61: 3.628 | J61: =H61-I61 -> 0.023 | K61: =(F61*(273.15+D61)/273.15)/(M61*N61) -> 0 | L61: MU2 | M61: =VLOOKUP(L61,allgemein!$B$3:$C$11,2,FALSE) -> 2 | N61: 40 | O61: " | Q61: "
G62: 1.825 | Q62: "
B63: 17F-0040Z | C63: " | D63: 30.5 | E63: 2 | G63: 1.85 | H63: 3.703 | I63: 3.682 | J63: =H63-I63 -> 0.021 | K63: =(F63*(273.15+D63)/273.15)/(M63*N63) -> 0 | L63: MU2 | M63: =VLOOKUP(L63,allgemein!$B$3:$C$11,2,FALSE) -> 2 | N63: 40 | O63: FA702159 | Q63: "
C64: " | G64: 1.853 | Q64: "
B65: 17F-0041Z | C65: " | D65: 30 | E65: 2.2 | G65: 1.869 | H65: 5.582 | I65: 5.549 | J65: =H65-I65 -> 0.033 | K65: =(F65*(273.15+D65)/273.15)/(M65*N65) -> 0 | L65: MU3 | M65: =VLOOKUP(L65,allgemein!$B$3:$C$11,2,FALSE) -> 3 | N65: 40 | O65: FA701983 | Q65: "
C66: " | G66: 1.86 | Q66: "
C67: FA701862 | G67: 1.853 | Q67: neues Platin/ neue Nafion-Lösung/
B68: 17F-0042Z | C68: " | D68: 30.2 | E68: 1.3 | G68: 1.85 | H68: 5.56 | I68: 5.525 | J68: =H68-I68 -> 0.035 | K68: =(F68*(273.15+D68)/273.15)/(M68*N68) -> 0 | L68: MU3 | M68: =VLOOKUP(L68,allgemein!$B$3:$C$11,2,FALSE) -> 3 | N68: 40 | Q68: neue Nafion-Folie
C69: " | G69: 1.853 | Q69: "
C70: " | G70: 1.857 | Q70: "
B71: 17F-0043Z | C71: " | D71: 29.9 | E71: 0.8 | G71: 1.847 | H71: 5.538 | I71: 5.503 | J71: =H71-I71 -> 0.035 | K71: =(F71*(273.15+D71)/273.15)/(M71*N71) -> 0 | L71: MU3 | M71: =VLOOKUP(L71,allgemein!$B$3:$C$11,2,FALSE) -> 3 | N71: 40 | Q71: "
C72: " | G72: 1.843 | Q72: "
C73: " | G73: 1.848 | Q73: "
B74: 17F-0044Z | C74: " | D74: 29.9 | E74: 1.2 | G74: 1.856 | H74: 5.57 | I74: 5.534 | J74: =H74-I74 -> 0.036 | K74: =(F74*(273.15+D74)/273.15)/(M74*N74) -> 0 | L74: MU3 | M74: =VLOOKUP(L74,allgemein!$B$3:$C$11,2,FALSE) -> 3 | N74: 40 | Q74: "
C75: " | G75: 1.857 | Q75: "
C76: " | G76: 1.857 | Q76: "
B77: 17F-0045Z | C77: " | D77: 30.1 | E77: 0.8 | H77: 1.861 | I77: 1.848 | J77: =H77-I77 -> 0.013 | K77: =(F77*(273.15+D77)/273.15)/(M77*N77) -> #DIV/0! | L77: MU1 | M77: =VLOOKUP(L77,allgemein!$B$3:$C$11,2,FALSE) -> 1 | O77: FA702255 | Q77: "
J78: =H78-I78 -> 0 | K78: =(F78*(273.15+D78)/273.15)/(M78*N78) -> #N/A | M78: =VLOOKUP(L78,allgemein!$B$3:$C$11,2,FALSE) -> #N/A
J79: =H79-I79 -> 0 | K79: =(F79*(273.15+D79)/273.15)/(M79*N79) -> #N/A | M79: =VLOOKUP(L79,allgemein!$B$3:$C$11,2,FALSE) -> #N/A
J80: =H80-I80 -> 0 | K80: =(F80*(273.15+D80)/273.15)/(M80*N80) -> #N/A | M80: =VLOOKUP(L80,allgemein!$B$3:$C$11,2,FALSE) -> #N/A
J81: =H81-I81 -> 0 | K81: =(F81*(273.15+D81)/273.15)/(M81*N81) -> #N/A | M81: =VLOOKUP(L81,allgemein!$B$3:$C$11,2,FALSE) -> #N/A
J82: =H82-I82 -> 0 | K82: =(F82*(273.15+D82)/273.15)/(M82*N82) -> #N/A | M82: =VLOOKUP(L82,allgemein!$B$3:$C$11,2,FALSE) -> #N/A
J83: =H83-I83 -> 0 | K83: =(F83*(273.15+D83)/273.15)/(M83*N83) -> #N/A | M83: =VLOOKUP(L83,allgemein!$B$3:$C$11,2,FALSE) -> #N/A
J84: =H84-I84 -> 0 | K84: =(F84*(273.15+D84)/273.15)/(M84*N84) -> #N/A | M84: =VLOOKUP(L84,allgemein!$B$3:$C$11,2,FALSE) -> #N/A
J85: =H85-I85 -> 0 | K85: =(F85*(273.15+D85)/273.15)/(M85*N85) -> #N/A | M85: =VLOOKUP(L85,allgemein!$B$3:$C$11,2,FALSE) -> #N/A
J86: =H86-I86 -> 0 | K86: =(F86*(273.15+D86)/273.15)/(M86*N86) -> #N/A | M86: =VLOOKUP(L86,allgemein!$B$3:$C$11,2,FALSE) -> #N/A
J87: =H87-I87 -> 0 | K87: =(F87*(273.15+D87)/273.15)/(M87*N87) -> #N/A | M87: =VLOOKUP(L87,allgemein!$B$3:$C$11,2,FALSE) -> #N/A
J88: =H88-I88 -> 0 | K88: =(F88*(273.15+D88)/273.15)/(M88*N88) -> #N/A | M88: =VLOOKUP(L88,allgemein!$B$3:$C$11,2,FALSE) -> #N/A
J89: =H89-I89 -> 0 | K89: =(F89*(273.15+D89)/273.15)/(M89*N89) -> #N/A | M89: =VLOOKUP(L89,allgemein!$B$3:$C$11,2,FALSE) -> #N/A
... J143: =H143-I143 -> 0 | K143: =(F143*(273.15+D143)/273.15)/(M143*N143) -> #N/A | M143: =VLOOKUP(L143,allgemein!$B$3:$C$11,2,FALSE) -> #N/A

Sheet Jul
B2: Cell # | C2: Membran # ¦ Batch # | D2: Temp Umgebung T2 / [°C] | E2: Temp Kat T1-T2 / [°C] | F2: Gasfluss / [sccm / min] | G2: Membrane V @ 13 bar/[V] | H2: Cell V @ 13 bar/[V] | I2: Cell V @ 0 bar [V] | J2: Voltage Diff. / [V] | K2: H2 Prod / [nmL/A] | L2: Typ | M2: Anzahl Layer | N2: Strom / [A] | O2: FA # | P2: Bemerkungen | R2: Visum | S2: Jahr: | T2: 2017
B3: 17B-0035Z-R | C3: FA700977 | D3: 28.3 | E3: 0.5 | G3: 1.831 | H3: 3.677 | I3: 3.655 | J3: =H3-I3 -> 0.022 | K3: =(F3*(273.15+D3)/273.15)/(M3*N3) -> 0 | L3: MU2 | M3: =VLOOKUP(L3,allgemein!$B$3:$C$11,2,FALSE) -> 2 | N3: 40 | O3: FA702313 | P3: vormals: 17B-0035Z
C4: FA701862 | G4: 1.845
B5: 17G-0001Z-R | C5: " | D5: 28.6 | E5: 0.5 | H5: 1.909 | I5: 1.894 | J5: =H5-I5 -> 0.015 | K5: =(F5*(273.15+D5)/273.15)/(M5*N5) -> 0 | L5: MA_V2 | M5: =VLOOKUP(L5,allgemein!$B$3:$C$11,2,FALSE) -> 1 | N5: 40 | O5: FA702312 | P5: vormals: 1510-6043
B6: 17G-0002Z | C6: " | D6: 28.6 | E6: 0.7 | G6: 1.843 | H6: 5.525 | I6: 5.482 | J6: =H6-I6 -> 0.043 | K6: =(F6*(273.15+D6)/273.15)/(M6*N6) -> 0 | L6: MU3 | M6: =VLOOKUP(L6,allgemein!$B$3:$C$11,2,FALSE) -> 3 | N6: 40 | O6: FA701983
C7: " | G7: 1.844
C8: " | G8: 1.837
B9: 17G-0003Z | C9: " | D9: 28.7 | E9: 0.3 | G9: 1.862 | H9: 5.584 | I9: 5.544 | J9: =H9-I9 -> 0.04 | K9: =(F9*(273.15+D9)/273.15)/(M9*N9) -> 0 | L9: MU3 | M9: =VLOOKUP(L9,allgemein!$B$3:$C$11,2,FALSE) -> 3 | N9: 40 | O9: "
C10: " | G10: 1.859
C11: " | G11: 1.862
B12: 17G-0004Z | C12: FA701863 | D12: 28.6 | E12: 0.2 | G12: 1.868 | H12: 5.613 | I12: 5.577 | J12: =H12-I12 -> 0.036 | K12: =(F12*(273.15+D12)/273.15)/(M12*N12) -> 0 | L12: MU3 | M12: =VLOOKUP(L12,allgemein!$B$3:$C$11,2,FALSE) -> 3 | N12: 40 | O12: "
C13: " | G13: 1.869
C14: " | G14: 1.876
B15: 17G-0005Z | C15: " | D15: 28 | E15: 0.1 | G15: 1.875 | H15: 5.624 | I15: 5.583 | J15: =H15-I15 -> 0.041 | K15: =(F15*(273.15+D15)/273.15)/(M15*N15) -> 0 | L15: MU3 | M15: =VLOOKUP(L15,allgemein!$B$3:$C$11,2,FALSE) -> 3 | N15: 40 | O15: "
C16: " | G16: 1.872
C17: " | G17: 1.876
B18: 17G-0006Z | C18: " | D18: 29.2 | E18: 0.9 | H18: 1.87 | I18: 1.86 | J18: =H18-I18 -> 0.01 | K18: =(F18*(273.15+D18)/273.15)/(M18*N18) -> 0 | L18: MU1 | M18: =VLOOKUP(L18,allgemein!$B$3:$C$11,2,FALSE) -> 1 | N18: 40 | O18: FA701910
B19: 17G-0007Z | C19: " | D19: 28.9 | E19: 0.5 | H19: 1.883 | I19: 1.869 | J19: =H19-I19 -> 0.014 | K19: =(F19*(273.15+D19)/273.15)/(M19*N19) -> 0 | L19: MU1 | M19: =VLOOKUP(L19,allgemein!$B$3:$C$11,2,FALSE) -> 1 | N19: 40 | O19: "
B20: 17G-0008Z | C20: " | D20: 28.9 | E20: 0.4 | H20: 1.888 | I20: 1.876 | J20: =H20-I20 -> 0.012 | K20: =(F20*(273.15+D20)/273.15)/(M20*N20) -> 0 | L20: MU1 | M20: =VLOOKUP(L20,allgemein!$B$3:$C$11,2,FALSE) -> 1 | N20: 40 | O20: "
B21: 17G-0009Z | C21: " | D21: 28.9 | E21: 0.7 | H21: 1.887 | I21: 1.873 | J21: =H21-I21 -> 0.014 | K21: =(F21*(273.15+D21)/273.15)/(M21*N21) -> 0 | L21: MU1 | M21: =VLOOKUP(L21,allgemein!$B$3:$C$11,2,FALSE) -> 1 | N21: 40 | O21: "
B22: 17G-0010Z | C22: " | D22: 28.8 | E22: 0.7 | H22: 1.883 | I22: 1.868 | J22: =H22-I22 -> 0.015 | K22: =(F22*(273.15+D22)/273.15)/(M22*N22) -> 0 | L22: MU1 | M22: =VLOOKUP(L22,allgemein!$B$3:$C$11,2,FALSE) -> 1 | N22: 40 | O22: "
B23: 17G-0011Z | C23: " | D23: 28.8 | E23: 0.5 | H23: 1.878 | I23: 1.866 | J23: =H23-I23 -> 0.012 | K23: =(F23*(273.15+D23)/273.15)/(M23*N23) -> 0 | L23: MU1 | M23: =VLOOKUP(L23,allgemein!$B$3:$C$11,2,FALSE) -> 1 | N23: 40 | O23: "
B24: 17G-0012Z | C24: " | D24: 29 | E24: 0.5 | H24: 1.875 | I24: 1.863 | J24: =H24-I24 -> 0.012 | K24: =(F24*(273.15+D24)/273.15)/(M24*N24) -> 0 | L24: MU1 | M24: =VLOOKUP(L24,allgemein!$B$3:$C$11,2,FALSE) -> 1 | N24: 40 | O24: "
B25: 17G-0013Z | C25: " | D25: 29 | E25: 0.8 | H25: 1.863 | I25: 1.85 | J25: =H25-I25 -> 0.013 | K25: =(F25*(273.15+D25)/273.15)/(M25*N25) -> 0 | L25: MU1 | M25: =VLOOKUP(L25,allgemein!$B$3:$C$11,2,FALSE) -> 1 | N25: 40 | O25: " | P25: H-seitig lasered Disc
B26: 17G-0014Z | C26: " | D26: 29.1 | E26: 0.8 | H26: 1.854 | I26: 1.843 | J26: =H26-I26 -> 0.011 | K26: =(F26*(273.15+D26)/273.15)/(M26*N26) -> 0 | L26: MU1 | M26: =VLOOKUP(L26,allgemein!$B$3:$C$11,2,FALSE) -> 1 | N26: 40 | O26: " | P26: "
B27: 17G-0015Z | C27: " | D27: 27.8 | E27: 0.8 | H27: 1.885 | I27: 1.872 | J27: =H27-I27 -> 0.013 | K27: =(F27*(273.15+D27)/273.15)/(M27*N27) -> 0 | L27: MU1 | M27: =VLOOKUP(L27,allgemein!$B$3:$C$11,2,FALSE) -> 1 | N27: 40 | O27: " | P27: Lasered Disc's PEEK Stützring
B28: 17G-0016Z | C28: " | D28: 27.8 | E28: 0.7 | H28: 1.886 | I28: 1.871 | J28: =H28-I28 -> 0.015 | K28: =(F28*(273.15+D28)/273.15)/(M28*N28) -> 0 | L28: MU1 | M28: =VLOOKUP(L28,allgemein!$B$3:$C$11,2,FALSE) -> 1 | N28: 40 | O28: "
B29: 17G-0017Z | C29: " | D29: 27.8 | E29: 0.6 | H29: 1.883 | I29: 1.869 | J29: =H29-I29 -> 0.014 | K29: =(F29*(273.15+D29)/273.15)/(M29*N29) -> 0 | L29: MU1 | M29: =VLOOKUP(L29,allgemein!$B$3:$C$11,2,FALSE) -> 1 | N29: 40 | O29: "
B30: 17G-0018Z | C30: " | D30: 27.8 | E30: 0.8 | H30: 1.897 | I30: 1.886 | J30: =H30-I30 -> 0.011 | K30: =(F30*(273.15+D30)/273.15)/(M30*N30) -> 0 | L30: MU1 | M30: =VLOOKUP(L30,allgemein!$B$3:$C$11,2,FALSE) -> 1 | N30: 40 | O30: "
B31: 17G-0019Z | C31: " | D31: 27.7 | E31: 0.7 | H31: 1.886 | I31: 1.874 | J31: =H31-I31 -> 0.012 | K31: =(F31*(273.15+D31)/273.15)/(M31*N31) -> 0 | L31: MU1 | M31: =VLOOKUP(L31,allgemein!$B$3:$C$11,2,FALSE) -> 1 | N31: 40 | O31: "
B32: 17G-0020Z | C32: FA701864 | D32: 27.3 | E32: 0.3 | H32: 1.891 | I32: 1.878 | J32: =H32-I32 -> 0.013 | K32: =(F32*(273.15+D32)/273.15)/(M32*N32) -> 0 | L32: MU1 | M32: =VLOOKUP(L32,allgemein!$B$3:$C$11,2,FALSE) -> 1 | N32: 40 | O32: " | P32: Alle Mem. leicht transparente Stellen
B33: 17G-0021Z | C33: " | D33: 27.9 | E33: 1 | H33: 1.867 | I33: 1.857 | J33: =H33-I33 -> 0.01 | K33: =(F33*(273.15+D33)/273.15)/(M33*N33) -> 0 | L33: MU1 | M33: =VLOOKUP(L33,allgemein!$B$3:$C$11,2,FALSE) -> 1 | N33: 40 | O33: " | P33: "
B34: 17G-0022Z | C34: " | D34: 27.1 | E34: 0.3 | H34: 1.872 | I34: 1.86 | J34: =H34-I34 -> 0.012 | K34: =(F34*(273.15+D34)/273.15)/(M34*N34) -> 0 | L34: MU1 | M34: =VLOOKUP(L34,allgemein!$B$3:$C$11,2,FALSE) -> 1 | N34: 40 | O34: " | P34: "
B35: 17G-0023Z | C35: " | D35: 26.9 | E35: 0.4 | H35: 1.88 | I35: 1.869 | J35: =H35-I35 -> 0.011 | K35: =(F35*(273.15+D35)/273.15)/(M35*N35) -> 0 | L35: MU1 | M35: =VLOOKUP(L35,allgemein!$B$3:$C$11,2,FALSE) -> 1 | N35: 40 | O35: " | P35: "
B36: 17C-0030Z | C36: FA701096 | D36: 28.6 | E36: 0 | G36: 1.741 | H36: 5.237 | I36: 5.212 | J36: =H36-I36 -> 0.025 | K36: =(F36*(273.15+D36)/273.15)/(M36*N36) -> 0 | L36: MU3 | M36: =VLOOKUP(L36,allgemein!$B$3:$C$11,2,FALSE) -> 3 | N36: 40 | O36: ohne | P36: nur Nachmessung
C37: " | G37: 1.748
C38: " | G38: 1.748
B39: 17G-0024Z | C39: FA701410 | D39: 28.7 | E39: 0.7 | H39: 1.855 | I39: 1.838 | J39: =H39-I39 -> 0.017 | K39: =(F39*(273.15+D39)/273.15)/(M39*N39) -> 0 | L39: MI_V3 | M39: =VLOOKUP(L39,allgemein!$B$3:$C$11,2,FALSE) -> 1 | N39: 25 | O39: FA701954
B40: 17G-0025Z | C40: " | D40: 28.6 | E40: 0.6 | H40: 1.87 | I40: 1.852 | J40: =H40-I40 -> 0.018 | K40: =(F40*(273.15+D40)/273.15)/(M40*N40) -> 0 | L40: MI_V3 | M40: =VLOOKUP(L40,allgemein!$B$3:$C$11,2,FALSE) -> 1 | N40: 25 | O40: "
B41: 17G-0026Z | C41: " | D41: 28.8 | E41: 0.8 | H41: 1.882 | I41: 1.87 | J41: =H41-I41 -> 0.012 | K41: =(F41*(273.15+D41)/273.15)/(M41*N41) -> 0 | L41: MI_V3 | M41: =VLOOKUP(L41,allgemein!$B$3:$C$11,2,FALSE) -> 1 | N41: 25 | O41: "
B42: 17G-0027Z | C42: FA701907 | D42: 28.5 | E42: 0.5 | H42: 1.892 | I42: 1.874 | J42: =H42-I42 -> 0.018 | K42: =(F42*(273.15+D42)/273.15)/(M42*N42) -> 0 | L42: MI_V3 | M42: =VLOOKUP(L42,allgemein!$B$3:$C$11,2,FALSE) -> 1 | N42: 25 | O42: "
B43: 17G-0028Z | C43: " | D43: 28.3 | E43: 0.3 | H43: 1.897 | I43: 1.876 | J43: =H43-I43 -> 0.021 | K43: =(F43*(273.15+D43)/273.15)/(M43*N43) -> 0 | L43: MI_V3 | M43: =VLOOKUP(L43,allgemein!$B$3:$C$11,2,FALSE) -> 1 | N43: 25 | O43: "
B44: " | C44: " | D44: 28.5 | E44: 0.1 | H44: 1.898 | I44: 1.881 | J44: =H44-I44 -> 0.017 | K44: =(F44*(273.15+D44)/273.15)/(M44*N44) -> 0 | L44: MI_V3 | M44: =VLOOKUP(L44,allgemein!$B$3:$C$11,2,FALSE) -> 1 | N44: 25
B45: " | C45: I24-3094 | D45: 34.5 | E45: 6.3 | H45: 1.954 | I45: 1.945 | J45: =H45-I45 -> 0.009 | K45: =(F45*(273.15+D45)/273.15)/(M45*N45) -> 0 | L45: MI_V3 | M45: =VLOOKUP(L45,allgemein!$B$3:$C$11,2,FALSE) -> 1 | N45: 25 | P45: nicht gespült
B46: " | C46: " | D46: 36.3 | E46: 8.1 | H46: 1.94 | I46: 1.931 | J46: =H46-I46 -> 0.009 | K46: =(F46*(273.15+D46)/273.15)/(M46*N46) -> 0 | L46: MI_V3 | M46: =VLOOKUP(L46,allgemein!$B$3:$C$11,2,FALSE) -> 1 | N46: 25 | P46: "
B47: " | C47: " | D47: 26.9 | E47: 0.5 | H47: 1.916 | I47: 1.911 | J47: =H47-I47 -> 0.005 | K47: =(F47*(273.15+D47)/273.15)/(M47*N47) -> 0 | L47: MI_V3 | M47: =VLOOKUP(L47,allgemein!$B$3:$C$11,2,FALSE) -> 1 | N47: 25 | P47: gespült
B48: " | C48: FA701907 | D48: 25.5 | E48: 0.3 | H48: 1.901 | I48: 1.889 | J48: =H48-I48 -> 0.012 | K48: =(F48*(273.15+D48)/273.15)/(M48*N48) -> 0 | L48: MI_V3 | M48: =VLOOKUP(L48,allgemein!$B$3:$C$11,2,FALSE) -> 1 | N48: 25 | P48: Mem. wie oben
B49: 17G-0029Z | C49: " | D49: 28.3 | E49: 0.3 | H49: 1.877 | I49: 1.858 | J49: =H49-I49 -> 0.019 | K49: =(F49*(273.15+D49)/273.15)/(M49*N49) -> 0 | L49: MI_V3 | M49: =VLOOKUP(L49,allgemein!$B$3:$C$11,2,FALSE) -> 1 | N49: 25 | O49: "
B50: 17G-0030Z | C50: " | D50: 28.3 | E50: 0.2 | H50: 1.894 | I50: 1.876 | J50: =H50-I50 -> 0.018 | K50: =(F50*(273.15+D50)/273.15)/(M50*N50) -> 0 | L50: MI_V3 | M50: =VLOOKUP(L50,allgemein!$B$3:$C$11,2,FALSE) -> 1 | N50: 25 | O50: "
B51: 17G-0031Z | C51: " | D51: 28.4 | E51: 0.2 | H51: 1.889 | I51: 1.869 | J51: =H51-I51 -> 0.02 | K51: =(F51*(273.15+D51)/273.15)/(M51*N51) -> 0 | L51: MI_V3 | M51: =VLOOKUP(L51,allgemein!$B$3:$C$11,2,FALSE) -> 1 | N51: 25 | O51: "
B52: 17G-0032Z | C52: " | D52: 28.4 | E52: 0.2 | H52: 1.879 | I52: 1.862 | J52: =H52-I52 -> 0.017 | K52: =(F52*(273.15+D52)/273.15)/(M52*N52) -> 0 | L52: MI_V3 | M52: =VLOOKUP(L52,allgemein!$B$3:$C$11,2,FALSE) -> 1 | N52: 25 | O52: "
B53: 17G-0033Z | C53: " | D53: 28.4 | E53: 0.4 | H53: 1.907 | I53: 1.889 | J53: =H53-I53 -> 0.018 | K53: =(F53*(273.15+D53)/273.15)/(M53*N53) -> 0 | L53: MI_V3 | M53: =VLOOKUP(L53,allgemein!$B$3:$C$11,2,FALSE) -> 1 | N53: 25 | O53: "
B54: 17G-0034Z | C54: " | D54: 26.5 | E54: 0.2 | H54: 1.888 | I54: 1.871 | J54: =H54-I54 -> 0.017 | K54: =(F54*(273.15+D54)/273.15)/(M54*N54) -> 0 | L54: MI_V3 | M54: =VLOOKUP(L54,allgemein!$B$3:$C$11,2,FALSE) -> 1 | N54: 25 | O54: "
B55: 17G-0035Z | C55: " | D55: 26.6 | E55: 0.1 | H55: 1.895 | I55: 1.88 | J55: =H55-I55 -> 0.015 | K55: =(F55*(273.15+D55)/273.15)/(M55*N55) -> 0 | L55: MI_V3 | M55: =VLOOKUP(L55,allgemein!$B$3:$C$11,2,FALSE) -> 1 | N55: 25 | O55: "
B56: 17G-0036Z | C56: " | D56: 26.8 | E56: 0.2 | H56: 1.893 | I56: 1.876 | J56: =H56-I56 -> 0.017 | K56: =(F56*(273.15+D56)/273.15)/(M56*N56) -> 0 | L56: MI_V3 | M56: =VLOOKUP(L56,allgemein!$B$3:$C$11,2,FALSE) -> 1 | N56: 25 | O56: "
B57: 17G-0037Z | C57: " | D57: 26.9 | E57: 0.3 | H57: 1.888 | I57: 1.87 | J57: =H57-I57 -> 0.018 | K57: =(F57*(273.15+D57)/273.15)/(M57*N57) -> 0 | L57: MI_V3 | M57: =VLOOKUP(L57,allgemein!$B$3:$C$11,2,FALSE) -> 1 | N57: 25 | O57: "
B58: 17G-0038Z | C58: " | D58: 27 | E58: 0.2 | H58: 1.902 | I58: 1.886 | J58: =H58-I58 -> 0.016 | K58: =(F58*(273.15+D58)/273.15)/(M58*N58) -> 0 | L58: MI_V3 | M58: =VLOOKUP(L58,allgemein!$B$3:$C$11,2,FALSE) -> 1 | N58: 25 | O58: "
B59: 17G-0039Z | C59: " | D59: 27 | E59: 0.1 | H59: 1.883 | I59: 1.869 | J59: =H59-I59 -> 0.014 | K59: =(F59*(273.15+D59)/273.15)/(M59*N59) -> 0 | L59: MI_V3 | M59: =VLOOKUP(L59,allgemein!$B$3:$C$11,2,FALSE) -> 1 | N59: 25 | O59: "
B60: 17G-0040Z | C60: " | D60: 27.7 | E60: 0.6 | H60: 1.889 | I60: 1.88 | J60: =H60-I60 -> 0.009 | K60: =(F60*(273.15+D60)/273.15)/(M60*N60) -> 0 | L60: MI_V3 | M60: =VLOOKUP(L60,allgemein!$B$3:$C$11,2,FALSE) -> 1 | N60: 25 | O60: "
... B69: 17G-0049Z | C69: " | D69: 29.1 | E69: 0.7 | H69: 1.871 | I69: 1.858 | J69: =H69-I69 -> 0.013 | K69: =(F69*(273.15+D69)/273.15)/(M69*N69) -> 0 | L69: MI_V3 | M69: =VLOOKUP(L69,allgemein!$B$3:$C$11,2,FALSE) -> 1 | N69: 25 | O69: "
B70: 17G-0050Z | C70: " | D70: 28.9 | E70: 0.5 | H70: 1.888 | I70: 1.874 | J70: =H70-I70 -> 0.014 | K70: =(F70*(273.15+D70)/273.15)/(M70*N70) -> 0 | L70: MI_V3 | M70: =VLOOKUP(L70,allgemein!$B$3:$C$11,2,FALSE) -> 1 | N70: 25 | O70: " | P70: Mem. kleine Punktlöcher
B71: 17G-0051Z | C71: " | D71: 28.9 | E71: 0.6 | H71: 1.893 | I71: 1.88 | J71: =H71-I71 -> 0.013 | K71: =(F71*(273.15+D71)/273.15)/(M71*N71) -> 0 | L71: MI_V3 | M71: =VLOOKUP(L71,allgemein!$B$3:$C$11,2,FALSE) -> 1 | N71: 25 | O71: "
B72: 17G-0052Z | C72: " | D72: 28.8 | E72: 0.4 | H72: 1.885 | I72: 1.872 | J72: =H72-I72 -> 0.013 | K72: =(F72*(273.15+D72)/273.15)/(M72*N72) -> 0 | L72: MI_V3 | M72: =VLOOKUP(L72,allgemein!$B$3:$C$11,2,FALSE) -> 1 | N72: 25 | O72: "
B73: 17G-0053Z | C73: " | D73: 28.8 | E73: 0.3 | H73: 1.884 | I73: 1.872 | J73: =H73-I73 -> 0.012 | K73: =(F73*(273.15+D73)/273.15)/(M73*N73) -> 0 | L73: MI_V3 | M73: =VLOOKUP(L73,allgemein!$B$3:$C$11,2,FALSE) -> 1 | N73: 25 | O73: "
B74: 17G-0054Z | C74: " | D74: 28.9 | E74: 0.4 | H74: 1.883 | I74: 1.875 | J74: =H74-I74 -> 0.008 | K74: =(F74*(273.15+D74)/273.15)/(M74*N74) -> 0 | L74: MI_V3 | M74: =VLOOKUP(L74,allgemein!$B$3:$C$11,2,FALSE) -> 1 | N74: 25 | O74: FA702033
B75: 17G-0055Z | C75: " | D75: 25.6 | E75: 0.3 | H75: 1.894 | I75: 1.886 | J75: =H75-I75 -> 0.008 | K75: =(F75*(273.15+D75)/273.15)/(M75*N75) -> 0 | L75: MI_V3 | M75: =VLOOKUP(L75,allgemein!$B$3:$C$11,2,FALSE) -> 1 | N75: 25 | O75: "
B76: 17G-0056Z | C76: " | D76: 25.5 | E76: 0.2 | H76: 1.899 | I76: 1.888 | J76: =H76-I76 -> 0.011 | K76: =(F76*(273.15+D76)/273.15)/(M76*N76) -> 0 | L76: MI_V3 | M76: =VLOOKUP(L76,allgemein!$B$3:$C$11,2,FALSE) -> 1 | N76: 25 | O76: "
B77: 17G-0057Z | C77: " | D77: 25.6 | E77: 0.3 | H77: 1.902 | I77: 1.893 | J77: =H77-I77 -> 0.009 | K77: =(F77*(273.15+D77)/273.15)/(M77*N77) -> 0 | L77: MI_V3 | M77: =VLOOKUP(L77,allgemein!$B$3:$C$11,2,FALSE) -> 1 | N77: 25 | O77: "
B78: 17G-0058Z | C78: " | D78: 25.5 | E78: 0.3 | H78: 1.893 | I78: 1.883 | J78: =H78-I78 -> 0.01 | K78: =(F78*(273.15+D78)/273.15)/(M78*N78) -> 0 | L78: MI_V3 | M78: =VLOOKUP(L78,allgemein!$B$3:$C$11,2,FALSE) -> 1 | N78: 25 | O78: "
B79: 17G-0059Z | C79: " | D79: 25.6 | E79: 0.6 | H79: 1.906 | I79: 1.897 | J79: =H79-I79 -> 0.009 | K79: =(F79*(273.15+D79)/273.15)/(M79*N79) -> 0 | L79: MI_V3 | M79: =VLOOKUP(L79,allgemein!$B$3:$C$11,2,FALSE) -> 1 | N79: 25 | O79: "
B80: 17G-0060Z | C80: " | D80: 25.5 | E80: 0.5 | H80: 1.919 | I80: 1.908 | J80: =H80-I80 -> 0.011 | K80: =(F80*(273.15+D80)/273.15)/(M80*N80) -> 0 | L80: MI_V3 | M80: =VLOOKUP(L80,allgemein!$B$3:$C$11,2,FALSE) -> 1 | N80: 25 | O80: " | P80: Lasered Disc's PEEK Stützring
B81: 17G-0061Z | C81: " | D81: 25.6 | E81: 0.3 | H81: 1.905 | I81: 1.895 | J81: =H81-I81 -> 0.01 | K81: =(F81*(273.15+D81)/273.15)/(M81*N81) -> 0 | L81: MI_V3 | M81: =VLOOKUP(L81,allgemein!$B$3:$C$11,2,FALSE) -> 1 | N81: 25 | O81: "
B82: 17G-0062Z | C82: " | D82: 26.2 | E82: 0.2 | H82: 1.881 | I82: 1.869 | J82: =H82-I82 -> 0.012 | K82: =(F82*(273.15+D82)/273.15)/(M82*N82) -> 0 | L82: MI_V3 | M82: =VLOOKUP(L82,allgemein!$B$3:$C$11,2,FALSE) -> 1 | N82: 25 | O82: "
B83: 17G-0063Z | C83: " | D83: 26.1 | E83: 0.2 | H83: 1.891 | I83: 1.879 | J83: =H83-I83 -> 0.012 | K83: =(F83*(273.15+D83)/273.15)/(M83*N83) -> 0 | L83: MI_V3 | M83: =VLOOKUP(L83,allgemein!$B$3:$C$11,2,FALSE) -> 1 | N83: 25 | O83: "
B84: 17G-0064Z | C84: " | D84: 26.2 | E84: 0.3 | H84: 1.888 | I84: 1.88 | J84: =H84-I84 -> 0.008 | K84: =(F84*(273.15+D84)/273.15)/(M84*N84) -> 0 | L84: MI_V3 | M84: =VLOOKUP(L84,allgemein!$B$3:$C$11,2,FALSE) -> 1 | N84: 25 | O84: "
B85: 17G-0065Z | C85: FA701914 | D85: 26.3 | E85: 0.3 | H85: 1.895 | I85: 1.883 | J85: =H85-I85 -> 0.012 | K85: =(F85*(273.15+D85)/273.15)/(M85*N85) -> 0 | L85: MI_V3 | M85: =VLOOKUP(L85,allgemein!$B$3:$C$11,2,FALSE) -> 1 | N85: 25 | O85: "
B86: 17G-0066Z | C86: " | D86: 26.5 | E86: 0.3 | H86: 1.892 | I86: 1.871 | J86: =H86-I86 -> 0.021 | K86: =(F86*(273.15+D86)/273.15)/(M86*N86) -> 0 | L86: MI_V3 | M86: =VLOOKUP(L86,allgemein!$B$3:$C$11,2,FALSE) -> 1 | N86: 25 | O86: "
C87: " | D87: 26.8 | E87: 0.2 | H87: 1.912 | I87: 1.897 | J87: =H87-I87 -> 0.015 | K87: =(F87*(273.15+D87)/273.15)/(M87*N87) -> 0 | L87: MI_V3 | M87: =VLOOKUP(L87,allgemein!$B$3:$C$11,2,FALSE) -> 1 | N87: 25 | P87: geöffnet/NeuZusammenbau
C88: " | D88: 27 | E88: 0.4 | H88: 1.862 | I88: 1.849 | J88: =H88-I88 -> 0.013 | K88: =(F88*(273.15+D88)/273.15)/(M88*N88) -> 0 | L88: MI_V3 | M88: =VLOOKUP(L88,allgemein!$B$3:$C$11,2,FALSE) -> 1 | N88: 25 | P88: nach zus. Spülen
B89: 17G-0067Z | C89: " | D89: 26.4 | E89: 0.3 | H89: 1.901 | I89: 1.888 | J89: =H89-I89 -> 0.013 | K89: =(F89*(273.15+D89)/273.15)/(M89*N89) -> 0 | L89: MI_V3 | M89: =VLOOKUP(L89,allgemein!$B$3:$C$11,2,FALSE) -> 1 | N89: 25 | O89: "
B90: 17G-0068Z | C90: " | D90: 26.5 | E90: 0.2 | H90: 1.908 | I90: 1.89 | J90: =H90-I90 -> 0.018 | K90: =(F90*(273.15+D90)/273.15)/(M90*N90) -> 0 | L90: MI_V3 | M90: =VLOOKUP(L90,allgemein!$B$3:$C$11,2,FALSE) -> 1 | N90: 25 | O90: "
B91: 17G-0069Z | C91: " | D91: 26.4 | E91: 0.3 | H91: 1.891 | I91: 1.882 | J91: =H91-I91 -> 0.009 | K91: =(F91*(273.15+D91)/273.15)/(M91*N91) -> 0 | L91: MI_V3 | M91: =VLOOKUP(L91,allgemein!$B$3:$C$11,2,FALSE) -> 1 | N91: 25 | O91: "
B92: 17G-0070Z | C92: " | D92: 26.7 | E92: 0.4 | H92: 1.917 | I92: 1.9 | J92: =H92-I92 -> 0.017 | K92: =(F92*(273.15+D92)/273.15)/(M92*N92) -> 0 | L92: MI_V3 | M92: =VLOOKUP(L92,allgemein!$B$3:$C$11,2,FALSE) -> 1 | N92: 25 | O92: "
B93: 17G-0071Z | C93: " | D93: 26.7 | E93: 0.3 | H93: 1.91 | I93: 1.9 | J93: =H93-I93 -> 0.01 | K93: =(F93*(273.15+D93)/273.15)/(M93*N93) -> 0 | L93: MI_V3 | M93: =VLOOKUP(L93,allgemein!$B$3:$C$11,2,FALSE) -> 1 | N93: 25 | O93: "
B94: 17G-0072Z | C94: " | D94: 26.5 | E94: 0.2 | H94: 1.904 | I94: 1.892 | J94: =H94-I94 -> 0.012 | K94: =(F94*(273.15+D94)/273.15)/(M94*N94) -> 0 | L94: MI_V3 | M94: =VLOOKUP(L94,allgemein!$B$3:$C$11,2,FALSE) -> 1 | N94: 25 | O94: "
B95: 17G-0073Z | C95: " | D95: 26.4 | E95: 0.2 | H95: 1.914 | I95: 1.901 | J95: =H95-I95 -> 0.013 | K95: =(F95*(273.15+D95)/273.15)/(M95*N95) -> 0 | L95: MI_V3 | M95: =VLOOKUP(L95,allgemein!$B$3:$C$11,2,FALSE) -> 1 | N95: 25 | O95: "
B96: 17G-0074Z | C96: " | D96: 26.2 | E96: 0.2 | H96: 1.904 | I96: 1.893 | J96: =H96-I96 -> 0.011 | K96: =(F96*(273.15+D96)/273.15)/(M96*N96) -> 0 | L96: MI_V3 | M96: =VLOOKUP(L96,allgemein!$B$3:$C$11,2,FALSE) -> 1 | N96: 25 | O96: "
B97: 17G-0075Z | C97: " | D97: 26 | E97: 0.1 | H97: 1.905 | I97: 1.892 | J97: =H97-I97 -> 0.013 | K97: =(F97*(273.15+D97)/273.15)/(M97*N97) -> 0 | L97: MI_V3 | M97: =VLOOKUP(L97,allgemein!$B$3:$C$11,2,FALSE) -> 1 | N97: 25 | O97: " | P97: Mem. grosses Punktloch
B98: 17G-0076Z | C98: " | D98: 25.8 | E98: 0.2 | H98: 1.896 | I98: 1.885 | J98: =H98-I98 -> 0.011 | K98: =(F98*(273.15+D98)/273.15)/(M98*N98) -> 0 | L98: MI_V3 | M98: =VLOOKUP(L98,allgemein!$B$3:$C$11,2,FALSE) -> 1 | N98: 25 | O98: "
B99: 17G-0077Z | C99: " | D99: 25.4 | E99: 0.7 | H99: 1.914 | I99: 1.902 | J99: =H99-I99 -> 0.012 | K99: =(F99*(273.15+D99)/273.15)/(M99*N99) -> 0 | L99: MI_V3 | M99: =VLOOKUP(L99,allgemein!$B$3:$C$11,2,FALSE) -> 1 | N99: 25 | O99: "
B100: 17G-0078Z | C100: " | D100: 27.2 | E100: 0.6 | H100: 1.907 | I100: 1.895 | J100: =H100-I100 -> 0.012 | K100: =(F100*(273.15+D100)/273.15)/(M100*N100) -> 0 | L100: MI_V3 | M100: =VLOOKUP(L100,allgemein!$B$3:$C$11,2,FALSE) -> 1 | N100: 25 | O100: "
B101: 17G-0079Z | C101: " | D101: 27.5 | E101: 0.8 | H101: 1.907 | I101: 1.9 | J101: =H101-I101 -> 0.007 | K101: =(F101*(273.15+D101)/273.15)/(M101*N101) -> 0 | L101: MI_V3 | M101: =VLOOKUP(L101,allgemein!$B$3:$C$11,2,FALSE) -> 1 | N101: 25 | O101: "
B102: 17G-0080Z | C102: " | D102: 27.3 | E102: 0.6 | H102: 1.896 | I102: 1.886 | J102: =H102-I102 -> 0.01 | K102: =(F102*(273.15+D102)/273.15)/(M102*N102) -> 0 | L102: MI_V3 | M102: =VLOOKUP(L102,allgemein!$B$3:$C$11,2,FALSE) -> 1 | N102: 25 | O102: "
B103: 17G-0081Z | C103: " | D103: 27.2 | E103: 0.5 | H103: 1.904 | I103: 1.891 | J103: =H103-I103 -> 0.013 | K103: =(F103*(273.15+D103)/273.15)/(M103*N103) -> 0 | L103: MI_V3 | M103: =VLOOKUP(L103,allgemein!$B$3:$C$11,2,FALSE) -> 1 | N103: 25 | O103: "
B104: 17G-0082Z | C104: " | D104: 27.2 | E104: 0.5 | H104: 1.908 | I104: 1.896 | J104: =H104-I104 -> 0.012 | K104: =(F104*(273.15+D104)/273.15)/(M104*N104) -> 0 | L104: MI_V3 | M104: =VLOOKUP(L104,allgemein!$B$3:$C$11,2,FALSE) -> 1 | N104: 25 | O104: "
B105: 17G-0083Z | C105: " | D105: 27.3 | E105: 0.5 | H105: 1.894 | I105: 1.883 | J105: =H105-I105 -> 0.011 | K105: =(F105*(273.15+D105)/273.15)/(M105*N105) -> 0 | L105: MI_V3 | M105: =VLOOKUP(L105,allgemein!$B$3:$C$11,2,FALSE) -> 1 | N105: 25 | O105: "
B106: 17C-0010Z-R | C106: FA701864 | D106: 26.5 | E106: 0.2 | H106: 1.859 | I106: 1.846 | J106: =H106-I106 -> 0.013 | K106: =(F106*(273.15+D106)/273.15)/(M106*N106) -> 0 | L106: MU1 | M106: =VLOOKUP(L106,allgemein!$B$3:$C$11,2,FALSE) -> 1 | N106: 40 | O106: FA702370 | P106: vormals: 17C-0010Z | Q106: Gas-Leck; Trocken gelaufen
B107: M3-1606-115-R | C107: B20-0234 | D107: 26.7 | E107: 0.1 | G107: 1.848 | H107: 5.565 | I107: 5.537 | J107: =H107-I107 -> 0.028 | K107: =(F107*(273.15+D107)/273.15)/(M107*N107) -> 0 | L107: MU3 | M107: =VLOOKUP(L107,allgemein!$B$3:$C$11,2,FALSE) -> 3 | N107: 40 | O107: FA702371 | P107: vormals: M3-1606-115
C108: B20-0235 | G108: 1.855
C109: B20-0236 | G109: 1.862
...

Sheet Aug
B2: Cell # | C2: Membran # ¦ Batch # | D2: Temp Gas / [°C] | E2: Temp Kat T1-T2 / [°C] | F2: Gasfluss / [sccm / min] | G2: Membrane V @ 13 bar/[V] | H2: Cell V @ 13 bar/[V] | I2: Cell V @ 0 bar [V] | J2: Voltage Diff. / [V] | K2: H2 Prod / [nmL/A] | L2: Typ | M2: Anzahl Layer | N2: Strom / [A] | O2: FA # | P2: Bemerkungen | R2: Visum | S2: Jahr: | T2: 2017
B3: 17H-0001Z | C3: FA701864 | D3: 29.1 | E3: 0.7 | F3: 547 | G3: 1.857 | H3: 3.717 | I3: 3.696 | J3: =H3-I3 -> 0.021 | K3: =(F3*(273.15+D3)/273.15)/(M3*N3) -> 7.5659322 | L3: MU2 | M3: =VLOOKUP(L3,allgemein!$B$3:$C$11,2,FALSE) -> 2 | N3: 40 | O3: FA701152
C4: " | G4: 1.859
B5: 17H-0002Z | C5: " | D5: 29.5 | E5: 0.6 | F5: 546 | G5: 1.845 | H5: 3.693 | I5: 3.671 | J5: =H5-I5 -> 0.022 | K5: =(F5*(273.15+D5)/273.15)/(M5*N5) -> 7.562095 | L5: MU2 | M5: =VLOOKUP(L5,allgemein!$B$3:$C$11,2,FALSE) -> 2 | N5: 40 | O5: "
C6: " | G6: 1.847
B7: 17H-0003Z | C7: " | D7: 29.4 | E7: 0.8 | F7: 543 | G7: 1.86 | H7: 3.725 | I7: 3.707 | J7: =H7-I7 -> 0.018 | K7: =(F7*(273.15+D7)/273.15)/(M7*N7) -> 7.5180601 | L7: MU2 | M7: =VLOOKUP(L7,allgemein!$B$3:$C$11,2,FALSE) -> 2 | N7: 40 | O7: "
C8: " | G8: 1.865 | P8: Mem. Mehrere kleine Punktlöcher
B9: 17H-0004Z | C9: " | D9: 29.2 | E9: 0.9 | F9: 544 | G9: 1.855 | H9: 3.719 | I9: 3.699 | J9: =H9-I9 -> 0.02 | K9: =(F9*(273.15+D9)/273.15)/(M9*N9) -> 7.5269266 | L9: MU2 | M9: =VLOOKUP(L9,allgemein!$B$3:$C$11,2,FALSE) -> 2 | N9: 40 | O9: "
C10: " | G10: 1.863
B11: 17H-0005Z | C11: " | D11: 29.5 | E11: 0.9 | F11: 545 | G11: 1.858 | H11: 3.715 | I11: 3.689 | J11: =H11-I11 -> 0.026 | K11: =(F11*(273.15+D11)/273.15)/(M11*N11) -> 7.548245 | L11: MU2 | M11: =VLOOKUP(L11,allgemein!$B$3:$C$11,2,FALSE) -> 2 | N11: 40 | O11: "
C12: " | G12: 1.857 | P12: Mem. Mehrere kleine Punktlöcher
B13: 17H-0006Z | C13: " | D13: 29.6 | E13: 0.9 | F13: 545 | G13: 1.861 | H13: 3.719 | I13: 3.695 | J13: =H13-I13 -> 0.024 | K13: =(F13*(273.15+D13)/273.15)/(M13*N13) -> 7.5507391 | L13: MU2 | M13: =VLOOKUP(L13,allgemein!$B$3:$C$11,2,FALSE) -> 2 | N13: 40 | O13: "
C14: " | G14: 1.858
B15: 17H-0007Z | C15: " | D15: 29.8 | E15: 0.5 | F15: 544 | G15: 1.86 | H15: 3.718 | I15: 3.693 | J15: =H15-I15 -> 0.025 | K15: =(F15*(273.15+D15)/273.15)/(M15*N15) -> 7.5418634 | L15: MU2 | M15: =VLOOKUP(L15,allgemein!$B$3:$C$11,2,FALSE) -> 2 | N15: 40 | O15: "
C16: " | G16: 1.858
B17: 17H-0008Z | C17: " | D17: 29.7 | E17: 0.7 | F17: 544 | G17: 1.862 | H17: 3.733 | I17: 3.713 | J17: =H17-I17 -> 0.02 | K17: =(F17*(273.15+D17)/273.15)/(M17*N17) -> 7.539374 | L17: MU2 | M17: =VLOOKUP(L17,allgemein!$B$3:$C$11,2,FALSE) -> 2 | N17: 40 | O17: "
C18: FA702175 | G18: 1.87
B19: 17H-0009Z | C19: " | D19: 29.8 | E19: 0.7 | F19: 544 | G19: 1.87 | H19: 3.74 | I19: 3.72 | J19: =H19-I19 -> 0.02 | K19: =(F19*(273.15+D19)/273.15)/(M19*N19) -> 7.5418634 | L19: MU2 | M19: =VLOOKUP(L19,allgemein!$B$3:$C$11,2,FALSE) -> 2 | N19: 40 | O19: "
C20: " | G20: 1.87
B21: 17H-0010Z | C21: " | D21: 29.9 | E21: 0.7 | F21: 545 | G21: 1.871 | H21: 3.741 | I21: 3.718 | J21: =H21-I21 -> 0.023 | K21: =(F21*(273.15+D21)/273.15)/(M21*N21) -> 7.5582212 | L21: MU2 | M21: =VLOOKUP(L21,allgemein!$B$3:$C$11,2,FALSE) -> 2 | N21: 40 | O21: "
C22: " | G22: 1.87
B23: 17H-0011Z | C23: " | D23: 29 | E23: 0.3 | F23: 551 | G23: 1.87 | H23: 3.743 | I23: 3.72 | J23: =H23-I23 -> 0.023 | K23: =(F23*(273.15+D23)/273.15)/(M23*N23) -> 7.6187374 | L23: MU2 | M23: =VLOOKUP(L23,allgemein!$B$3:$C$11,2,FALSE) -> 2 | N23: 40 | O23: "
C24: " | G24: 1.873
B25: 17H-0012Z | C25: " | D25: 29.3 | E25: 0.2 | F25: 547 | G25: 1.863 | H25: 3.727 | I25: 3.704 | J25: =H25-I25 -> 0.023 | K25: =(F25*(273.15+D25)/273.15)/(M25*N25) -> 7.5709386 | L25: MU2 | M25: =VLOOKUP(L25,allgemein!$B$3:$C$11,2,FALSE) -> 2 | N25: 40 | O25: "
C26: " | G26: 1.864
B27: 17H-0013Z | C27: " | D27: 29.5 | E27: 0.2 | F27: 547 | G27: 1.862 | H27: 3.723 | I27: 3.701 | J27: =H27-I27 -> 0.022 | K27: =(F27*(273.15+D27)/273.15)/(M27*N27) -> 7.575945 | L27: MU2 | M27: =VLOOKUP(L27,allgemein!$B$3:$C$11,2,FALSE) -> 2 | N27: 40 | O27: "
C28: " | G28: 1.86
B29: 17H-0014Z | C29: " | D29: 29.6 | E29: 0.2 | F29: 548 | G29: 1.852 | H29: 3.706 | I29: 3.681 | J29: =H29-I29 -> 0.025 | K29: =(F29*(273.15+D29)/273.15)/(M29*N29) -> 7.5923028 | L29: MU2 | M29: =VLOOKUP(L29,allgemein!$B$3:$C$11,2,FALSE) -> 2 | N29: 40 | O29: "
C30: " | G30: 1.854
B31: 17H-0015Z | C31: " | D31: 29.6 | E31: 0.4 | F31: 546 | G31: 1.858 | H31: 3.714 | I31: 3.692 | J31: =H31-I31 -> 0.022 | K31: =(F31*(273.15+D31)/273.15)/(M31*N31) -> 7.5645936 | L31: MU2 | M31: =VLOOKUP(L31,allgemein!$B$3:$C$11,2,FALSE) -> 2 | N31: 40 | O31: "
C32: " | G32: 1.856
B33: 17H-0016Z | C33: " | D33: 29.5 | E33: 0.7 | F33: 545 | G33: 1.861 | H33: 3.728 | I33: 3.704 | J33: =H33-I33 -> 0.024 | K33: =(F33*(273.15+D33)/273.15)/(M33*N33) -> 7.548245 | L33: MU2 | M33: =VLOOKUP(L33,allgemein!$B$3:$C$11,2,FALSE) -> 2 | N33: 40 | O33: "
C34: " | G34: 1.867
B35: 17H-0017Z | C35: " | D35: 29.5 | E35: 0.8 | F35: 275 | H35: 1.867 | I35: 1.858 | J35: =H35-I35 -> 0.009 | K35: =(F35*(273.15+D35)/273.15)/(M35*N35) -> 7.617495 | L35: MU1 | M35: =VLOOKUP(L35,allgemein!$B$3:$C$11,2,FALSE) -> 1 | N35: 40 | O35: FA702335
B36: 17H-0018Z | C36: " | D36: 29.3 | E36: 0.6 | F36: 274 | H36: 1.867 | I36: 1.854 | J36: =H36-I36 -> 0.013 | K36: =(F36*(273.15+D36)/273.15)/(M36*N36) -> 7.5847794 | L36: MU1 | M36: =VLOOKUP(L36,allgemein!$B$3:$C$11,2,FALSE) -> 1 | N36: 40 | O36: "
B37: 17H-0019Z | C37: " | D37: 29.6 | E37: 0.4 | F37: 275 | H37: 1.867 | I37: 1.855 | J37: =H37-I37 -> 0.012 | K37: =(F37*(273.15+D37)/273.15)/(M37*N37) -> 7.6200119 | L37: MU1 | M37: =VLOOKUP(L37,allgemein!$B$3:$C$11,2,FALSE) -> 1 | N37: 40 | O37: "
B38: 17H-0020Z | C38: FA702176 | D38: 29.3 | E38: 0.8 | F38: 275 | H38: 1.872 | I38: 1.86 | J38: =H38-I38 -> 0.012 | K38: =(F38*(273.15+D38)/273.15)/(M38*N38) -> 7.6124611 | L38: MU1 | M38: =VLOOKUP(L38,allgemein!$B$3:$C$11,2,FALSE) -> 1 | N38: 40 | O38: "
B39: 17H-0021Z | C39: " | D39: 27.3 | E39: 0.4 | F39: 276 | H39: 1.864 | I39: 1.85 | J39: =H39-I39 -> 0.014 | K39: =(F39*(273.15+D39)/273.15)/(M39*N39) -> 7.5896211 | L39: MU1 | M39: =VLOOKUP(L39,allgemein!$B$3:$C$11,2,FALSE) -> 1 | N39: 40 | O39: "
B40: 17H-0022Z | C40: " | D40: 27.2 | E40: 0.9 | F40: 274 | H40: 1.875 | I40: 1.867 | J40: =H40-I40 -> 0.008 | K40: =(F40*(273.15+D40)/273.15)/(M40*N40) -> 7.5321161 | L40: MU1 | M40: =VLOOKUP(L40,allgemein!$B$3:$C$11,2,FALSE) -> 1 | N40: 40 | O40: "
B41: 17H-0023Z | C41: " | D41: 27.2 | E41: 0.6 | F41: 276 | H41: 1.871 | I41: 1.858 | J41: =H41-I41 -> 0.013 | K41: =(F41*(273.15+D41)/273.15)/(M41*N41) -> 7.587095 | L41: MU1 | M41: =VLOOKUP(L41,allgemein!$B$3:$C$11,2,FALSE) -> 1 | N41: 40 | O41: "
B42: 17H-0024Z | C42: " | D42: 27.3 | E42: 0.5 | F42: 275 | H42: 1.879 | I42: 1.866 | J42: =H42-I42 -> 0.013 | K42: =(F42*(273.15+D42)/273.15)/(M42*N42) -> 7.5621225 | L42: MU1 | M42: =VLOOKUP(L42,allgemein!$B$3:$C$11,2,FALSE) -> 1 | N42: 40 | O42: "
B43: 17H-0025Z | C43: " | D43: 27.2 | E43: 0.6 | F43: 273 | H43: 1.875 | I43: 1.863 | J43: =H43-I43 -> 0.012 | K43: =(F43*(273.15+D43)/273.15)/(M43*N43) -> 7.5046266 | L43: MU1 | M43: =VLOOKUP(L43,allgemein!$B$3:$C$11,2,FALSE) -> 1 | N43: 40 | O43: " | P43: Mem. kleiner Faden
B44: 17H-0026Z | C44: " | D44: 27.1 | E44: 0.7 | F44: 275 | H44: 1.882 | I44: 1.871 | J44: =H44-I44 -> 0.011 | K44: =(F44*(273.15+D44)/273.15)/(M44*N44) -> 7.5570886 | L44: MU1 | M44: =VLOOKUP(L44,allgemein!$B$3:$C$11,2,FALSE) -> 1 | N44: 40 | O44: "
B45: 17H-0027Z | C45: " | D45: 27.9 | E45: 0.4 | F45: 277 | H45: 1.857 | I45: 1.846 | J45: =H45-I45 -> 0.011 | K45: =(F45*(273.15+D45)/273.15)/(M45*N45) -> 7.6323311 | L45: MU1 | M45: =VLOOKUP(L45,allgemein!$B$3:$C$11,2,FALSE) -> 1 | N45: 40 | O45: "
B46: 17H-0028Z | C46: " | D46: 28 | E46: 0.7 | F46: 275 | H46: 1.858 | I46: 1.845 | J46: =H46-I46 -> 0.013 | K46: =(F46*(273.15+D46)/273.15)/(M46*N46) -> 7.579741 | L46: MU1 | M46: =VLOOKUP(L46,allgemein!$B$3:$C$11,2,FALSE) -> 1 | N46: 40 | O46: "
B47: 17H-0029Z | C47: " | D47: 27.9 | E47: 0.4 | F47: 275 | H47: 1.866 | I47: 1.853 | J47: =H47-I47 -> 0.013 | K47: =(F47*(273.15+D47)/273.15)/(M47*N47) -> 7.5772241 | L47: MU1 | M47: =VLOOKUP(L47,allgemein!$B$3:$C$11,2,FALSE) -> 1 | N47: 40 | O47: "
B48: 17H-0030Z | C48: " | D48: 28.4 | E48: 0.8 | F48: 275 | H48: 1.877 | I48: 1.866 | J48: =H48-I48 -> 0.011 | K48: =(F48*(273.15+D48)/273.15)/(M48*N48) -> 7.5898087 | L48: MU1 | M48: =VLOOKUP(L48,allgemein!$B$3:$C$11,2,FALSE) -> 1 | N48: 40 | O48: "
B49: 17H-0031Z | C49: " | D49: 27.7 | E49: 0.2 | F49: 275 | H49: 1.873 | I49: 1.862 | J49: =H49-I49 -> 0.011 | K49: =(F49*(273.15+D49)/273.15)/(M49*N49) -> 7.5721902 | L49: MU1 | M49: =VLOOKUP(L49,allgemein!$B$3:$C$11,2,FALSE) -> 1 | N49: 40 | O49: "
B50: 17H-0032Z | C50: " | D50: 27.6 | E50: 0.1 | F50: 276 | H50: 1.87 | I50: 1.857 | J50: =H50-I50 -> 0.013 | K50: =(F50*(273.15+D50)/273.15)/(M50*N50) -> 7.5971993 | L50: MU1 | M50: =VLOOKUP(L50,allgemein!$B$3:$C$11,2,FALSE) -> 1 | N50: 40 | O50: "
B51: 17H-0033Z | C51: " | D51: 27.6 | E51: 0.2 | F51: 275 | H51: 1.879 | I51: 1.868 | J51: =H51-I51 -> 0.011 | K51: =(F51*(273.15+D51)/273.15)/(M51*N51) -> 7.5696733 | L51: MU1 | M51: =VLOOKUP(L51,allgemein!$B$3:$C$11,2,FALSE) -> 1 | N51: 40 | O51: "
B52: 17H-0034Z | C52: " | D52: 27.9 | E52: 0.7 | F52: 276 | H52: 1.883 | I52: 1.871 | J52: =H52-I52 -> 0.012 | K52: =(F52*(273.15+D52)/273.15)/(M52*N52) -> 7.6047776 | L52: MU1 | M52: =VLOOKUP(L52,allgemein!$B$3:$C$11,2,FALSE) -> 1 | N52: 40 | O52: "
B53: 17H-0035Z | C53: FA701914 | D53: 26.6 | E53: 0.7 | F53: 182 | H53: 1.866 | I53: 1.851 | J53: =H53-I53 -> 0.015 | K53: =(F53*(273.15+D53)/273.15)/(M53*N53) -> 7.9889438 | L53: MI_V3 | M53: =VLOOKUP(L53,allgemein!$B$3:$C$11,2,FALSE) -> 1 | N53: 25 | O53: FA702393
B54: 17H-0036Z | C54: FA702228 | D54: 26.4 | E54: 0.7 | F54: 179 | H54: 1.877 | I54: 1.865 | J54: =H54-I54 -> 0.012 | K54: =(F54*(273.15+D54)/273.15)/(M54*N54) -> 7.8520154 | L54: MI_V3 | M54: =VLOOKUP(L54,allgemein!$B$3:$C$11,2,FALSE) -> 1 | N54: 25 | O54: "
B55: 17H-0037Z | C55: " | D55: 26.8 | E55: 0.5 | F55: 182 | H55: 1.91 | I55: 1.894 | J55: =H55-I55 -> 0.016 | K55: =(F55*(273.15+D55)/273.15)/(M55*N55) -> 7.9942742 | L55: MI_V3 | M55: =VLOOKUP(L55,allgemein!$B$3:$C$11,2,FALSE) -> 1 | N55: 25 | O55: "
... B76: 17H-0058Z | C76: " | D76: 25.6 | E76: 0.6 | F76: 178 | H76: 1.886 | I76: 1.876 | J76: =H76-I76 -> 0.01 | K76: =(F76*(273.15+D76)/273.15)/(M76*N76) -> 7.7872964 | L76: MI_V3 | M76: =VLOOKUP(L76,allgemein!$B$3:$C$11,2,FALSE) -> 1 | N76: 25 | O76: "
B77: 17H-0059Z | C77: " | D77: 25.3 | E77: 0.3 | F77: 179 | H77: 1.918 | I77: 1.906 | J77: =H77-I77 -> 0.012 | K77: =(F77*(273.15+D77)/273.15)/(M77*N77) -> 7.8231814 | L77: MI_V3 | M77: =VLOOKUP(L77,allgemein!$B$3:$C$11,2,FALSE) -> 1 | N77: 25 | O77: " | P77: 2.Messung, Cell V 13 bar = 1.900
B78: 17H-0060Z | C78: " | D78: 25.6 | E78: 0.4 | F78: 179 | H78: 1.891 | I78: 1.882 | J78: =H78-I78 -> 0.009 | K78: =(F78*(273.15+D78)/273.15)/(M78*N78) -> 7.8310452 | L78: MI_V3 | M78: =VLOOKUP(L78,allgemein!$B$3:$C$11,2,FALSE) -> 1 | N78: 25 | O78: "
B79: 17H-0061Z | C79: " | D79: 25.9 | E79: 0.3 | F79: 179 | H79: 1.906 | I79: 1.895 | J79: =H79-I79 -> 0.011 | K79: =(F79*(273.15+D79)/273.15)/(M79*N79) -> 7.838909 | L79: MI_V3 | M79: =VLOOKUP(L79,allgemein!$B$3:$C$11,2,FALSE) -> 1 | N79: 25 | O79: "
B80: 17H-0062Z | C80: " | D80: 26.3 | E80: 0.4 | F80: 180 | H80: 1.894 | I80: 1.882 | J80: =H80-I80 -> 0.012 | K80: =(F80*(273.15+D80)/273.15)/(M80*N80) -> 7.8932455 | L80: MI_V3 | M80: =VLOOKUP(L80,allgemein!$B$3:$C$11,2,FALSE) -> 1 | N80: 25 | O80: "
B81: 17H-0063Z | C81: " | D81: 26.8 | E81: 0.6 | F81: 179 | H81: 1.893 | I81: 1.883 | J81: =H81-I81 -> 0.01 | K81: =(F81*(273.15+D81)/273.15)/(M81*N81) -> 7.8625005 | L81: MI_V3 | M81: =VLOOKUP(L81,allgemein!$B$3:$C$11,2,FALSE) -> 1 | N81: 25 | O81: "
B82: 17H-0064Z | C82: " | D82: 27.3 | E82: 0.3 | F82: 179 | H82: 1.873 | I82: 1.862 | J82: =H82-I82 -> 0.011 | K82: =(F82*(273.15+D82)/273.15)/(M82*N82) -> 7.8756068 | L82: MI_V3 | M82: =VLOOKUP(L82,allgemein!$B$3:$C$11,2,FALSE) -> 1 | N82: 25 | O82: "
B83: 17H-0065Z-R | C83: FA701913 | D83: 28.4 | E83: 0.8 | F83: 177 | H83: 1.909 | I83: 1.901 | J83: =H83-I83 -> 0.008 | K83: =(F83*(273.15+D83)/273.15)/(M83*N83) -> 7.816123 | L83: MI_V1 | M83: =VLOOKUP(L83,allgemein!$B$3:$C$11,2,FALSE) -> 1 | N83: 25 | O83: FA702461 | P83: vormals: NG1009-320
B84: 17H-0066Z-R | C84: FA702229 | D84: 29.7 | E84: 0.8 | F84: 179 | H84: 1.892 | I84: 1.885 | J84: =H84-I84 -> 0.007 | K84: =(F84*(273.15+D84)/273.15)/(M84*N84) -> 7.9385173 | L84: MI_V1 | M84: =VLOOKUP(L84,allgemein!$B$3:$C$11,2,FALSE) -> 1 | N84: 25 | O84: " | P84: vormals: NG1009-321
B85: 17H-0067Z | C85: " | D85: 26.7 | E85: 0.3 | F85: 179 | H85: 1.91 | I85: 1.899 | J85: =H85-I85 -> 0.011 | K85: =(F85*(273.15+D85)/273.15)/(M85*N85) -> 7.8598792 | L85: MI_V3 | M85: =VLOOKUP(L85,allgemein!$B$3:$C$11,2,FALSE) -> 1 | N85: 25 | O85: FA702428
B86: 17H-0068Z | C86: " | D86: 26.8 | E86: 0.4 | F86: 178 | H86: 1.902 | I86: 1.892 | J86: =H86-I86 -> 0.01 | K86: =(F86*(273.15+D86)/273.15)/(M86*N86) -> 7.8185759 | L86: MI_V3 | M86: =VLOOKUP(L86,allgemein!$B$3:$C$11,2,FALSE) -> 1 | N86: 25 | O86: "
B87: 17H-0069Z | C87: " | D87: 27.1 | E87: 0.4 | F87: 179 | H87: 1.889 | I87: 1.876 | J87: =H87-I87 -> 0.013 | K87: =(F87*(273.15+D87)/273.15)/(M87*N87) -> 7.8703643 | L87: MI_V3 | M87: =VLOOKUP(L87,allgemein!$B$3:$C$11,2,FALSE) -> 1 | N87: 25 | O87: "
B88: 17H-0070Z | C88: FA702230 | D88: 26.7 | E88: 0.6 | F88: 179 | H88: 1.902 | I88: 1.892 | J88: =H88-I88 -> 0.01 | K88: =(F88*(273.15+D88)/273.15)/(M88*N88) -> 7.8598792 | L88: MI_V3 | M88: =VLOOKUP(L88,allgemein!$B$3:$C$11,2,FALSE) -> 1 | N88: 25 | O88: " | P88: Neuer Konverter- Ultraschall
B89: 17H-0071Z | C89: " | D89: 26.9 | E89: 0.4 | F89: 180 | H89: 1.886 | I89: 1.873 | J89: =H89-I89 -> 0.013 | K89: =(F89*(273.15+D89)/273.15)/(M89*N89) -> 7.909061 | L89: MI_V3 | M89: =VLOOKUP(L89,allgemein!$B$3:$C$11,2,FALSE) -> 1 | N89: 25 | O89: " | P89: "
B90: 17H-0072Z | C90: " | D90: 27 | E90: 0.5 | F90: 178 | H90: 1.89 | I90: 1.881 | J90: =H90-I90 -> 0.009 | K90: =(F90*(273.15+D90)/273.15)/(M90*N90) -> 7.8237891 | L90: MI_V3 | M90: =VLOOKUP(L90,allgemein!$B$3:$C$11,2,FALSE) -> 1 | N90: 25 | O90: " | P90: "
B91: 17H-0073Z | C91: FA702229 | D91: 24.6 | E91: 0.4 | F91: 179 | H91: 1.914 | I91: 1.903 | J91: =H91-I91 -> 0.011 | K91: =(F91*(273.15+D91)/273.15)/(M91*N91) -> 7.8048325 | L91: MI_V3 | M91: =VLOOKUP(L91,allgemein!$B$3:$C$11,2,FALSE) -> 1 | N91: 25 | O91: "
B92: 17H-0074Z | C92: " | D92: 24.6 | E92: 0.2 | F92: 179 | H92: 1.912 | I92: 1.901 | J92: =H92-I92 -> 0.011 | K92: =(F92*(273.15+D92)/273.15)/(M92*N92) -> 7.8048325 | L92: MI_V3 | M92: =VLOOKUP(L92,allgemein!$B$3:$C$11,2,FALSE) -> 1 | N92: 25 | O92: "
B93: 17H-0075Z | C93: " | D93: 24.6 | E93: 0.1 | F93: 180 | H93: 1.921 | I93: 1.909 | J93: =H93-I93 -> 0.012 | K93: =(F93*(273.15+D93)/273.15)/(M93*N93) -> 7.8484349 | L93: MI_V3 | M93: =VLOOKUP(L93,allgemein!$B$3:$C$11,2,FALSE) -> 1 | N93: 25 | O93: "
B94: 17H-0076Z | C94: " | D94: 25 | E94: 0 | F94: 179 | H94: 1.89 | I94: 1.878 | J94: =H94-I94 -> 0.012 | K94: =(F94*(273.15+D94)/273.15)/(M94*N94) -> 7.8153176 | L94: MI_V3 | M94: =VLOOKUP(L94,allgemein!$B$3:$C$11,2,FALSE) -> 1 | N94: 25 | O94: "
B95: 17H-0077Z | C95: FA702230 | D95: 24.6 | E95: 0.2 | F95: 179 | H95: 1.895 | I95: 1.881 | J95: =H95-I95 -> 0.014 | K95: =(F95*(273.15+D95)/273.15)/(M95*N95) -> 7.8048325 | L95: MI_V3 | M95: =VLOOKUP(L95,allgemein!$B$3:$C$11,2,FALSE) -> 1 | N95: 25 | O95: " | P95: Neuer Konverter- Ultraschall
B96: 17H-0078Z | C96: " | D96: 24.6 | E96: 0.2 | F96: 179 | H96: 1.905 | I96: 1.891 | J96: =H96-I96 -> 0.014 | K96: =(F96*(273.15+D96)/273.15)/(M96*N96) -> 7.8048325 | L96: MI_V3 | M96: =VLOOKUP(L96,allgemein!$B$3:$C$11,2,FALSE) -> 1 | N96: 25 | O96: " | P96: "
B97: 17H-0079Z | C97: " | D97: 24.9 | E97: 0 | F97: 179 | H97: 1.9 | I97: 1.888 | J97: =H97-I97 -> 0.012 | K97: =(F97*(273.15+D97)/273.15)/(M97*N97) -> 7.8126963 | L97: MI_V3 | M97: =VLOOKUP(L97,allgemein!$B$3:$C$11,2,FALSE) -> 1 | N97: 25 | O97: " | P97: "
B98: 17H-0080Z | C98: " | D98: 25.1 | E98: 0 | F98: 178 | H98: 1.89 | I98: 1.877 | J98: =H98-I98 -> 0.013 | K98: =(F98*(273.15+D98)/273.15)/(M98*N98) -> 7.7742632 | L98: MI_V3 | M98: =VLOOKUP(L98,allgemein!$B$3:$C$11,2,FALSE) -> 1 | N98: 25 | O98: " | P98: "
J99: =H99-I99 -> 0 | K99: =(F99*(273.15+D99)/273.15)/(M99*N99) -> #N/A | M99: =VLOOKUP(L99,allgemein!$B$3:$C$11,2,FALSE) -> #N/A
J100: =H100-I100 -> 0 | K100: =(F100*(273.15+D100)/273.15)/(M100*N100) -> #N/A | M100: =VLOOKUP(L100,allgemein!$B$3:$C$11,2,FALSE) -> #N/A
J101: =H101-I101 -> 0 | K101: =(F101*(273.15+D101)/273.15)/(M101*N101) -> #N/A | M101: =VLOOKUP(L101,allgemein!$B$3:$C$11,2,FALSE) -> #N/A
J102: =H102-I102 -> 0 | K102: =(F102*(273.15+D102)/273.15)/(M102*N102) -> #N/A | M102: =VLOOKUP(L102,allgemein!$B$3:$C$11,2,FALSE) -> #N/A
J103: =H103-I103 -> 0 | K103: =(F103*(273.15+D103)/273.15)/(M103*N103) -> #N/A | M103: =VLOOKUP(L103,allgemein!$B$3:$C$11,2,FALSE) -> #N/A
J104: =H104-I104 -> 0 | K104: =(F104*(273.15+D104)/273.15)/(M104*N104) -> #N/A | M104: =VLOOKUP(L104,allgemein!$B$3:$C$11,2,FALSE) -> #N/A
J105: =H105-I105 -> 0 | K105: =(F105*(273.15+D105)/273.15)/(M105*N105) -> #N/A | M105: =VLOOKUP(L105,allgemein!$B$3:$C$11,2,FALSE) -> #N/A
J106: =H106-I106 -> 0 | K106: =(F106*(273.15+D106)/273.15)/(M106*N106) -> #N/A | M106: =VLOOKUP(L106,allgemein!$B$3:$C$11,2,FALSE) -> #N/A
J107: =H107-I107 -> 0 | K107: =(F107*(273.15+D107)/273.15)/(M107*N107) -> #N/A | M107: =VLOOKUP(L107,allgemein!$B$3:$C$11,2,FALSE) -> #N/A
J108: =H108-I108 -> 0 | K108: =(F108*(273.15+D108)/273.15)/(M108*N108) -> #N/A | M108: =VLOOKUP(L108,allgemein!$B$3:$C$11,2,FALSE) -> #N/A
J109: =H109-I109 -> 0 | K109: =(F109*(273.15+D109)/273.15)/(M109*N109) -> #N/A | M109: =VLOOKUP(L109,allgemein!$B$3:$C$11,2,FALSE) -> #N/A
J110: =H110-I110 -> 0 | K110: =(F110*(273.15+D110)/273.15)/(M110*N110) -> #N/A | M110: =VLOOKUP(L110,allgemein!$B$3:$C$11,2,FALSE) -> #N/A
... J129: =H129-I129 -> 0 | K129: =(F129*(273.15+D129)/273.15)/(M129*N129) -> #N/A | M129: =VLOOKUP(L129,allgemein!$B$3:$C$11,2,FALSE) -> #N/A

Sheet Sep
B2: Cell # | C2: Membran # ¦ Batch # | D2: Temp Gas / [°C] | E2: Temp Kat T1-T2 / [°C] | F2: Gasfluss / [sccm / min] | G2: Membrane V @ 13 bar/[V] | H2: Cell V @ 13 bar/[V] | I2: Cell V @ 0 bar [V] | J2: Voltage Diff. / [V] | K2: H2 Prod / [nmL/A] | L2: Typ | M2: Anzahl Layer | N2: Strom / [A] | O2: FA # | P2: Bemerkungen | R2: Visum | S2: Jahr: | T2: 2017
B3: 17I-0001Z | C3: FA702229 | D3: 25.3 | E3: 0.3 | F3: 179 | H3: 1.892 | I3: 1.882 | J3: =H3-I3 -> 0.01 | K3: =(F3*(273.15+D3)/273.15)/(M3*N3) -> 7.8231814 | L3: MI_V3 | M3: =VLOOKUP(L3,allgemein!$B$3:$C$11,2,FALSE) -> 1 | N3: 25 | O3: FA702428
B4: 17I-0002Z | C4: " | D4: 25.4 | E4: 0.3 | F4: 179 | H4: 1.9 | I4: 1.887 | J4: =H4-I4 -> 0.013 | K4: =(F4*(273.15+D4)/273.15)/(M4*N4) -> 7.8258027 | L4: MI_V3 | M4: =VLOOKUP(L4,allgemein!$B$3:$C$11,2,FALSE) -> 1 | N4: 25 | O4: "
B5: 17I-0003Z | C5: " | D5: 25.8 | E5: 0.3 | F5: 179 | H5: 1.879 | I5: 1.868 | J5: =H5-I5 -> 0.011 | K5: =(F8*(273.15+D8)/273.15)/(M5*N5) -> 7.7977229 | L5: MI_V3 | M5: =VLOOKUP(L5,allgemein!$B$3:$C$11,2,FALSE) -> 1 | N5: 25 | O5: "
B6: 17I-0004Z | C6: FA702230 | D6: 26.2 | E6: 0.7 | F6: 179 | H6: 1.868 | I6: 1.855 | J6: =H6-I6 -> 0.013 | K6: =(F6*(273.15+D6)/273.15)/(M6*N6) -> 7.8467728 | L6: MI_V3 | M6: =VLOOKUP(L6,allgemein!$B$3:$C$11,2,FALSE) -> 1 | N6: 25 | O6: "
B7: 17I-0005Z | C7: " | D7: 26.5 | E7: 0.3 | F7: 178 | H7: 1.875 | I7: 1.865 | J7: =H7-I7 -> 0.01 | K7: =(F7*(273.15+D7)/273.15)/(M7*N7) -> 7.810756 | L7: MI_V3 | M7: =VLOOKUP(L7,allgemein!$B$3:$C$11,2,FALSE) -> 1 | N7: 25 | O7: "
B8: 17I-0006Z | C8: " | D8: 26 | E8: 0.8 | F8: 178 | H8: 1.888 | I8: 1.881 | J8: =H8-I8 -> 0.007 | K8: =(F8*(273.15+D8)/273.15)/(M8*N8) -> 7.7977229 | L8: MI_V3 | M8: =VLOOKUP(L8,allgemein!$B$3:$C$11,2,FALSE) -> 1 | N8: 25 | O8: "
B9: 17I-0007Z | C9: " | D9: 25.5 | E9: 0.3 | F9: 179 | H9: 1.884 | I9: 1.872 | J9: =H9-I9 -> 0.012 | K9: =(F9*(273.15+D9)/273.15)/(M9*N9) -> 7.8284239 | L9: MI_V3 | M9: =VLOOKUP(L9,allgemein!$B$3:$C$11,2,FALSE) -> 1 | N9: 25 | O9: "
B10: 17I-0008Z | C10: " | D10: 25.3 | E10: 0.2 | F10: 179 | H10: 1.883 | I10: 1.868 | J10: =H10-I10 -> 0.015 | K10: =(F10*(273.15+D10)/273.15)/(M10*N10) -> 7.8231814 | L10: MI_V3 | M10: =VLOOKUP(L10,allgemein!$B$3:$C$11,2,FALSE) -> 1 | N10: 25 | O10: "
B11: 17I-0009Z | C11: " | D11: 25.3 | E11: 0 | F11: 180 | H11: 1.896 | I11: 1.884 | J11: =H11-I11 -> 0.012 | K11: =(F11*(273.15+D11)/273.15)/(M11*N11) -> 7.8668863 | L11: MI_V3 | M11: =VLOOKUP(L11,allgemein!$B$3:$C$11,2,FALSE) -> 1 | N11: 25 | O11: "
B12: 17I-0010Z | C12: " | D12: 24.9 | E12: 0.1 | F12: 179 | H12: 1.888 | I12: 1.876 | J12: =H12-I12 -> 0.012 | K12: =(F12*(273.15+D12)/273.15)/(M12*N12) -> 7.8126963 | L12: MI_V3 | M12: =VLOOKUP(L12,allgemein!$B$3:$C$11,2,FALSE) -> 1 | N12: 25 | O12: "
B13: 17I-0011Z | C13: " | D13: 24.6 | E13: 0.2 | F13: 181 | H13: 1.892 | I13: 1.876 | J13: =H13-I13 -> 0.016 | K13: =(F13*(273.15+D13)/273.15)/(M13*N13) -> 7.8920373 | L13: MI_V3 | M13: =VLOOKUP(L13,allgemein!$B$3:$C$11,2,FALSE) -> 1 | N13: 25 | O13: "
B14: 17I-0012Z | C14: " | D14: 24.3 | E14: 0.3 | F14: 180 | H14: 1.914 | I14: 1.899 | J14: =H14-I14 -> 0.015 | K14: =(F14*(273.15+D14)/273.15)/(M14*N14) -> 7.8405272 | L14: MI_V3 | M14: =VLOOKUP(L14,allgemein!$B$3:$C$11,2,FALSE) -> 1 | N14: 25 | O14: "
B15: 17I-0013Z | C15: " | D15: 24 | E15: 0.1 | F15: 180 | H15: 1.918 | I15: 1.905 | J15: =H15-I15 -> 0.013 | K15: =(F15*(273.15+D15)/273.15)/(M15*N15) -> 7.8326194 | L15: MI_V3 | M15: =VLOOKUP(L15,allgemein!$B$3:$C$11,2,FALSE) -> 1 | N15: 25 | O15: "
B16: 17I-0014Z | C16: " | D16: 24 | E16: 0.2 | F16: 179 | H16: 1.901 | I16: 1.89 | J16: =H16-I16 -> 0.011 | K16: =(F16*(273.15+D16)/273.15)/(M16*N16) -> 7.7891049 | L16: MI_V3 | M16: =VLOOKUP(L16,allgemein!$B$3:$C$11,2,FALSE) -> 1 | N16: 25 | O16: "
B17: 17I-0015Z | C17: " | D17: 24 | E17: 0.1 | F17: 179 | H17: 1.918 | I17: 1.902 | J17: =H17-I17 -> 0.016 | K17: =(F17*(273.15+D17)/273.15)/(M17*N17) -> 7.7891049 | L17: MI_V3 | M17: =VLOOKUP(L17,allgemein!$B$3:$C$11,2,FALSE) -> 1 | N17: 25 | O17: "
B18: 17I-0016Z | C18: " | D18: 24 | E18: 0.2 | F18: 180 | H18: 1.899 | I18: 1.887 | J18: =H18-I18 -> 0.012 | K18: =(F18*(273.15+D18)/273.15)/(M18*N18) -> 7.8326194 | L18: MI_V3 | M18: =VLOOKUP(L18,allgemein!$B$3:$C$11,2,FALSE) -> 1 | N18: 25 | O18: " | P18: (179) ROTA: 180; -Druck nur 9bar-
B19: 17B-0070Z | C19: 16K-0086M | D19: 24.1 | E19: 0.2 | F19: 850 | G19: 1.829 | H19: 5.528 | I19: 5.504 | J19: =H19-I19 -> 0.024 | K19: =(F19*(273.15+D19)/273.15)/(M19*N19) -> 7.7082952 | L19: MU3 | M19: =VLOOKUP(L19,allgemein!$B$3:$C$11,2,FALSE) -> 3 | N19: 40 | O19: FA702435 | P19: Revidiert; neuwertig
C20: 16K-0087M | G20: 1.821
C21: FA702176 | G21: 1.878
B22: 17I-0017Z | C22: " | D22: 28.7 | E22: 0 | F22: 570 | G22: 1.829 | H22: 3.657 | I22: 3.634 | J22: =H22-I22 -> 0.023 | K22: =(F22*(273.15+D22)/273.15)/(M22*N22) -> 7.8736271 | L22: MU2 | M22: =VLOOKUP(L22,allgemein!$B$3:$C$11,2,FALSE) -> 2 | N22: 40 | O22: FA702334
C23: " | G23: 1.828
B24: 17I-0018Z | C24: " | D24: 28.6 | E24: 0.4 | F24: 571 | G24: 1.845 | H24: 3.684 | I24: 3.665 | J24: =H24-I24 -> 0.019 | K24: =(F24*(273.15+D24)/273.15)/(M24*N24) -> 7.8848275 | L24: MU2 | M24: =VLOOKUP(L24,allgemein!$B$3:$C$11,2,FALSE) -> 2 | N24: 40 | O24: "
C25: " | G25: 1.838
B26: 17I-0019Z | C26: FA702177 | D26: 28.5 | E26: 0 | F26: 571 | G26: 1.851 | H26: 3.702 | I26: 3.679 | J26: =H26-I26 -> 0.023 | K26: =(F26*(273.15+D26)/273.15)/(M26*N26) -> 7.8822144 | L26: MU2 | M26: =VLOOKUP(L26,allgemein!$B$3:$C$11,2,FALSE) -> 2 | N26: 40 | O26: "
C27: " | G27: 1.85
B28: 17I-0020Z | C28: " | D28: 28.4 | E28: 0 | F28: 572 | G28: 1.853 | H28: 3.703 | I28: 3.678 | J28: =H28-I28 -> 0.025 | K28: =(F28*(273.15+D28)/273.15)/(M28*N28) -> 7.8934011 | L28: MU2 | M28: =VLOOKUP(L28,allgemein!$B$3:$C$11,2,FALSE) -> 2 | N28: 40 | O28: " | Q28: §
C29: " | G29: 1.849
J30: =H30-I30 -> 0 | K30: =(F30*(273.15+D30)/273.15)/(M30*N30) -> #DIV/0!
J31: =H31-I31 -> 0 | K31: =(F31*(273.15+D31)/273.15)/(M31*N31) -> #DIV/0!
J32: =H32-I32 -> 0 | K32: =(F32*(273.15+D32)/273.15)/(M32*N32) -> #DIV/0!
J33: =H33-I33 -> 0 | K33: =(F33*(273.15+D33)/273.15)/(M33*N33) -> #DIV/0!
J34: =H34-I34 -> 0 | K34: =(F34*(273.15+D34)/273.15)/(M34*N34) -> #DIV/0!
B35: 17I-0004Z | D35: 29.7 | E35: 0.2 | F35: 180 | H35: 1.849 | I35: 1.834 | J35: =H35-I35 -> 0.015 | K35: =(F35*(273.15+D35)/273.15)/(M35*N35) -> 7.9828666 | L35: MI_V1 | M35: =VLOOKUP(L35,allgemein!$B$3:$C$11,2,FALSE) -> 1 | N35: 25
D36: 27.2 | F36: 180 | J36: =H36-I36 -> 0 | K36: =(F36*(273.15+D36)/273.15)/(M36*N36) -> 7.9169687 | L36: MI_V1 | M36: =VLOOKUP(L36,allgemein!$B$3:$C$11,2,FALSE) -> 1 | N36: 25
J37: =H37-I37 -> 0 | K37: =(F37*(273.15+D37)/273.15)/(M37*N37) -> #DIV/0!
B38: 17C0010Z-R | D38: 25.5 | F38: 180 | J38: =H38-I38 -> 0 | K38: =(F38*(273.15+D38)/273.15)/(M38*N38) -> 7.8721582 | L38: MU1 | M38: 1 | N38: 25 | P38: Test 25A
B39: " | D39: 25.4 | F39: 285 | J39: =H39-I39 -> 0 | K39: =(F39*(273.15+D39)/273.15)/(M39*N39) -> 7.7875481 | L39: MU1 | M39: 1 | N39: 40
J40: =H40-I40 -> 0 | K40: =(F40*(273.15+D40)/273.15)/(M40*N40) -> #DIV/0!
J41: =H41-I41 -> 0 | K41: =(F41*(273.15+D41)/273.15)/(M41*N41) -> #DIV/0!
B42: 17D-0024Z-R | D42: 21.7 | E42: 0.1 | F42: 284 | H42: 2.278 | I42: 2.277 | J42: =H42-I42 -> 0.001 | K42: =(F42*(273.15+D42)/273.15)/(M42*N42) -> 7.6640491 | L42: MA_V1 | M42: 1 | N42: 40
D43: 21.9 | E43: 0 | F43: 284 | H43: 2.488 | I43: 2.485 | J43: =H43-I43 -> 0.003 | K43: =(F43*(273.15+D43)/273.15)/(M43*N43) -> 7.6692477 | L43: MA_V1 | M43: 1 | N43: 40
B44: 17D-0025Z-R | D44: 22 | E44: 0.5 | F44: 280 | H44: 2.348 | I44: 2.346 | J44: =H44-I44 -> 0.002 | K44: =(F44*(273.15+D44)/273.15)/(M44*N44) -> 7.5637928 | L44: MA_V1 | M44: 1 | N44: 40
D45: 22.4 | E45: 0.2 | F45: 282 | H45: 2.463 | I45: 2.463 | J45: =H45-I45 -> 0 | K45: =(F45*(273.15+D45)/273.15)/(M45*N45) -> 7.6281439 | L45: MA_V1 | M45: 1 | N45: 40
D46: 24.2 | E46: 0.2 | F46: 283 | H46: 2.264 | I46: 2.265 | J46: =H46-I46 -> -0.001 | K46: =(F46*(273.15+D46)/273.15)/(M46*N46) -> 7.7018168 | L46: MA_V1 | M46: 1 | N46: 40
B47: 1601-6115A | J47: =H47-I47 -> 0 | K47: =(F47*(273.15+D47)/273.15)/(M47*N47) -> 0 | L47: MA_V1 | M47: 1 | N47: 40 | P47: Temp 70°/ Spann.>>>>
B48: 1601-6116A | J48: =H48-I48 -> 0 | K48: =(F48*(273.15+D48)/273.15)/(M48*N48) -> 0 | L48: MA_V1 | M48: 1 | N48: 40 | P48: Temp 70°/ Spann.>>>>
J49: =H49-I49 -> 0 | K49: =(F49*(273.15+D49)/273.15)/(M49*N49) -> #DIV/0!
J50: =H50-I50 -> 0 | K50: =(F50*(273.15+D50)/273.15)/(M50*N50) -> #DIV/0!
J51: =H51-I51 -> 0 | K51: =(F51*(273.15+D51)/273.15)/(M51*N51) -> #DIV/0!
J52: =H52-I52 -> 0 | K52: =(F52*(273.15+D52)/273.15)/(M52*N52) -> #DIV/0!
J53: =H53-I53 -> 0 | K53: =(F53*(273.15+D53)/273.15)/(M53*N53) -> #DIV/0!
J54: =H54-I54 -> 0 | K54: =(F54*(273.15+D54)/273.15)/(M54*N54) -> #DIV/0!
J55: =H55-I55 -> 0 | K55: =(F55*(273.15+D55)/273.15)/(M55*N55) -> #DIV/0!
J56: =H56-I56 -> 0 | K56: =(F56*(273.15+D56)/273.15)/(M56*N56) -> #DIV/0!
J57: =H57-I57 -> 0 | K57: =(F57*(273.15+D57)/273.15)/(M57*N57) -> #DIV/0!
J58: =H58-I58 -> 0 | K58: =(F58*(273.15+D58)/273.15)/(M58*N58) -> #DIV/0!
J59: =H59-I59 -> 0 | K59: =(F59*(273.15+D59)/273.15)/(M59*N59) -> #DIV/0!
J60: =H60-I60 -> 0 | K60: =(F60*(273.15+D60)/273.15)/(M60*N60) -> #DIV/0!
... J114: =H114-I114 -> 0 | K114: =(F114*(273.15+D114)/273.15)/(M114*N114) -> #DIV/0!

Sheet Oct
B2: Cell # | C2: Membran # ¦ Batch # | D2: Temp Gas / [°C] | E2: Temp Kat T1-T2 / [°C] | F2: Gasfluss / [sccm / min] | G2: Membrane V @ 13 bar/[V] | H2: Cell V @ 13 bar/[V] | I2: Cell V @ 0 bar [V] | J2: Voltage Diff. / [V] | K2: H2 Prod / [nmL/A] | L2: Typ | M2: Anzahl Layer | N2: Strom / [A] | O2: FA # | P2: Bemerkungen | R2: Visum | S2: Jahr: | T2: 2017
B3: 17J-0001Z | C3: FA702177 | D3: 25.1 | E3: 0 | F3: 284 | H3: 1.863 | I3: 1.853 | J3: =H3-I3 -> 0.01 | K3: =(F3*(273.15+D3)/273.15)/(M3*N3) -> 7.7524254 | L3: MU1 | M3: =VLOOKUP(L3,allgemein!$B$3:$C$11,2,FALSE) -> 1 | N3: 40 | O3: FA702394 | P3: neues Edelstahlflies
B4: 17J-0002Z | C4: " | D4: 25.3 | E4: 0 | F4: 286 | H4: 1.869 | I4: 1.853 | J4: =H4-I4 -> 0.016 | K4: =(F4*(273.15+D4)/273.15)/(M4*N4) -> 7.8122552 | L4: MU1 | M4: =VLOOKUP(L4,allgemein!$B$3:$C$11,2,FALSE) -> 1 | N4: 40 | O4: "
B5: 17J-0003Z | C5: " | D5: 25.3 | E5: 0 | F5: 285 | H5: 1.856 | I5: 1.842 | J5: =H5-I5 -> 0.014 | K5: =(F5*(273.15+D5)/273.15)/(M5*N5) -> 7.7849396 | L5: MU1 | M5: =VLOOKUP(L5,allgemein!$B$3:$C$11,2,FALSE) -> 1 | N5: 40 | O5: " | P5: Mem. kleines Punktloch
B6: 17J-0004Z | C6: " | D6: 25.5 | E6: 0.1 | F6: 285 | H6: 1.867 | I6: 1.856 | J6: =H6-I6 -> 0.011 | K6: =(F6*(273.15+D6)/273.15)/(M6*N6) -> 7.7901565 | L6: MU1 | M6: =VLOOKUP(L6,allgemein!$B$3:$C$11,2,FALSE) -> 1 | N6: 40 | O6: "
B7: 17J-0005Z | C7: " | D7: 25.6 | E7: 0 | F7: 285 | H7: 1.859 | I7: 1.845 | J7: =H7-I7 -> 0.014 | K7: =(F7*(273.15+D7)/273.15)/(M7*N7) -> 7.792765 | L7: MU1 | M7: =VLOOKUP(L7,allgemein!$B$3:$C$11,2,FALSE) -> 1 | N7: 40 | O7: "
B8: 17J-0006Z | C8: " | D8: 25.6 | E8: 0 | F8: 285 | H8: 1.876 | I8: 1.864 | J8: =H8-I8 -> 0.012 | K8: =(F8*(273.15+D8)/273.15)/(M8*N8) -> 7.792765 | L8: MU1 | M8: =VLOOKUP(L8,allgemein!$B$3:$C$11,2,FALSE) -> 1 | N8: 40 | O8: "
B9: 17J-0007Z | C9: " | D9: 25.6 | E9: 0 | F9: 284 | H9: 1.862 | I9: 1.849 | J9: =H9-I9 -> 0.013 | K9: =(F9*(273.15+D9)/273.15)/(M9*N9) -> 7.7654219 | L9: MU1 | M9: =VLOOKUP(L9,allgemein!$B$3:$C$11,2,FALSE) -> 1 | N9: 40 | O9: "
B10: 17J-0008Z | C10: " | D10: 25.6 | E10: 0.1 | F10: 285 | H10: 1.868 | I10: 1.855 | J10: =H10-I10 -> 0.013 | K10: =(F10*(273.15+D10)/273.15)/(M10*N10) -> 7.792765 | L10: MU1 | M10: =VLOOKUP(L10,allgemein!$B$3:$C$11,2,FALSE) -> 1 | N10: 40 | O10: "
B11: 17J-0009Z | C11: " | D11: 25.7 | E11: 0.3 | F11: 283 | H11: 1.868 | I11: 1.859 | J11: =H11-I11 -> 0.009 | K11: =(F11*(273.15+D11)/273.15)/(M11*N11) -> 7.740669 | L11: MU1 | M11: =VLOOKUP(L11,allgemein!$B$3:$C$11,2,FALSE) -> 1 | N11: 40 | O11: "
B12: 17J-0010Z | C12: " | D12: 25.7 | E12: 0.1 | F12: 285 | H12: 1.863 | I12: 1.849 | J12: =H12-I12 -> 0.014 | K12: =(F12*(273.15+D12)/273.15)/(M12*N12) -> 7.7953734 | L12: MU1 | M12: =VLOOKUP(L12,allgemein!$B$3:$C$11,2,FALSE) -> 1 | N12: 40 | O12: "
B13: 17J-0010Z | C13: " | D13: 25.6 | E13: 0.2 | F13: 286 | H13: 1.88 | I13: 1.866 | J13: =H13-I13 -> 0.014 | K13: =(F13*(273.15+D13)/273.15)/(M13*N13) -> 7.820108 | L13: MU1 | M13: =VLOOKUP(L13,allgemein!$B$3:$C$11,2,FALSE) -> 1 | N13: 40 | O13: "
B14: 17J-0012Z | C14: " | D14: 25.8 | E14: 0 | F14: 287 | H14: 1.881 | I14: 1.866 | J14: =H14-I14 -> 0.015 | K14: =(F14*(273.15+D14)/273.15)/(M14*N14) -> 7.8527046 | L14: MU1 | M14: =VLOOKUP(L14,allgemein!$B$3:$C$11,2,FALSE) -> 1 | N14: 40 | O14: "
B15: 17J-0013Z | C15: " | D15: 26.1 | E15: 0.1 | F15: 287 | H15: 1.883 | I15: 1.867 | J15: =H15-I15 -> 0.016 | K15: =(F15*(273.15+D15)/273.15)/(M15*N15) -> 7.8605848 | L15: MU1 | M15: =VLOOKUP(L15,allgemein!$B$3:$C$11,2,FALSE) -> 1 | N15: 40 | O15: "
B16: 17J-0014Z | C16: " | D16: 26.4 | E16: 0 | F16: 287 | H16: 1.885 | I16: 1.872 | J16: =H16-I16 -> 0.013 | K16: =(F16*(273.15+D16)/273.15)/(M16*N16) -> 7.8684651 | L16: MU1 | M16: =VLOOKUP(L16,allgemein!$B$3:$C$11,2,FALSE) -> 1 | N16: 40 | O16: "
B17: 17J-0015Z | C17: " | D17: 26.7 | E17: 0 | F17: 287 | H17: 1.88 | I17: 1.866 | J17: =H17-I17 -> 0.014 | K17: =(F17*(273.15+D17)/273.15)/(M17*N17) -> 7.8763454 | L17: MU1 | M17: =VLOOKUP(L17,allgemein!$B$3:$C$11,2,FALSE) -> 1 | N17: 40 | O17: "
B18: 17J-0016Z | C18: " | D18: 27.2 | E18: 0 | F18: 288 | H18: 1.876 | I18: 1.861 | J18: =H18-I18 -> 0.015 | K18: =(F18*(273.15+D18)/273.15)/(M18*N18) -> 7.9169687 | L18: MU1 | M18: =VLOOKUP(L18,allgemein!$B$3:$C$11,2,FALSE) -> 1 | N18: 40 | O18: "
B19: 17J-0017Z | C19: FA702178 | D19: 27.9 | E19: 0 | F19: 287 | H19: 1.84 | I19: 1.826 | J19: =H19-I19 -> 0.014 | K19: =(F19*(273.15+D19)/273.15)/(M19*N19) -> 7.9078666 | L19: MU1 | M19: =VLOOKUP(L19,allgemein!$B$3:$C$11,2,FALSE) -> 1 | N19: 40 | O19: " | P19: Mem. kleines Punktloch
B20: 17J-0018Z | C20: " | D20: 28.7 | E20: 0 | F20: 287 | H20: 1.839 | I20: 1.826 | J20: =H20-I20 -> 0.013 | K20: =(F20*(273.15+D20)/273.15)/(M20*N20) -> 7.9288807 | L20: MU1 | M20: =VLOOKUP(L20,allgemein!$B$3:$C$11,2,FALSE) -> 1 | N20: 40 | O20: " | P20: neuer Ultraschall- Konverter
B21: 17J-0019Z | C21: " | D21: 27 | E21: 0.1 | F21: 568 | G21: 1.834 | H21: 3.671 | I21: 3.646 | J21: =H21-I21 -> 0.025 | K21: =(F21*(273.15+D21)/273.15)/(M21*N21) -> 7.8018122 | L21: MU2 | M21: =VLOOKUP(L21,allgemein!$B$3:$C$11,2,FALSE) -> 2 | N21: 40 | O21: FA702334 | P21: "
C22: " | G22: 1.836
B23: 17J-0020Z | C23: " | D23: 27.6 | E23: 0 | F23: 568 | G23: 1.841 | H23: 3.683 | I23: 3.659 | J23: =H23-I23 -> 0.024 | K23: =(F23*(273.15+D23)/273.15)/(M23*N23) -> 7.817408 | L23: MU2 | M23: =VLOOKUP(L23,allgemein!$B$3:$C$11,2,FALSE) -> 2 | N23: 40 | O23: "
C24: " | G24: 1.842 | P24: "
B25: 17J-0021Z | C25: " | D25: 27.7 | E25: 0 | F25: 568 | G25: 1.842 | H25: 3.682 | I25: 3.654 | J25: =H25-I25 -> 0.028 | K25: =(F25*(273.15+D25)/273.15)/(M25*N25) -> 7.8200073 | L25: MU2 | M25: =VLOOKUP(L25,allgemein!$B$3:$C$11,2,FALSE) -> 2 | N25: 40 | O25: " | P25: "
C26: " | G26: 1.84 | P26: "
B27: 17J-0022Z | C27: " | D27: 27.7 | E27: 0 | F27: 569 | G27: 1.838 | H27: 3.674 | I27: 3.647 | J27: =H27-I27 -> 0.027 | K27: =(F27*(273.15+D27)/273.15)/(M27*N27) -> 7.8337749 | L27: MU2 | M27: =VLOOKUP(L27,allgemein!$B$3:$C$11,2,FALSE) -> 2 | N27: 40 | O27: " | P27: "
C28: " | G28: 1.836
B29: 17J-0023Z | C29: " | D29: 27.7 | E29: 0 | F29: 566 | G29: 1.872 | H29: 3.721 | I29: 3.702 | J29: =H29-I29 -> 0.019 | K29: =(F29*(273.15+D29)/273.15)/(M29*N29) -> 7.7924721 | L29: MU2 | M29: =VLOOKUP(L29,allgemein!$B$3:$C$11,2,FALSE) -> 2 | N29: 40 | O29: "
C30: " | G30: 1.849
B31: 17J-0024Z | C31: " | D31: 27 | E31: 0.2 | F31: 569 | G31: 1.857 | H31: 3.715 | I31: 3.689 | J31: =H31-I31 -> 0.026 | K31: =(F31*(273.15+D31)/273.15)/(M31*N31) -> 7.8155478 | L31: MU2 | M31: =VLOOKUP(L31,allgemein!$B$3:$C$11,2,FALSE) -> 2 | N31: 40 | O31: "
C32: " | G32: 1.858
B33: 17J-0025Z | C33: " | D33: 26.9 | E33: 0.3 | F33: 569 | G33: 1.857 | H33: 3.712 | I33: 3.685 | J33: =H33-I33 -> 0.027 | K33: =(F33*(273.15+D33)/273.15)/(M33*N33) -> 7.8129439 | L33: MU2 | M33: =VLOOKUP(L33,allgemein!$B$3:$C$11,2,FALSE) -> 2 | N33: 40 | O33: "
C34: " | G34: 1.855
B35: 17J-0026Z | C35: " | D35: 26.7 | E35: 0.5 | F35: 569 | G35: 1.847 | H35: 3.698 | I35: 3.675 | J35: =H35-I35 -> 0.023 | K35: =(F35*(273.15+D35)/273.15)/(M35*N35) -> 7.8077361 | L35: MU2 | M35: =VLOOKUP(L35,allgemein!$B$3:$C$11,2,FALSE) -> 2 | N35: 40 | O35: "
C36: " | G36: 1.851
B37: 17C-0080Z | C37: FA701100 | D37: 25.3 | E37: 0.3 | F37: 282 | H37: 1.99 | I37: 1.937 | J37: =H37-I37 -> 0.053 | K37: =(F37*(273.15+D37)/273.15)/(M37*N37) -> 7.7029929 | L37: MU1 | M37: 1 | N37: 40 | O37: i.O.; C.S. | P37: angeliefert
C38: " | D38: 25.6 | E38: 0.2 | F38: 281 | H38: 1.988 | I38: 1.924 | J38: =H38-I38 -> 0.064 | K38: =(F38*(273.15+D38)/273.15)/(M38*N38) -> 7.6833928 | L38: MU1 | M38: 1 | N38: 40 | O38: i.O.; C.S. | P38: " ca 90 Min Betrieb
D39: 23.6 | E39: 0.2 | F39: 284 | H39: 1.86 | I39: 1.847 | J39: =H39-I39 -> 0.013 | K39: =(F39*(273.15+D39)/273.15)/(M39*N39) -> 7.7134358 | L39: MU1 | M39: 1 | N39: 40 | O39: FA701694 | P39: nach Revision; Auslief Nov
B40: 17J-0027Z | C40: FA702178 | G40: 1.811 | L40: MU12 | M40: 12 | O40: FA702533
C41: FA702179 | G41: 1.788
C42: " | G42: 1.791
C43: " | G43: 1.79
C44: " | G44: 1.787
C45: " | G45: 1.788
C46: " | G46: 1.788
C47: " | G47: 1.789
C48: " | G48: 1.791
C49: " | G49: 1.796
C50: " | G50: 1.798
C51: " | G51: 1.795
B52: 17J-0028Z | C52: FA702364 | D52: 23.6 | E52: 0.1 | F52: 179 | H52: 1.911 | I52: 1.897 | J52: =H52-I52 -> 0.014 | K52: =(F52*(273.15+D52)/273.15)/(M52*N52) -> 7.7786198 | L52: MI_V3 | M52: =VLOOKUP(L52,allgemein!$B$3:$C$11,2,FALSE) -> 1 | N52: 25 | O52: FA702462 | P52: neuer Ultraschall- Konverter
B53: 17J-0029Z | C53: " | D53: 23.6 | E53: 0 | F53: 180 | H53: 1.896 | I53: 1.882 | J53: =H53-I53 -> 0.014 | K53: =(F53*(273.15+D53)/273.15)/(M53*N53) -> 7.8220758 | L53: MI_V3 | M53: =VLOOKUP(L53,allgemein!$B$3:$C$11,2,FALSE) -> 1 | N53: 25 | O53: "
B54: 17J-0030Z | C54: " | D54: 23.4 | E54: 0 | F54: 180 | H54: 1.89 | I54: 1.876 | J54: =H54-I54 -> 0.014 | K54: =(F54*(273.15+D54)/273.15)/(M54*N54) -> 7.816804 | L54: MI_V3 | M54: =VLOOKUP(L54,allgemein!$B$3:$C$11,2,FALSE) -> 1 | N54: 25 | O54: "
B55: 17J-0031Z | C55: " | D55: 23.4 | E55: 0 | F55: 180 | H55: 1.898 | I55: 1.888 | J55: =H55-I55 -> 0.01 | K55: =(F55*(273.15+D55)/273.15)/(M55*N55) -> 7.816804 | L55: MI_V3 | M55: =VLOOKUP(L55,allgemein!$B$3:$C$11,2,FALSE) -> 1 | N55: 25 | O55: "
B56: 17J-0032Z | C56: " | D56: 23.3 | E56: 0.1 | F56: 178 | H56: 1.9 | I56: 1.887 | J56: =H56-I56 -> 0.013 | K56: =(F56*(273.15+D56)/273.15)/(M56*N56) -> 7.727344 | L56: MI_V3 | M56: =VLOOKUP(L56,allgemein!$B$3:$C$11,2,FALSE) -> 1 | N56: 25 | O56: "
B57: 17J-0033Z | C57: " | D57: 23.2 | E57: 0 | F57: 178 | H57: 1.889 | I57: 1.876 | J57: =H57-I57 -> 0.013 | K57: =(F57*(273.15+D57)/273.15)/(M57*N57) -> 7.7247373 | L57: MI_V3 | M57: =VLOOKUP(L57,allgemein!$B$3:$C$11,2,FALSE) -> 1 | N57: 25 | O57: "
B58: 17J-0034Z | C58: " | D58: 23.2 | E58: 0 | F58: 178 | H58: 1.9 | I58: 1.889 | J58: =H58-I58 -> 0.011 | K58: =(F58*(273.15+D58)/273.15)/(M58*N58) -> 7.7247373 | L58: MI_V3 | M58: =VLOOKUP(L58,allgemein!$B$3:$C$11,2,FALSE) -> 1 | N58: 25 | O58: "
B59: 17J-0035Z | C59: " | D59: 23.2 | E59: 0 | F59: 178 | H59: 1.909 | I59: 1.892 | J59: =H59-I59 -> 0.017 | K59: =(F59*(273.15+D59)/273.15)/(M59*N59) -> 7.7247373 | L59: MI_V3 | M59: =VLOOKUP(L59,allgemein!$B$3:$C$11,2,FALSE) -> 1 | N59: 25 | O59: " | P59: 0.02
C60: I24-3095 | D60: 21.7 | E60: 8.9 | F60: 178 | H60: 1.968 | I60: 1.958 | J60: =H60-I60 -> 0.01 | K60: =(F60*(273.15+D60)/273.15)/(M60*N60) -> 7.6856379 | L60: MI_V3 | M60: =VLOOKUP(L60,allgemein!$B$3:$C$11,2,FALSE) -> 1 | N60: 25 | P60: ALTE Mem. (nicht gespült)
C61: FA702364 | D61: 26.4 | E61: 0 | F61: 177 | H61: 1.918 | I61: 1.896 | J61: =H61-I61 -> 0.022 | K61: =(F61*(273.15+D61)/273.15)/(M61*N61) -> 7.7642834 | L61: MI_V3 | M61: =VLOOKUP(L61,allgemein!$B$3:$C$11,2,FALSE) -> 1 | N61: 25 | P61: nach: Mem. 30Std in Säure
D62: 25.8 | E62: 0.2 | F62: 177 | H62: 1.917 | I62: 1.895 | J62: =H62-I62 -> 0.022 | K62: =(F62*(273.15+D62)/273.15)/(M62*N62) -> 7.7487315 | L62: MI_V3 | M62: =VLOOKUP(L62,allgemein!$B$3:$C$11,2,FALSE) -> 1 | N62: 25 | P62: "
D63: 22.9 | E63: 0 | F63: 177 | H63: 1.932 | I63: 1.91 | J63: =H63-I63 -> 0.022 | K63: =(F63*(273.15+D63)/273.15)/(M63*N63) -> 7.673564 | L63: MI_V3 | M63: =VLOOKUP(L63,allgemein!$B$3:$C$11,2,FALSE) -> 1 | N63: 25 | P63: nach 2 Std Lauge/ 65 Std Säure
D64: 22.9 | E64: 0.1 | F64: 177 | H64: 1.931 | I64: 1.91 | J64: =H64-I64 -> 0.021 | K64: =(F64*(273.15+D64)/273.15)/(M64*N64) -> 7.673564 | L64: MI_V3 | M64: =VLOOKUP(L64,allgemein!$B$3:$C$11,2,FALSE) -> 1 | N64: 25
C65: FA702429 | D65: 23.5 | E65: 0.7 | F65: 177 | H65: 1.898 | I65: 1.89 | J65: =H65-I65 -> 0.008 | K65: =(F65*(273.15+D65)/273.15)/(M65*N65) -> 7.6891159 | L65: MI_V3 | M65: =VLOOKUP(L65,allgemein!$B$3:$C$11,2,FALSE) -> 1 | N65: 25 | P65: neue Membrane
B66: 17J-0036Z | C66: FA702364 | D66: 23.2 | E66: 0 | F66: 178 | H66: 1.908 | I66: 1.884 | J66: =H66-I66 -> 0.024 | K66: =(F66*(273.15+D66)/273.15)/(M66*N66) -> 7.7247373 | L66: MI_V3 | M66: =VLOOKUP(L66,allgemein!$B$3:$C$11,2,FALSE) -> 1 | N66: 25 | O66: " | P66: 0.028
D67: 22.6 | E67: 0 | F67: 178 | H67: 1.916 | I67: 1.888 | J67: =H67-I67 -> 0.028 | K67: =(F67*(273.15+D67)/273.15)/(M67*N67) -> 7.7090976 | L67: MI_V3 | M67: =VLOOKUP(L67,allgemein!$B$3:$C$11,2,FALSE) -> 1 | N67: 25
D68: 21.7 | E68: 0 | F68: 178 | H68: 1.927 | I68: 1.902 | J68: =H68-I68 -> 0.025 | K68: =(F68*(273.15+D68)/273.15)/(M68*N68) -> 7.6856379 | L68: MI_V3 | M68: =VLOOKUP(L68,allgemein!$B$3:$C$11,2,FALSE) -> 1 | N68: 25 | O68: "
C69: I24-3093 | D69: 21.5 | E69: 1.1 | F69: 178 | H69: 1.937 | I69: 1.928 | J69: =H69-I69 -> 0.009 | K69: =(F69*(273.15+D69)/273.15)/(M69*N69) -> 7.6804247 | L69: MI_V3 | M69: =VLOOKUP(L69,allgemein!$B$3:$C$11,2,FALSE) -> 1 | N69: 25 | O69: " | P69: ALTE Mem. (nicht gespült)
C70: FA702364 | D70: 25 | E70: 0.3 | F70: 178 | H70: 1.98 | I70: 1.906 | J70: =H70-I70 -> 0.074 | K70: =(F70*(273.15+D70)/273.15)/(M70*N70) -> 7.7716566 | L70: MI_V3 | M70: =VLOOKUP(L70,allgemein!$B$3:$C$11,2,FALSE) -> 1 | N70: 25 | P70: nach: Mem. 30Std in Säure
D71: 24.6 | E71: 0.3 | F71: 177 | H71: 1.976 | I71: 1.893 | J71: =H71-I71 -> 0.083 | K71: =(F71*(273.15+D71)/273.15)/(M71*N71) -> 7.7176277 | L71: MI_V3 | M71: =VLOOKUP(L71,allgemein!$B$3:$C$11,2,FALSE) -> 1 | N71: 25 | P71: "
D72: 22.4 | E72: 0.1 | F72: 178 | H72: 1.924 | I72: 1.906 | J72: =H72-I72 -> 0.018 | K72: =(F72*(273.15+D72)/273.15)/(M72*N72) -> 7.7038843 | L72: MI_V3 | M72: =VLOOKUP(L72,allgemein!$B$3:$C$11,2,FALSE) -> 1 | N72: 25 | P72: nach 2 Std Lauge/ 65 Std Säure
C73: FA702429 | D73: 23.6 | E73: 0.3 | F73: 178 | H73: 1.87 | I73: 1.861 | J73: =H73-I73 -> 0.009 | K73: =(F73*(273.15+D73)/273.15)/(M73*N73) -> 7.7351638 | L73: MI_V3 | M73: =VLOOKUP(L73,allgemein!$B$3:$C$11,2,FALSE) -> 1 | N73: 25 | P73: neue Membrane
B74: 17J-0037Z | C74: FA702364 | D74: 23.2 | E74: 0 | F74: 178 | H74: 1.897 | I74: 1.882 | J74: =H74-I74 -> 0.015 | K74: =(F74*(273.15+D74)/273.15)/(M74*N74) -> 7.7247373 | L74: MI_V3 | M74: =VLOOKUP(L74,allgemein!$B$3:$C$11,2,FALSE) -> 1 | N74: 25 | O74: "
B75: 17J-0038Z | C75: " | D75: 23.2 | E75: 0.3 | F75: 178 | H75: 1.898 | I75: 1.888 | J75: =H75-I75 -> 0.01 | K75: =(F75*(273.15+D75)/273.15)/(M75*N75) -> 7.7247373 | L75: MI_V3 | M75: =VLOOKUP(L75,allgemein!$B$3:$C$11,2,FALSE) -> 1 | N75: 25 | O75: "
B76: 17J-0039Z | C76: " | D76: 23.1 | E76: 0 | F76: 178 | H76: 1.895 | I76: 1.88 | J76: =H76-I76 -> 0.015 | K76: =(F76*(273.15+D76)/273.15)/(M76*N76) -> 7.7221307 | L76: MI_V3 | M76: =VLOOKUP(L76,allgemein!$B$3:$C$11,2,FALSE) -> 1 | N76: 25 | O76: "
B77: 17J-0040Z | C77: " | D77: 23 | E77: 0.1 | F77: 178 | H77: 1.901 | I77: 1.888 | J77: =H77-I77 -> 0.013 | K77: =(F77*(273.15+D77)/273.15)/(M77*N77) -> 7.7195241 | L77: MI_V3 | M77: =VLOOKUP(L77,allgemein!$B$3:$C$11,2,FALSE) -> 1 | N77: 25 | O77: "
B78: 17J-0041Z | C78: " | D78: 22.9 | E78: 0 | F78: 179 | H78: 1.909 | I78: 1.895 | J78: =H78-I78 -> 0.014 | K78: =(F78*(273.15+D78)/273.15)/(M78*N78) -> 7.7602709 | L78: MI_V3 | M78: =VLOOKUP(L78,allgemein!$B$3:$C$11,2,FALSE) -> 1 | N78: 25 | O78: "
B79: 17J-0042Z | C79: " | D79: 22.8 | E79: 0.1 | F79: 179 | H79: 1.91 | I79: 1.897 | J79: =H79-I79 -> 0.013 | K79: =(F79*(273.15+D79)/273.15)/(M79*N79) -> 7.7576496 | L79: MI_V3 | M79: =VLOOKUP(L79,allgemein!$B$3:$C$11,2,FALSE) -> 1 | N79: 25 | O79: "
B80: 17J-0043Z | C80: " | D80: 22.1 | E80: 0.3 | F80: 178 | H80: 1.895 | I80: 1.887 | J80: =H80-I80 -> 0.008 | K80: =(F80*(273.15+D80)/273.15)/(M80*N80) -> 7.6960644 | L80: MI_V3 | M80: =VLOOKUP(L80,allgemein!$B$3:$C$11,2,FALSE) -> 1 | N80: 25 | O80: "
B81: 17J-0044Z | C81: " | D81: 22.1 | E81: 0.1 | F81: 178 | H81: 1.919 | I81: 1.906 | J81: =H81-I81 -> 0.013 | K81: =(F81*(273.15+D81)/273.15)/(M81*N81) -> 7.6960644 | L81: MI_V3 | M81: =VLOOKUP(L81,allgemein!$B$3:$C$11,2,FALSE) -> 1 | N81: 25 | O81: "
B82: 17J-0045Z | C82: " | D82: 22 | E82: 0.1 | F82: 178 | H82: 1.929 | I82: 1.912 | J82: =H82-I82 -> 0.017 | K82: =(F82*(273.15+D82)/273.15)/(M82*N82) -> 7.6934578 | L82: MI_V3 | M82: =VLOOKUP(L82,allgemein!$B$3:$C$11,2,FALSE) -> 1 | N82: 25 | O82: "
C83: FA702429 | D83: 23.9 | E83: 0.5 | F83: 178 | H83: 1.892 | I83: 1.882 | J83: =H83-I83 -> 0.01 | K83: =(F83*(273.15+D83)/273.15)/(M83*N83) -> 7.7429837 | L83: MI_V3 | M83: =VLOOKUP(L83,allgemein!$B$3:$C$11,2,FALSE) -> 1 | N83: 25 | O83: " | P83: neue Membrane
B84: 17J-0046Z | C84: FA702364 | D84: 22 | E84: 0.2 | F84: 178 | H84: 1.91 | I84: 1.898 | J84: =H84-I84 -> 0.012 | K84: =(F84*(273.15+D84)/273.15)/(M84*N84) -> 7.6934578 | L84: MI_V3 | M84: =VLOOKUP(L84,allgemein!$B$3:$C$11,2,FALSE) -> 1 | N84: 25 | O84: "
B85: 17J-0047Z | C85: " | D85: 22 | E85: 0.2 | F85: 179 | H85: 1.89 | I85: 1.879 | J85: =H85-I85 -> 0.011 | K85: =(F85*(273.15+D85)/273.15)/(M85*N85) -> 7.7366795 | L85: MI_V3 | M85: =VLOOKUP(L85,allgemein!$B$3:$C$11,2,FALSE) -> 1 | N85: 25 | O85: "
B86: 17J-0048Z | C86: FA702429 | D86: 24.5 | E86: 0.2 | F86: 179 | H86: 1.873 | I86: 1.856 | J86: =H86-I86 -> 0.017 | K86: =(F86*(273.15+D86)/273.15)/(M86*N86) -> 7.8022112 | L86: MI_V3 | M86: =VLOOKUP(L86,allgemein!$B$3:$C$11,2,FALSE) -> 1 | N86: 25 | O86: " | P86: ab Me Nr.9 neues Iridium
B87: 17J-0049Z | C87: " | D87: 24.5 | E87: 0.2 | F87: 179 | H87: 1.876 | I87: 1.864 | J87: =H87-I87 -> 0.012 | K87: =(F87*(273.15+D87)/273.15)/(M87*N87) -> 7.8022112 | L87: MI_V3 | M87: =VLOOKUP(L87,allgemein!$B$3:$C$11,2,FALSE) -> 1 | N87: 25 | O87: " | P87: ab Me Nr.10 neues Platin
B88: 17J-0050Z | C88: " | D88: 24.3 | E88: 0.3 | F88: 179 | H88: 1.878 | I88: 1.864 | J88: =H88-I88 -> 0.014 | K88: =(F88*(273.15+D88)/273.15)/(M88*N88) -> 7.7969687 | L88: MI_V3 | M88: =VLOOKUP(L88,allgemein!$B$3:$C$11,2,FALSE) -> 1 | N88: 25 | O88: "
B89: 17J-0051Z | C89: " | D89: 23.9 | E89: 0.7 | F89: 178 | H89: 1.899 | I89: 1.892 | J89: =H89-I89 -> 0.007 | K89: =(F89*(273.15+D89)/273.15)/(M89*N89) -> 7.7429837 | L89: MI_V3 | M89: =VLOOKUP(L89,allgemein!$B$3:$C$11,2,FALSE) -> 1 | N89: 25 | O89: "
B90: 17J-0052Z | C90: " | D90: 23.7 | E90: 0.2 | F90: 178 | H90: 1.903 | I90: 1.888 | J90: =H90-I90 -> 0.015 | K90: =(F90*(273.15+D90)/273.15)/(M90*N90) -> 7.7377705 | L90: MI_V3 | M90: =VLOOKUP(L90,allgemein!$B$3:$C$11,2,FALSE) -> 1 | N90: 25 | O90: "
B91: 17J-0053Z | C91: " | D91: 23.6 | E91: 0.2 | F91: 179 | H91: 1.89 | I91: 1.879 | J91: =H91-I91 -> 0.011 | K91: =(F91*(273.15+D91)/273.15)/(M91*N91) -> 7.7786198 | L91: MI_V3 | M91: =VLOOKUP(L91,allgemein!$B$3:$C$11,2,FALSE) -> 1 | N91: 25 | O91: "
B92: 17J-0054Z | C92: " | D92: 23.5 | E92: 0.3 | F92: 179 | H92: 1.881 | I92: 1.867 | J92: =H92-I92 -> 0.014 | K92: =(F92*(273.15+D92)/273.15)/(M92*N92) -> 7.7759985 | L92: MI_V3 | M92: =VLOOKUP(L92,allgemein!$B$3:$C$11,2,FALSE) -> 1 | N92: 25 | O92: "
B93: 17J-0055Z | C93: " | D93: 23.4 | E93: 0.2 | F93: 179 | H93: 1.881 | I93: 1.868 | J93: =H93-I93 -> 0.013 | K93: =(F93*(273.15+D93)/273.15)/(M93*N93) -> 7.7733773 | L93: MI_V3 | M93: =VLOOKUP(L93,allgemein!$B$3:$C$11,2,FALSE) -> 1 | N93: 25 | O93: "
B94: 17J-0056Z | C94: " | D94: 23.3 | E94: 0.1 | F94: 179 | H94: 1.908 | I94: 1.889 | J94: =H94-I94 -> 0.019 | K94: =(F94*(273.15+D94)/273.15)/(M94*N94) -> 7.770756 | L94: MI_V3 | M94: =VLOOKUP(L94,allgemein!$B$3:$C$11,2,FALSE) -> 1 | N94: 25 | O94: "
D95: 24.6 | E95: 0.2 | F95: 179 | H95: 1.906 | I95: 1.887 | J95: =H95-I95 -> 0.019 | K95: =(F95*(273.15+D95)/273.15)/(M95*N95) -> 7.8048325 | L95: MI_V3 | M95: =VLOOKUP(L95,allgemein!$B$3:$C$11,2,FALSE) -> 1 | N95: 25
C96: FA702429 | D96: 24.2 | E96: 0.4 | F96: 178 | H96: 1.869 | I96: 1.857 | J96: =H96-I96 -> 0.012 | K96: =(F96*(273.15+D96)/273.15)/(M96*N96) -> 7.7508036 | L96: MI_V3 | M96: =VLOOKUP(L96,allgemein!$B$3:$C$11,2,FALSE) -> 1 | N96: 25 | O96: " | P96: neue Membrane
B97: 17J-0057Z | C97: " | D97: 23.3 | E97: 0.2 | F97: 180 | H97: 1.882 | I97: 1.868 | J97: =H97-I97 -> 0.014 | K97: =(F97*(273.15+D97)/273.15)/(M97*N97) -> 7.814168 | L97: MI_V3 | M97: =VLOOKUP(L97,allgemein!$B$3:$C$11,2,FALSE) -> 1 | N97: 25 | O97: "

Sheet Nov
B2: Cell # | C2: Membran # ¦ Batch # | D2: Temp Gas / [°C] | E2: Temp Kat T1-T2 / [°C] | F2: Gasfluss / [sccm / min] | G2: Membrane V @ 13 bar/[V] | H2: Cell V @ 13 bar/[V] | I2: Cell V @ 0 bar [V] | J2: Voltage Diff. / [V] | K2: H2 Prod / [nmL/A] | L2: Typ | M2: Anzahl Layer | N2: Strom / [A] | O2: FA # | P2: Bemerkungen | R2: Visum | S2: Jahr: | T2: 2017
B3: 17K-0001Z | C3: FA702429 | D3: 23.2 | E3: 1 | F3: 177 | H3: 1.913 | I3: 1.9 | J3: =H3-I3 -> 0.013 | K3: =(F3*(273.15+D3)/273.15)/(M3*N3) -> 7.6813399 | L3: MI_V3 | M3: =VLOOKUP(L3,allgemein!$B$3:$C$11,2,FALSE) -> 1 | N3: 25 | O3: FA702625
B4: 17K-0002Z | C4: " | D4: 23.2 | E4: 1.7 | F4: 177 | H4: 1.92 | I4: 1.909 | J4: =H4-I4 -> 0.011 | K4: =(F4*(273.15+D4)/273.15)/(M4*N4) -> 7.6813399 | L4: MI_V3 | M4: =VLOOKUP(L4,allgemein!$B$3:$C$11,2,FALSE) -> 1 | N4: 25 | O4: "
B5: 17K-0003Z | C5: " | D5: 23.2 | E5: 1 | F5: 177 | H5: 1.901 | I5: 1.887 | J5: =H5-I5 -> 0.014 | K5: =(F8*(273.15+D8)/273.15)/(M5*N5) -> 7.6813399 | L5: MI_V3 | M5: =VLOOKUP(L5,allgemein!$B$3:$C$11,2,FALSE) -> 1 | N5: 25 | O5: "
B6: 17K-0004Z | C6: " | D6: 23.2 | E6: 1.9 | F6: 178 | H6: 1.901 | I6: 1.888 | J6: =H6-I6 -> 0.013 | K6: =(F6*(273.15+D6)/273.15)/(M6*N6) -> 7.7247373 | L6: MI_V3 | M6: =VLOOKUP(L6,allgemein!$B$3:$C$11,2,FALSE) -> 1 | N6: 25 | O6: "
B7: 17K-0005Z | C7: " | D7: 23.1 | E7: 1.1 | F7: 178 | H7: 1.915 | I7: 1.902 | J7: =H7-I7 -> 0.013 | K7: =(F7*(273.15+D7)/273.15)/(M7*N7) -> 7.7221307 | L7: MI_V3 | M7: =VLOOKUP(L7,allgemein!$B$3:$C$11,2,FALSE) -> 1 | N7: 25 | O7: "
B8: 17K-0006Z | C8: " | D8: 23.2 | E8: 1.9 | F8: 177 | H8: 1.892 | I8: 1.88 | J8: =H8-I8 -> 0.012 | K8: =(F8*(273.15+D8)/273.15)/(M8*N8) -> 7.6813399 | L8: MI_V3 | M8: =VLOOKUP(L8,allgemein!$B$3:$C$11,2,FALSE) -> 1 | N8: 25 | O8: "
B9: 17K-0007Z | C9: FA702365 | D9: 23.6 | E9: 0.1 | F9: 178 | H9: 1.905 | I9: 1.89 | J9: =H9-I9 -> 0.015 | K9: =(F9*(273.15+D9)/273.15)/(M9*N9) -> 7.7351638 | L9: MI_V3 | M9: =VLOOKUP(L9,allgemein!$B$3:$C$11,2,FALSE) -> 1 | N9: 25 | O9: "
B10: 17K-0008Z | C10: " | D10: 23.8 | E10: 0.2 | F10: 178 | H10: 1.895 | I10: 1.883 | J10: =H10-I10 -> 0.012 | K10: =(F10*(273.15+D10)/273.15)/(M10*N10) -> 7.7403771 | L10: MI_V3 | M10: =VLOOKUP(L10,allgemein!$B$3:$C$11,2,FALSE) -> 1 | N10: 25 | O10: "
B11: 17K-0009Z | C11: " | D11: 24.2 | E11: 0.3 | F11: 179 | H11: 1.896 | I11: 1.884 | J11: =H11-I11 -> 0.012 | K11: =(F11*(273.15+D11)/273.15)/(M11*N11) -> 7.7943474 | L11: MI_V3 | M11: =VLOOKUP(L11,allgemein!$B$3:$C$11,2,FALSE) -> 1 | N11: 25 | O11: "
B12: 17K-0010Z | C12: " | D12: 24.6 | E12: 0.7 | F12: 177 | H12: 1.893 | I12: 1.885 | J12: =H12-I12 -> 0.008 | K12: =(F12*(273.15+D12)/273.15)/(M12*N12) -> 7.7176277 | L12: MI_V3 | M12: =VLOOKUP(L12,allgemein!$B$3:$C$11,2,FALSE) -> 1 | N12: 25 | O12: "
B13: 17K-0011Z | C13: " | D13: 25.1 | E13: 0.7 | F13: 177 | H13: 1.884 | I13: 1.875 | J13: =H13-I13 -> 0.009 | K13: =(F13*(273.15+D13)/273.15)/(M13*N13) -> 7.7305876 | L13: MI_V3 | M13: =VLOOKUP(L13,allgemein!$B$3:$C$11,2,FALSE) -> 1 | N13: 25 | O13: "
B14: 17K-0012Z | C14: " | D14: 25.6 | E14: 0.1 | F14: 177 | H14: 1.888 | I14: 1.875 | J14: =H14-I14 -> 0.013 | K14: =(F14*(273.15+D14)/273.15)/(M14*N14) -> 7.7435475 | L14: MI_V3 | M14: =VLOOKUP(L14,allgemein!$B$3:$C$11,2,FALSE) -> 1 | N14: 25 | O14: "
B15: 17K-0013Z | C15: " | D15: 26.6 | E15: 0.2 | F15: 178 | H15: 1.898 | I15: 1.864 | J15: =H15-I15 -> 0.034 | K15: =(F15*(273.15+D15)/273.15)/(M15*N15) -> 7.8133626 | L15: MI_V3 | M15: =VLOOKUP(L15,allgemein!$B$3:$C$11,2,FALSE) -> 1 | N15: 25 | O15: "
C16: " | D16: 23.5 | E16: 0.2 | F16: 179 | H16: 1.908 | I16: 1.876 | J16: =H16-I16 -> 0.032 | K16: =(F16*(273.15+D16)/273.15)/(M16*N16) -> 7.7759985 | L16: MI_V3 | M16: =VLOOKUP(L16,allgemein!$B$3:$C$11,2,FALSE) -> 1 | N16: 25 | O16: "
C17: " | D17: 22.9 | E17: 2.7 | F17: 178 | H17: 1.899 | I17: 1.877 | J17: =H17-I17 -> 0.022 | K17: =(F17*(273.15+D17)/273.15)/(M17*N17) -> 7.7169174 | L17: MI_V3 | M17: =VLOOKUP(L17,allgemein!$B$3:$C$11,2,FALSE) -> 1 | N17: 25 | O17: " | P17: neue Mem./ ungespült
C18: " | D18: 23.1 | E18: 2.9 | F18: 178 | H18: 1.899 | I18: 1.877 | J18: =H18-I18 -> 0.022 | K18: =(F18*(273.15+D18)/273.15)/(M18*N18) -> 7.7221307 | L18: MI_V3 | M18: =VLOOKUP(L18,allgemein!$B$3:$C$11,2,FALSE) -> 1 | N18: 25 | O18: " | P18: "
C19: " | D19: 22.8 | E19: 0.3 | F19: 178 | H19: 1.897 | I19: 1.882 | J19: =H19-I19 -> 0.015 | K19: =(F19*(273.15+D19)/273.15)/(M19*N19) -> 7.7143108 | L19: MI_V3 | M19: =VLOOKUP(L19,allgemein!$B$3:$C$11,2,FALSE) -> 1 | N19: 25 | O19: " | P19: neue Mem./gespült
B20: 17K-0014Z | C20: " | D20: 27.4 | E20: 0.2 | F20: 178 | H20: 1.867 | I20: 1.852 | J20: =H20-I20 -> 0.015 | K20: =(F20*(273.15+D20)/273.15)/(M20*N20) -> 7.8342156 | L20: MI_V3 | M20: =VLOOKUP(L20,allgemein!$B$3:$C$11,2,FALSE) -> 1 | N20: 25 | O20: "
B21: 17K-0015Z | C21: " | D21: 23.4 | E21: 0.2 | F21: 178 | H21: 1.886 | I21: 1.875 | J21: =H21-I21 -> 0.011 | K21: =(F21*(273.15+D21)/273.15)/(M21*N21) -> 7.7299506 | L21: MI_V3 | M21: =VLOOKUP(L21,allgemein!$B$3:$C$11,2,FALSE) -> 1 | N21: 25 | O21: "
B22: 17K-0016Z | C22: " | D22: 23.6 | E22: 0.1 | F22: 177 | H22: 1.888 | I22: 1.877 | J22: =H22-I22 -> 0.011 | K22: =(F22*(273.15+D22)/273.15)/(M22*N22) -> 7.6917079 | L22: MI_V3 | M22: =VLOOKUP(L22,allgemein!$B$3:$C$11,2,FALSE) -> 1 | N22: 25 | O22: "
B23: 17K-0017Z | C23: " | D23: 23.7 | E23: 0.1 | F23: 178 | H23: 1.898 | I23: 1.885 | J23: =H23-I23 -> 0.013 | K23: =(F23*(273.15+D23)/273.15)/(M23*N23) -> 7.7377705 | L23: MI_V3 | M23: =VLOOKUP(L23,allgemein!$B$3:$C$11,2,FALSE) -> 1 | N23: 25 | O23: "
B24: 17K-0018Z | C24: " | D24: 23.8 | E24: 0.1 | F24: 177 | H24: 1.882 | I24: 1.87 | J24: =H24-I24 -> 0.012 | K24: =(F24*(273.15+D24)/273.15)/(M24*N24) -> 7.6968918 | L24: MI_V3 | M24: =VLOOKUP(L24,allgemein!$B$3:$C$11,2,FALSE) -> 1 | N24: 25 | O24: "
B25: 17K-0019Z | C25: " | D25: 23.9 | E25: 0 | F25: 178 | H25: 1.893 | I25: 1.878 | J25: =H25-I25 -> 0.015 | K25: =(F25*(273.15+D25)/273.15)/(M25*N25) -> 7.7429837 | L25: MI_V3 | M25: =VLOOKUP(L25,allgemein!$B$3:$C$11,2,FALSE) -> 1 | N25: 25 | O25: "
B26: 17K-0020Z | C26: " | D26: 24 | E26: 0 | F26: 177 | H26: 1.886 | I26: 1.872 | J26: =H26-I26 -> 0.014 | K26: =(F26*(273.15+D26)/273.15)/(M26*N26) -> 7.7020758 | L26: MI_V3 | M26: =VLOOKUP(L26,allgemein!$B$3:$C$11,2,FALSE) -> 1 | N26: 25 | O26: "
B27: 17K-0021Z | C27: " | D27: 24.3 | E27: 0.1 | F27: 178 | H27: 1.891 | I27: 1.877 | J27: =H27-I27 -> 0.014 | K27: =(F27*(273.15+D27)/273.15)/(M27*N27) -> 7.7534102 | L27: MI_V3 | M27: =VLOOKUP(L27,allgemein!$B$3:$C$11,2,FALSE) -> 1 | N27: 25 | O27: "
B28: 17K-0022Z | C28: " | D28: 24.5 | E28: 0.1 | F28: 178 | H28: 1.88 | I28: 1.869 | J28: =H28-I28 -> 0.011 | K28: =(F28*(273.15+D28)/273.15)/(M28*N28) -> 7.7586235 | L28: MI_V3 | M28: =VLOOKUP(L28,allgemein!$B$3:$C$11,2,FALSE) -> 1 | N28: 25 | O28: "
B29: 17K-0023Z | C29: FA702179 | D29: 24.3 | E29: 0.1 | F29: 287 | H29: 1.877 | I29: 1.864 | J29: =H29-I29 -> 0.013 | K29: =(F29*(273.15+D29)/273.15)/(M29*N29) -> 7.8133031 | L29: MU1 | M29: =VLOOKUP(L29,allgemein!$B$3:$C$11,2,FALSE) -> 1 | N29: 40 | O29: FA702572
B30: 17K-0024Z | C30: " | D30: 24.3 | E30: 0.1 | F30: 287 | H30: 1.88 | I30: 1.864 | J30: =H30-I30 -> 0.016 | K30: =(F30*(273.15+D30)/273.15)/(M30*N30) -> 7.8133031 | L30: MU1 | M30: =VLOOKUP(L30,allgemein!$B$3:$C$11,2,FALSE) -> 1 | N30: 40 | O30: "
B31: 17K-0025Z | C31: " | D31: 24.3 | E31: 0.2 | F31: 286 | H31: 1.884 | I31: 1.871 | J31: =H31-I31 -> 0.013 | K31: =(F31*(273.15+D31)/273.15)/(M31*N31) -> 7.7860791 | L31: MU1 | M31: =VLOOKUP(L31,allgemein!$B$3:$C$11,2,FALSE) -> 1 | N31: 40 | O31: "
B32: 17K-0026Z | C32: " | D32: 24.2 | E32: 0.1 | F32: 287 | H32: 1.877 | I32: 1.862 | J32: =H32-I32 -> 0.015 | K32: =(F32*(273.15+D32)/273.15)/(M32*N32) -> 7.8106764 | L32: MU1 | M32: =VLOOKUP(L32,allgemein!$B$3:$C$11,2,FALSE) -> 1 | N32: 40 | O32: "
B33: 17K-0027Z | C33: FA702181 | D33: 24 | E33: 0.7 | F33: 285 | H33: 1.866 | I33: 1.855 | J33: =H33-I33 -> 0.011 | K33: =(F33*(273.15+D33)/273.15)/(M33*N33) -> 7.7510297 | L33: MU1 | M33: =VLOOKUP(L33,allgemein!$B$3:$C$11,2,FALSE) -> 1 | N33: 40 | O33: " | P33: Mem. mit neuer Besprühung
B34: 17K-0028Z | C34: " | D34: 23.9 | E34: 0.1 | F34: 285 | H34: 1.863 | I34: 1.847 | J34: =H34-I34 -> 0.016 | K34: =(F34*(273.15+D34)/273.15)/(M34*N34) -> 7.7484212 | L34: MU1 | M34: =VLOOKUP(L34,allgemein!$B$3:$C$11,2,FALSE) -> 1 | N34: 40 | O34: " | P34: Mem. mit neuer Besprühung &Schatten
B35: 17K-0029Z | C35: FA702179 | D35: 23.7 | E35: 0 | F35: 285 | H35: 1.872 | I35: 1.858 | J35: =H35-I35 -> 0.014 | K35: =(F35*(273.15+D35)/273.15)/(M35*N35) -> 7.7432043 | L35: MU1 | M35: =VLOOKUP(L35,allgemein!$B$3:$C$11,2,FALSE) -> 1 | N35: 40 | O35: "
B36: 17K-0030Z | C36: " | D36: 23.4 | E36: 0.1 | F36: 286 | H36: 1.865 | I36: 1.852 | J36: =H36-I36 -> 0.013 | K36: =(F36*(273.15+D36)/273.15)/(M36*N36) -> 7.7625206 | L36: MU1 | M36: =VLOOKUP(L36,allgemein!$B$3:$C$11,2,FALSE) -> 1 | N36: 40 | O36: "
B37: 17C-0080Z | C37: " | D37: 22.8 | E37: 0 | F37: 285 | H37: 1.856 | I37: 1.843 | J37: =H37-I37 -> 0.013 | K37: =(F37*(273.15+D37)/273.15)/(M37*N37) -> 7.7197282 | L37: MU1 | M37: =VLOOKUP(L37,allgemein!$B$3:$C$11,2,FALSE) -> 1 | N37: 40 | O37: FA701694 | P37: 17C-0080Z( ohne R)
B38: 17K-0031Z | C38: " | D38: 23.6 | E38: 0 | F38: 862 | G38: 1.838 | H38: 5.506 | I38: 5.454 | J38: =H38-I38 -> 0.052 | K38: =(F38*(273.15+D38)/273.15)/(M38*N38) -> 7.8039691 | L38: MU3 | M38: =VLOOKUP(L38,allgemein!$B$3:$C$11,2,FALSE) -> 3 | N38: 40 | O38: FA702953 | P38: Elektroden Fa. Decovi
C39: FA702180 | G39: 1.831 | P39: "
C40: " | G40: 1.837 | P40: "
B41: 17K-0032Z | C41: " | G41: 1.795 | L41: MU12 | M41: 12 | O41: FA702535 | P41: ersetzt 16J-0019Z
C42: " | G42: 1.798
C43: " | G43: 1.794
C44: " | G44: 1.793
C45: " | G45: 1.791
C46: " | G46: 1.792
C47: " | G47: 1.796
C48: " | G48: 1.79
C49: " | G49: 1.802
C50: " | G50: 1.796
C51: " | G51: 1.797
C52: " | G52: 1.797
B53: 17K-0033Z | C53: " | D53: 26.2 | E53: 0 | F53: 280 | H53: 1.832 | I53: 1.818 | J53: =H53-I53 -> 0.014 | K53: =(F53*(273.15+D53)/273.15)/(M53*N53) -> 7.671426 | L53: MU1 | M53: =VLOOKUP(L53,allgemein!$B$3:$C$11,2,FALSE) -> 1 | N53: 40 | O53: FA702572 | P53: Mem.knapp
B54: 17K-0034Z | C54: " | D54: 25.8 | E54: 0.2 | F54: 281 | H54: 1.827 | I54: 1.813 | J54: =H54-I54 -> 0.014 | K54: =(F54*(273.15+D54)/273.15)/(M54*N54) -> 7.6885365 | L54: MU1 | M54: =VLOOKUP(L54,allgemein!$B$3:$C$11,2,FALSE) -> 1 | N54: 40 | O54: "
B55: 17K-0035Z | C55: " | D55: 25.5 | E55: 0.2 | F55: 569 | G55: 1.838 | H55: 3.676 | I55: 3.653 | J55: =H55-I55 -> 0.023 | K55: =(F55*(273.15+D55)/273.15)/(M55*N55) -> 7.7764896 | L55: MU2 | M55: =VLOOKUP(L55,allgemein!$B$3:$C$11,2,FALSE) -> 2 | N55: 40 | O55: FA702554
C56: " | G56: 1.838
B57: 17K-0036Z | C57: " | D57: 25.3 | E57: 0.2 | F57: 568 | G57: 1.837 | H57: 3.679 | I57: 3.653 | J57: =H57-I57 -> 0.026 | K57: =(F57*(273.15+D57)/273.15)/(M57*N57) -> 7.757624 | L57: MU2 | M57: =VLOOKUP(L57,allgemein!$B$3:$C$11,2,FALSE) -> 2 | N57: 40 | O57: "
C58: " | G58: 1.842
B59: 17K-0037Z | C59: FA702181 | D59: 25.3 | E59: 0.2 | F59: 566 | G59: 1.837 | H59: 3.682 | I59: 3.66 | J59: =H59-I59 -> 0.022 | K59: =(F59*(273.15+D59)/273.15)/(M59*N59) -> 7.7303084 | L59: MU2 | M59: =VLOOKUP(L59,allgemein!$B$3:$C$11,2,FALSE) -> 2 | N59: 40 | O59: "
C60: " | G60: 1.845
B61: 17K-0038Z | C61: " | D61: 25.3 | E61: 0.3 | F61: 567 | G61: 1.843 | H61: 3.692 | I61: 3.667 | J61: =H61-I61 -> 0.025 | K61: =(F61*(273.15+D61)/273.15)/(M61*N61) -> 7.7439662 | L61: MU2 | M61: =VLOOKUP(L61,allgemein!$B$3:$C$11,2,FALSE) -> 2 | N61: 40 | O61: "
C62: " | G62: 1.849
B63: 17K-0039Z | C63: " | D63: 25.3 | E63: 0 | F63: 572 | G63: 1.844 | H63: 3.685 | I63: 3.657 | J63: =H63-I63 -> 0.028 | K63: =(F63*(273.15+D63)/273.15)/(M63*N63) -> 7.8122552 | L63: MU2 | M63: =VLOOKUP(L63,allgemein!$B$3:$C$11,2,FALSE) -> 2 | N63: 40 | O63: "
C64: " | G64: 1.841
B65: 17K-0040Z | C65: " | D65: 24.6 | E65: 0 | F65: 569 | G65: 1.849 | H65: 3.702 | I65: 3.674 | J65: =H65-I65 -> 0.028 | K65: =(F65*(273.15+D65)/273.15)/(M65*N65) -> 7.7530546 | L65: MU2 | M65: =VLOOKUP(L65,allgemein!$B$3:$C$11,2,FALSE) -> 2 | N65: 40 | O65: "
C66: " | G66: 1.852
B67: 17K-0041Z | C67: " | D67: 24.8 | E67: 0 | F67: 569 | G67: 1.856 | H67: 3.708 | I67: 3.682 | J67: =H67-I67 -> 0.026 | K67: =(F67*(273.15+D67)/273.15)/(M67*N67) -> 7.7582624 | L67: MU2 | M67: =VLOOKUP(L67,allgemein!$B$3:$C$11,2,FALSE) -> 2 | N67: 40 | O67: "
C68: " | G68: 1.852
B69: 17K-0042Z | C69: " | D69: 25 | E69: 0 | F69: 571 | G69: 1.853 | H69: 3.706 | I69: 3.682 | J69: =H69-I69 -> 0.024 | K69: =(F69*(273.15+D69)/273.15)/(M69*N69) -> 7.7907583 | L69: MU2 | M69: =VLOOKUP(L69,allgemein!$B$3:$C$11,2,FALSE) -> 2 | N69: 40 | O69: "
C70: " | G70: 1.853
B71: 17K-0043Z | C71: " | D71: 25.2 | E71: 0 | F71: 571 | G71: 1.834 | H71: 3.68 | I71: 3.653 | J71: =H71-I71 -> 0.027 | K71: =(F71*(273.15+D71)/273.15)/(M71*N71) -> 7.7959843 | L71: MU2 | M71: =VLOOKUP(L71,allgemein!$B$3:$C$11,2,FALSE) -> 2 | N71: 40 | O71: "
C72: FA702782 | G72: 1.845
B73: 17K-0044Z-R | C73: FA702179 | D73: 25.8 | E73: 0.1 | F73: 280 | H73: 1.875 | I73: 1.866 | J73: =H73-I73 -> 0.009 | K73: =(F73*(273.15+D73)/273.15)/(M73*N73) -> 7.6611752 | L73: MA_V1 | M73: 1 | N73: 40 | O73: FA703031
B74: 17K-0045Z-R | C74: FA702181 | D74: 25.5 | E74: 0.1 | F74: 282 | H74: 1.886 | I74: 1.875 | J74: =H74-I74 -> 0.011 | K74: =(F74*(273.15+D74)/273.15)/(M74*N74) -> 7.7081549 | L74: MA_V1 | M74: 1 | N74: 40 | O74: "
B75: 17K-0046Z-R | C75: " | D75: 25.3 | E75: 0 | F75: 281 | H75: 1.884 | I75: 1.874 | J75: =H75-I75 -> 0.01 | K75: =(F75*(273.15+D75)/273.15)/(M75*N75) -> 7.6756773 | L75: MA_V1 | M75: 1 | N75: 40 | O75: "
B76: 17K-0047Z-R | C76: " | D76: 25.2 | E76: 0.1 | F76: 282 | H76: 1.898 | I76: 1.889 | J76: =H76-I76 -> 0.009 | K76: =(F76*(273.15+D76)/273.15)/(M76*N76) -> 7.7004119 | L76: MA_V1 | M76: 1 | N76: 40 | O76: "
B77: 17K-0048Z | C77: FA702782 | D77: 23.8 | E77: 0.4 | F77: 569 | G77: 1.853 | H77: 3.708 | I77: 3.684 | J77: =H77-I77 -> 0.024 | K77: =(F77*(273.15+D77)/273.15)/(M77*N77) -> 7.7322236 | L77: MU2 | M77: =VLOOKUP(L77,allgemein!$B$3:$C$11,2,FALSE) -> 2 | N77: 40 | O77: FA702554
C78: " | G78: 1.855
B79: 17K-0049Z | C79: " | D79: 24 | E79: 0.5 | F79: 570 | G79: 1.857 | H79: 3.698 | I79: 3.673 | J79: =H79-I79 -> 0.025 | K79: =(F79*(273.15+D79)/273.15)/(M79*N79) -> 7.7510297 | L79: MU2 | M79: =VLOOKUP(L79,allgemein!$B$3:$C$11,2,FALSE) -> 2 | N79: 40 | O79: "
C80: " | G80: 1.841
B81: 17K-0050Z | C81: " | D81: 24.3 | E81: 0.3 | F81: 855 | G81: 1.836 | H81: 5.502 | I81: 5.463 | J81: =H81-I81 -> 0.039 | K81: =(F81*(273.15+D81)/273.15)/(M81*N81) -> 7.758855 | L81: MU3 | M81: =VLOOKUP(L81,allgemein!$B$3:$C$11,2,FALSE) -> 3 | N81: 40 | O81: FA701911
C82: " | G82: 1.834
C83: " | G83: 1.832
B84: 17K-0051Z | C84: " | D84: 24.9 | E84: 0.4 | F84: 857 | G84: 1.836 | H84: 5.505 | I84: 5.466 | J84: =H84-I84 -> 0.039 | K84: =(F84*(273.15+D84)/273.15)/(M84*N84) -> 7.7926917 | L84: MU3 | M84: =VLOOKUP(L84,allgemein!$B$3:$C$11,2,FALSE) -> 3 | N84: 40 | O84: "
C85: " | G85: 1.833
C86: " | G86: 1.836
B87: 17K-0052Z | C87: " | D87: 25.4 | E87: 0.9 | F87: 856 | G87: 1.836 | H87: 5.501 | I87: 5.464 | J87: =H87-I87 -> 0.037 | K87: =(F87*(273.15+D87)/273.15)/(M87*N87) -> 7.7966563 | L87: MU3 | M87: =VLOOKUP(L87,allgemein!$B$3:$C$11,2,FALSE) -> 3 | N87: 40 | O87: "
C88: " | G88: 1.833
C89: " | G89: 1.832
B90: 17K-0053Z | C90: " | D90: 26.4 | E90: 0.8 | F90: 857 | G90: 1.833 | H90: 5.491 | I90: 5.451 | J90: =H90-I90 -> 0.04 | K90: =(F90*(273.15+D90)/273.15)/(M90*N90) -> 7.8319101 | L90: MU3 | M90: =VLOOKUP(L90,allgemein!$B$3:$C$11,2,FALSE) -> 3 | N90: 40 | O90: "
C91: " | G91: 1.824
C92: " | G92: 1.834
B93: 17K-0054Z | C93: " | D93: 26.1 | E93: 0.9 | F93: 856 | G93: 1.837 | H93: 5.493 | I93: 5.455 | J93: =H93-I93 -> 0.038 | K93: =(F93*(273.15+D93)/273.15)/(M93*N93) -> 7.8149368 | L93: MU3 | M93: =VLOOKUP(L93,allgemein!$B$3:$C$11,2,FALSE) -> 3 | N93: 40 | O93: "
C94: " | G94: 1.827
C95: " | G95: 1.829
B96: 17K-0055Z | C96: FA702350 | G96: 1.8 | L96: MU12 | M96: 12 | N96: 40 | O96: FA703033
C97: " | G97: 1.8
C98: " | G98: 1.791
C99: " | G99: 1.796
C100: " | G100: 1.795
C101: " | G101: 1.802
...

Sheet Dec
B2: Cell # | C2: Membran # ¦ Batch # | D2: Temp Gas / [°C] | E2: Temp Kat T1-T2 / [°C] | F2: Gasfluss / [sccm / min] | G2: Membrane V @ 13 bar/[V] | H2: Cell V @ 13 bar/[V] | I2: Cell V @ 0 bar [V] | J2: Voltage Diff. / [V] | K2: H2 Prod / [nmL/A] | L2: Typ | M2: Anzahl Layer | N2: Strom / [A] | O2: FA # | P2: Bemerkungen | R2: Visum | S2: Jahr: | T2: 2017
B3: 17K-0031Z | C3: FA702350 | D3: 24.1 | E3: 0.9 | F3: 857 | G3: 1.851 | H3: 5.566 | I3: 5.528 | J3: =H3-I3 -> 0.038 | K3: =(F3*(273.15+D3)/273.15)/(M3*N3) -> 7.7717753 | L3: MU3 | M3: =VLOOKUP(L3,allgemein!$B$3:$C$11,2,FALSE) -> 3 | N3: 40 | O3: FA702953 | P3: Elektroden Fa. Decovi
C4: " | G4: 1.858 | P4: "
C5: " | G5: 1.857 | P5: "
B6: 17L-0001Z | C6: FA702179 | D6: 24.2 | E6: 0.4 | F6: 286 | H6: 1.86 | I6: 1.848 | J6: =H6-I6 -> 0.012 | K6: =(F6*(273.15+D6)/273.15)/(M6*N6) -> 7.7834615 | L6: MU1 | M6: =VLOOKUP(L6,allgemein!$B$3:$C$11,2,FALSE) -> 1 | N6: 40 | O6: FA701911 | P6: Mem. aus 17K-0031Z :Span.Diff.0.52
B7: 17L-0002Z | C7: FA702180 | D7: 24.6 | E7: 0.8 | F7: 285 | H7: 1.849 | I7: 1.836 | J7: =H7-I7 -> 0.013 | K7: =(F7*(273.15+D7)/273.15)/(M7*N7) -> 7.7666804 | L7: MU1 | M7: =VLOOKUP(L7,allgemein!$B$3:$C$11,2,FALSE) -> 1 | N7: 40 | O7: " | P7: "
B8: 17L-0003Z | C8: " | D8: 24.3 | E8: 0.7 | F8: 285 | H8: 1.847 | I8: 1.834 | J8: =H8-I8 -> 0.013 | K8: =(F8*(273.15+D8)/273.15)/(M8*N8) -> 7.758855 | L8: MU1 | M8: =VLOOKUP(L8,allgemein!$B$3:$C$11,2,FALSE) -> 1 | N8: 40 | O8: " | P8: "
B9: 17L-0004Z | C9: FA702350 | D9: 24.4 | E9: 1.2 | F9: 285 | H9: 1.854 | I9: 1.843 | J9: =H9-I9 -> 0.011 | K9: =(F9*(273.15+D9)/273.15)/(M9*N9) -> 7.7614635 | L9: MU1 | M9: =VLOOKUP(L9,allgemein!$B$3:$C$11,2,FALSE) -> 1 | N9: 40 | O9: "
B10: 17L-0005Z | C10: " | D10: 24.6 | E10: 0.9 | F10: 286 | H10: 1.845 | I10: 1.834 | J10: =H10-I10 -> 0.011 | K10: =(F10*(273.15+D10)/273.15)/(M10*N10) -> 7.7939319 | L10: MU1 | M10: =VLOOKUP(L10,allgemein!$B$3:$C$11,2,FALSE) -> 1 | N10: 40 | O10: "
B11: 17L-0006Z | C11: " | D11: 24.8 | E11: 1 | F11: 286 | H11: 1.854 | I11: 1.842 | J11: =H11-I11 -> 0.012 | K11: =(F11*(273.15+D11)/273.15)/(M11*N11) -> 7.7991671 | L11: MU1 | M11: =VLOOKUP(L11,allgemein!$B$3:$C$11,2,FALSE) -> 1 | N11: 40 | O11: "
B12: 17L-0007Z | C12: " | D12: 24.5 | E12: 0.6 | F12: 287 | H12: 1.859 | I12: 1.846 | J12: =H12-I12 -> 0.013 | K12: =(F12*(273.15+D12)/273.15)/(M12*N12) -> 7.8185567 | L12: MU1 | M12: =VLOOKUP(L12,allgemein!$B$3:$C$11,2,FALSE) -> 1 | N12: 40 | O12: "
B13: 17L-0008Z | C13: " | D13: 24.2 | E13: 0.3 | F13: 285 | H13: 1.852 | I13: 1.841 | J13: =H13-I13 -> 0.011 | K13: =(F13*(273.15+D13)/273.15)/(M13*N13) -> 7.7562466 | L13: MU1 | M13: =VLOOKUP(L13,allgemein!$B$3:$C$11,2,FALSE) -> 1 | N13: 40 | O13: "
B14: 17L-0009Z | C14: FA702351 | D14: 24.7 | E14: 0.4 | F14: 574 | G14: 1.86 | H14: 3.716 | I14: 3.691 | J14: =H14-I14 -> 0.025 | K14: =(F14*(273.15+D14)/273.15)/(M14*N14) -> 7.8238102 | L14: MU2 | M14: =VLOOKUP(L14,allgemein!$B$3:$C$11,2,FALSE) -> 2 | N14: 40 | O14: FA703047
C15: " | G15: 1.856
B16: 17L-0010Z | C16: " | D16: 24.9 | E16: 0.4 | F16: 574 | G16: 1.846 | H16: 3.688 | I16: 3.663 | J16: =H16-I16 -> 0.025 | K16: =(F16*(273.15+D16)/273.15)/(M16*N16) -> 7.8290637 | L16: MU2 | M16: =VLOOKUP(L16,allgemein!$B$3:$C$11,2,FALSE) -> 2 | N16: 40 | O16: "
C17: " | G17: 1.842
B18: 17L-0011Z | C18: " | D18: 25 | E18: 0.4 | F18: 573 | G18: 1.847 | H18: 3.694 | I18: 3.668 | J18: =H18-I18 -> 0.026 | K18: =(F18*(273.15+D18)/273.15)/(M18*N18) -> 7.8180464 | L18: MU2 | M18: =VLOOKUP(L18,allgemein!$B$3:$C$11,2,FALSE) -> 2 | N18: 40 | O18: "
C19: " | G19: 1.847
B20: 17L-0012Z | C20: " | D20: 25.1 | E20: 0.4 | F20: 573 | G20: 1.846 | H20: 3.69 | I20: 3.666 | J20: =H20-I20 -> 0.024 | K20: =(F20*(273.15+D20)/273.15)/(M20*N20) -> 7.8206686 | L20: MU2 | M20: =VLOOKUP(L20,allgemein!$B$3:$C$11,2,FALSE) -> 2 | N20: 40 | O20: "
C21: " | G21: 1.844
B22: 17C-0019Z | C22: FA701093 | D22: 23.2 | E22: 1.5 | F22: 176 | H22: 1.988 | I22: 1.963 | J22: =H22-I22 -> 0.025 | K22: =(F22*(273.15+D22)/273.15)/(M22*N22) -> 7.6379425 | L22: MI_V3 | M22: =VLOOKUP(L22,allgemein!$B$3:$C$11,2,FALSE) -> 1 | N22: 25 | O22: FA703046
B23: " | D23: 22.6 | E23: 1.2 | F23: 175 | H23: 2.005 | I23: 1.981 | J23: =H23-I23 -> 0.024 | K23: =(F23*(273.15+D23)/273.15)/(M23*N23) -> 7.579169 | L23: MI_V3 | M23: =VLOOKUP(L23,allgemein!$B$3:$C$11,2,FALSE) -> 1 | N23: 25
B24: " | D24: 22.5 | E24: 0.1 | F24: 177 | H24: 1.875 | I24: 1.867 | J24: =H24-I24 -> 0.008 | K24: =(F24*(273.15+D24)/273.15)/(M24*N24) -> 7.663196 | L24: MI_V3 | M24: =VLOOKUP(L24,allgemein!$B$3:$C$11,2,FALSE) -> 1 | N24: 25 | P24: nach Mem. In Säure
B25: 17C-0039Z | C25: FA701154 | D25: 22.3 | E25: 0.8 | F25: 176 | H25: 1.896 | I25: 1.862 | J25: =H25-I25 -> 0.034 | K25: =(F25*(273.15+D25)/273.15)/(M25*N25) -> 7.6147465 | L25: MI_V3 | M25: =VLOOKUP(L25,allgemein!$B$3:$C$11,2,FALSE) -> 1 | N25: 25 | O25: "
D26: 22.3 | E26: 0 | F26: 177 | H26: 1.88 | I26: 1.872 | J26: =H26-I26 -> 0.008 | K26: =(F26*(273.15+D26)/273.15)/(M26*N26) -> 7.6580121 | L26: MI_V3 | M26: =VLOOKUP(L26,allgemein!$B$3:$C$11,2,FALSE) -> 1 | N26: 25 | P26: nach Mem. In Säure
B27: 17C-0042Z | C27: " | D27: 22 | E27: 1.5 | F27: 175 | H27: 2.092 | I27: 2.013 | J27: =H27-I27 -> 0.079 | K27: =(F27*(273.15+D27)/273.15)/(M27*N27) -> 7.5637928 | L27: MI_V3 | M27: =VLOOKUP(L27,allgemein!$B$3:$C$11,2,FALSE) -> 1 | N27: 25 | O27: "
B28: " | D28: 21.9 | E28: 1.5 | F28: 175 | H28: 2.065 | I28: 1.992 | J28: =H28-I28 -> 0.073 | K28: =(F28*(273.15+D28)/273.15)/(M28*N28) -> 7.5612301 | L28: MI_V3 | M28: =VLOOKUP(L28,allgemein!$B$3:$C$11,2,FALSE) -> 1 | N28: 25
B29: " | D29: 22.3 | E29: 0.4 | F29: 176 | H29: 1.854 | I29: 1.847 | J29: =H29-I29 -> 0.007 | K29: =(F29*(273.15+D29)/273.15)/(M29*N29) -> 7.6147465 | L29: MI_V3 | M29: =VLOOKUP(L29,allgemein!$B$3:$C$11,2,FALSE) -> 1 | N29: 25 | P29: nach Mem. In Säure
B30: 17D-0005Z | C30: FA700908 | D30: 21.2 | E30: 0.2 | F30: 176 | H30: 1.931 | I30: 1.906 | J30: =H30-I30 -> 0.025 | K30: =(F30*(273.15+D30)/273.15)/(M30*N30) -> 7.5863958 | L30: MI_V3 | M30: =VLOOKUP(L30,allgemein!$B$3:$C$11,2,FALSE) -> 1 | N30: 25 | O30: "
D31: 26.4 | E31: 0.6 | F31: 177 | H31: 1.82 | I31: 1.812 | J31: =H31-I31 -> 0.008 | K31: =(F31*(273.15+D31)/273.15)/(M31*N31) -> 7.7642834 | L31: MI_V3 | M31: =VLOOKUP(L31,allgemein!$B$3:$C$11,2,FALSE) -> 1 | N31: 25 | P31: nach Mem. In Säure
B32: 17D-0008Z | C32: " | D32: 21.2 | E32: 0.7 | F32: 175 | H32: 1.882 | I32: 1.866 | J32: =H32-I32 -> 0.016 | K32: =(F32*(273.15+D32)/273.15)/(M32*N32) -> 7.5432912 | L32: MI_V3 | M32: =VLOOKUP(L32,allgemein!$B$3:$C$11,2,FALSE) -> 1 | N32: 25 | O32: "
B33: " | D33: 22.4 | E33: 0 | F33: 177 | H33: 1.877 | I33: 1.866 | J33: =H33-I33 -> 0.011 | K33: =(F33*(273.15+D33)/273.15)/(M33*N33) -> 7.6606041 | L33: MI_V3 | M33: =VLOOKUP(L33,allgemein!$B$3:$C$11,2,FALSE) -> 1 | N33: 25 | P33: nach Mem. In Säure
B34: 17D-0017Z | C34: FA700908 | D34: 21.2 | E34: 0.6 | F34: 175 | H34: 1.99 | I34: 1.935 | J34: =H34-I34 -> 0.055 | K34: =(F34*(273.15+D34)/273.15)/(M34*N34) -> 7.5432912 | L34: MI_V3 | M34: =VLOOKUP(L34,allgemein!$B$3:$C$11,2,FALSE) -> 1 | N34: 25 | O34: "
B35: " | D35: 22.5 | E35: 0 | F35: 177 | H35: 1.87 | I35: 1.86 | J35: =H35-I35 -> 0.01 | K35: =(F35*(273.15+D35)/273.15)/(M35*N35) -> 7.663196 | L35: MI_V3 | M35: =VLOOKUP(L35,allgemein!$B$3:$C$11,2,FALSE) -> 1 | N35: 25 | P35: nach Mem. In Säure
B36: 17A-0093Z | C36: FA700973 | D36: 22.7 | E36: >50 | F36: - | H36: - | I36: - | J36: - | K36: - | L36: MI_V3 | M36: =VLOOKUP(L36,allgemein!$B$3:$C$11,2,FALSE) -> 1 | N36: 25 | O36: " | P36: ab Neuheim; zu hohe Spannung
B37: " | D37: 25.3 | E37: 22 | F37: 163 | H37: 1.826 | I37: 1.821 | J37: =H37-I37 -> 0.005 | K37: =(F37*(273.15+D37)/273.15)/(M37*N37) -> 7.1239026 | L37: MI_V3 | M37: =VLOOKUP(L37,allgemein!$B$3:$C$11,2,FALSE) -> 1 | N37: 25 | P37: nach Mem. In Säure
B38: 16G-0041Z-R | C38: I21-3019 | D38: - | E38: - | F38: - | H38: - | I38: - | J38: - | K38: - | L38: MI_V3 | M38: =VLOOKUP(L38,allgemein!$B$3:$C$11,2,FALSE) -> 1 | N38: 25 | O38: FA703041 | P38: verschmutzt
B39: " | C39: FA702365 | D39: 22.6 | E39: 0.2 | F39: 178 | H39: 1.897 | I39: 1.885 | J39: =H39-I39 -> 0.012 | K39: =(F39*(273.15+D39)/273.15)/(M39*N39) -> 7.7090976 | L39: MI_V3 | M39: =VLOOKUP(L39,allgemein!$B$3:$C$11,2,FALSE) -> 1 | N39: 25 | O39: "
B40: 17B-0030Z | C40: FA701049 | D40: >>> | E40: - | F40: - | H40: >2.5 | I40: - | J40: - | K40: - | L40: MI_V3 | M40: =VLOOKUP(L40,allgemein!$B$3:$C$11,2,FALSE) -> 1 | N40: 25 | P40: zu hohe Spannung
B41: " | C41: FA702430 | D41: 24.3 | E41: 0.9 | F41: 178 | H41: 1.869 | I41: 1.855 | J41: =H41-I41 -> 0.014 | K41: =(F41*(273.15+D41)/273.15)/(M41*N41) -> 7.7534102 | L41: MI_V3 | M41: =VLOOKUP(L41,allgemein!$B$3:$C$11,2,FALSE) -> 1 | N41: 25
B42: 17L-0013Z-R | C42: FA702351 | D42: 24.2 | E42: 1.1 | F42: 286 | H42: 1.903 | I42: 1.896 | J42: =H42-I42 -> 0.007 | K42: =(F42*(273.15+D42)/273.15)/(M42*N42) -> 7.7834615 | L42: MA_V1 | M42: 1 | N42: 40 | O42: FA703050 | P42: DECOVI H-Elektrode
B43: 17L-0014Z-R | C43: " | D43: 24.1 | E43: 1.3 | F43: 285 | H43: 1.915 | I43: 1.908 | J43: =H43-I43 -> 0.007 | K43: =(F43*(273.15+D43)/273.15)/(M43*N43) -> 7.7536381 | L43: MA_V1 | M43: 1 | N43: 40 | O43: " | P43: "
B44: 17L-0015Z-R | C44: " | D44: 23.7 | E44: 0.5 | F44: 286 | H44: 1.897 | I44: 1.886 | J44: =H44-I44 -> 0.011 | K44: =(F44*(273.15+D44)/273.15)/(M44*N44) -> 7.7703734 | L44: MA_V1 | M44: 1 | N44: 40 | O44: " | P44: "
B45: 17L-0016Z-R | C45: " | D45: 23.7 | E45: 0.5 | F45: 287 | H45: 1.922 | I45: 1.91 | J45: =H45-I45 -> 0.012 | K45: =(F45*(273.15+D45)/273.15)/(M45*N45) -> 7.7975426 | L45: MA_V1 | M45: 1 | N45: 40 | O45: " | P45: "
B46: 17L-0017Z-R | C46: " | D46: 23.6 | E46: 0.6 | F46: 287 | H46: 1.91 | I46: 1.898 | J46: =H46-I46 -> 0.012 | K46: =(F46*(273.15+D46)/273.15)/(M46*N46) -> 7.7949158 | L46: MA_V1 | M46: 1 | N46: 40 | O46: " | P46: "
B47: 17L-0018Z-R | C47: " | D47: 24.3 | E47: 0.1 | F47: 285 | H47: 1.887 | I47: 1.877 | J47: =H47-I47 -> 0.01 | K47: =(F47*(273.15+D47)/273.15)/(M47*N47) -> 7.758855 | L47: MA_V1 | M47: 1 | N47: 40 | O47: " | P47: "
B48: 17L-0019Z-R | C48: " | D48: 24.2 | E48: 0.4 | F48: 285 | H48: 1.898 | I48: 1.889 | J48: =H48-I48 -> 0.009 | K48: =(F48*(273.15+D48)/273.15)/(M48*N48) -> 7.7562466 | L48: MA_V1 | M48: 1 | N48: 40 | O48: " | P48: "
B49: 17L-0020Z-R | C49: " | D49: 24.3 | E49: 0.4 | F49: 285 | H49: 1.89 | I49: 1.88 | J49: =H49-I49 -> 0.01 | K49: =(F49*(273.15+D49)/273.15)/(M49*N49) -> 7.758855 | L49: MA_V1 | M49: 1 | N49: 40 | O49: " | P49: "
B50: 17L-0021Z-R | C50: " | D50: 24.4 | E50: 0.4 | F50: 286 | H50: 1.898 | I50: 1.887 | J50: =H50-I50 -> 0.011 | K50: =(F50*(273.15+D50)/273.15)/(M50*N50) -> 7.7886967 | L50: MA_V1 | M50: 1 | N50: 40 | O50: " | P50: "
B51: 17L-0022Z-R | C51: " | D51: 24.5 | E51: 0.1 | F51: 286 | H51: 1.893 | I51: 1.882 | J51: =H51-I51 -> 0.011 | K51: =(F51*(273.15+D51)/273.15)/(M51*N51) -> 7.7913143 | L51: MA_V1 | M51: 1 | N51: 40 | O51: " | P51: "
B52: 17L-0023Z | C52: FA702365 | D52: 22.9 | E52: 0.2 | F52: 176 | H52: 1.897 | I52: 1.885 | J52: =H52-I52 -> 0.012 | K52: =(F52*(273.15+D52)/273.15)/(M52*N52) -> 7.6302105 | L52: MI_V3 | M52: =VLOOKUP(L52,allgemein!$B$3:$C$11,2,FALSE) -> 1 | N52: 25 | O52: FA702625
B53: 17L-0024Z | C53: " | D53: 23 | E53: 0.4 | F53: 176 | H53: 1.887 | I53: 1.875 | J53: =H53-I53 -> 0.012 | K53: =(F53*(273.15+D53)/273.15)/(M53*N53) -> 7.6327878 | L53: MI_V3 | M53: =VLOOKUP(L53,allgemein!$B$3:$C$11,2,FALSE) -> 1 | N53: 25 | O53: "
B54: 17L-0025Z | C54: FA702430 | D54: 23.1 | E54: 0.5 | F54: 177 | H54: 1.89 | I54: 1.879 | J54: =H54-I54 -> 0.011 | K54: =(F54*(273.15+D54)/273.15)/(M54*N54) -> 7.6787479 | L54: MI_V3 | M54: =VLOOKUP(L54,allgemein!$B$3:$C$11,2,FALSE) -> 1 | N54: 25 | O54: "
B55: 17L-0026Z | C55: " | D55: 23.2 | E55: 0.5 | F55: 178 | H55: 1.897 | I55: 1.882 | J55: =H55-I55 -> 0.015 | K55: =(F55*(273.15+D55)/273.15)/(M55*N55) -> 7.7247373 | L55: MI_V3 | M55: =VLOOKUP(L55,allgemein!$B$3:$C$11,2,FALSE) -> 1 | N55: 25 | O55: "
B56: 17L-0027Z | C56: " | D56: 23.4 | E56: 0.3 | F56: 178 | H56: 1.889 | I56: 1.877 | J56: =H56-I56 -> 0.012 | K56: =(F56*(273.15+D56)/273.15)/(M56*N56) -> 7.7299506 | L56: MI_V3 | M56: =VLOOKUP(L56,allgemein!$B$3:$C$11,2,FALSE) -> 1 | N56: 25 | O56: "
B57: 17L-0028Z | C57: " | D57: 24 | E57: 0.5 | F57: 177 | H57: 1.876 | I57: 1.863 | J57: =H57-I57 -> 0.013 | K57: =(F57*(273.15+D57)/273.15)/(M57*N57) -> 7.7020758 | L57: MI_V3 | M57: =VLOOKUP(L57,allgemein!$B$3:$C$11,2,FALSE) -> 1 | N57: 25 | O57: "
B58: 17L-0029Z | C58: " | D58: 24.4 | E58: 0.5 | F58: 176 | H58: 1.865 | I58: 1.853 | J58: =H58-I58 -> 0.012 | K58: =(F58*(273.15+D58)/273.15)/(M58*N58) -> 7.6688706 | L58: MI_V3 | M58: =VLOOKUP(L58,allgemein!$B$3:$C$11,2,FALSE) -> 1 | N58: 25 | O58: "
B59: 17L-0030Z | C59: " | D59: 24.9 | E59: 0.7 | F59: 176 | H59: 1.871 | I59: 1.854 | J59: =H59-I59 -> 0.017 | K59: =(F59*(273.15+D59)/273.15)/(M59*N59) -> 7.6817573 | L59: MI_V3 | M59: =VLOOKUP(L59,allgemein!$B$3:$C$11,2,FALSE) -> 1 | N59: 25 | O59: "
B60: 17L-0031Z | C60: FA702351 | D60: 24.2 | E60: 0.3 | F60: 855 | G60: 1.843 | H60: 5.528 | I60: 5.492 | J60: =H60-I60 -> 0.036 | K60: =(F60*(273.15+D60)/273.15)/(M60*N60) -> 7.7562466 | L60: MU3 | M60: =VLOOKUP(L60,allgemein!$B$3:$C$11,2,FALSE) -> 3 | N60: 40 | O60: FA701911
C61: " | G61: 1.842
C62: FA702717 | G62: 1.843
B63: 17L-0032Z | C63: " | D63: 25.3 | E63: 0.4 | F63: 855 | G63: 1.833 | H63: 5.498 | I63: 5.462 | J63: =H63-I63 -> 0.036 | K63: =(F63*(273.15+D63)/273.15)/(M63*N63) -> 7.7849396 | L63: MU3 | M63: =VLOOKUP(L63,allgemein!$B$3:$C$11,2,FALSE) -> 3 | N63: 40 | O63: "
C64: " | G64: 1.832
C65: " | G65: 1.832
B66: 1LK-0033Z | C66: " | D66: 25.9 | E66: 0.6 | F66: 855 | G66: 1.828 | H66: 5.483 | I66: 5.448 | J66: =H66-I66 -> 0.035 | K66: =(F66*(273.15+D66)/273.15)/(M66*N66) -> 7.8005903 | L66: MU3 | M66: =VLOOKUP(L66,allgemein!$B$3:$C$11,2,FALSE) -> 3 | N66: 40 | O66: "
C67: " | G67: 1.827
C68: " | G68: 1.828
B69: 17L-0034Z | C69: " | D69: 26.2 | E69: 0.7 | F69: 571 | G69: 1.823 | H69: 3.656 | I69: 3.633 | J69: =H69-I69 -> 0.023 | K69: =(F69*(273.15+D69)/273.15)/(M69*N69) -> 7.8221147 | L69: MU2 | M69: =VLOOKUP(L69,allgemein!$B$3:$C$11,2,FALSE) -> 2 | N69: 40 | O69: FA702771
C70: " | G70: 1.833
B71: 17L-0035Z | C71: " | D71: 26.3 | E71: 0.8 | F71: 571 | G71: 1.835 | H71: 3.681 | I71: 3.661 | J71: =H71-I71 -> 0.02 | K71: =(F71*(273.15+D71)/273.15)/(M71*N71) -> 7.8247277 | L71: MU2 | M71: =VLOOKUP(L71,allgemein!$B$3:$C$11,2,FALSE) -> 2 | N71: 40 | O71: "
C72: " | G72: 1.846
B73: 17L-0036Z | C73: " | D73: 26.4 | E73: 0.4 | F73: 571 | G73: 1.833 | H73: 3.669 | I73: 3.645 | J73: =H73-I73 -> 0.024 | K73: =(F73*(273.15+D73)/273.15)/(M73*N73) -> 7.8273407 | L73: MU2 | M73: =VLOOKUP(L73,allgemein!$B$3:$C$11,2,FALSE) -> 2 | N73: 40 | O73: "
C74: " | G74: 1.836
B75: 17L-0037Z | C75: " | D75: 26.5 | E75: 0.7 | F75: 571 | G75: 1.824 | H75: 3.653 | I75: 3.632 | J75: =H75-I75 -> 0.021 | K75: =(F75*(273.15+D75)/273.15)/(M75*N75) -> 7.8299538 | L75: MU2 | M75: =VLOOKUP(L75,allgemein!$B$3:$C$11,2,FALSE) -> 2 | N75: 40 | O75: "
C76: " | G76: 1.829
B77: 17L-0038Z | C77: " | D77: 26.5 | E77: 0.9 | F77: 571 | G77: 1.83 | H77: 3.658 | I77: 3.636 | J77: =H77-I77 -> 0.022 | K77: =(F77*(273.15+D77)/273.15)/(M77*N77) -> 7.8299538 | L77: MU2 | M77: =VLOOKUP(L77,allgemein!$B$3:$C$11,2,FALSE) -> 2 | N77: 40 | O77: "
C78: " | G78: 1.827

Sheet allgemein
B2: Typen | C2: Layer
B3: MU1 | C3: 1
B4: MU2 | C4: 2
B5: MU3 | C5: 3
B6: MU12 | C6: 12
B7: MI_V3 | C7: 1
B8: MI_V1 | C8: 1
B9: MI_V2 | C9: 1
B10: MA_V1 | C10: 1
B11: MA_V2 | C11: 1
