Workbook

Sheet Jan
B2: Cell # | C2: Membran # ¦ Batch # | D2: Temp Gas / [°C] | E2: Temp Kat T1-T2 / [°C] | F2: Gasfluss / [sccm / min] | G2: Membrane V @ 13 bar/[V] | H2: Cell V @ 13 bar/[V] | I2: Cell V @ 0 bar [V] | J2: Voltage Diff. / [V] | K2: H2 Prod / [nmL/A] | L2: Typ | M2: Anzahl Layer | N2: Strom / [A] | O2: FA # | P2: Bemerkungen | R2: Visum | S2: Jahr: | T2: 2018
B3: 18A-0001Z | C3: FA702717 | D3: 25.5 | E3: 0.3 | F3: 570 | G3: 1.831 | H3: 3.676 | I3: 3.652 | J3: =H3-I3 -> 0.024 | K3: =(F3*(273.15+D3)/273.15)/(M3*N3) -> 7.7901565 | L3: MU2 | M3: =VLOOKUP(L3,allgemein!$B$3:$C$13,2,FALSE) -> 2 | N3: 40 | O3: FA703190
C4: " | G4: 1.844 | P4: Kratzer und am Rand! Grenzfall
B5: 18A-0002Z | C5: " | D5: 25.6 | E5: 0.7 | F5: 569 | G5: 1.827 | H5: 3.664 | I5: 3.643 | J5: =H5-I5 -> 0.021 | K5: =(F5*(273.15+D5)/273.15)/(M5*N5) -> 7.7790934 | L5: MU2 | M5: =VLOOKUP(L5,allgemein!$B$3:$C$13,2,FALSE) -> 2 | N5: 40 | O5: " | P5: kleines Punktloch
C6: FA702783 | G6: 1.837
B7: 18A-0003Z | C7: " | D7: 25.8 | E7: 0.6 | F7: 569 | G7: 1.84 | H7: 3.669 | I7: 3.649 | J7: =H7-I7 -> 0.02 | K7: =(F7*(273.15+D7)/273.15)/(M7*N7) -> 7.7843012 | L7: MU2 | M7: =VLOOKUP(L7,allgemein!$B$3:$C$13,2,FALSE) -> 2 | N7: 40 | O7: " | P7: Faden
C8: " | G8: 1.829
B9: 18A-0004Z | C9: " | D9: 26.1 | E9: 0.5 | F9: 570 | G9: 1.825 | H9: 3.657 | I9: 3.633 | J9: =H9-I9 -> 0.024 | K9: =(F9*(273.15+D9)/273.15)/(M9*N9) -> 7.8058072 | L9: MU2 | M9: =VLOOKUP(L9,allgemein!$B$3:$C$13,2,FALSE) -> 2 | N9: 40 | O9: "
C10: " | G10: 1.831
B11: 18A-0005Z | C11: " | D11: 26.3 | E11: 0.3 | F11: 571 | G11: 1.832 | H11: 3.653 | I11: 3.63 | J11: =H11-I11 -> 0.023 | K11: =(F11*(273.15+D11)/273.15)/(M11*N11) -> 7.8247277 | L11: MU2 | M11: =VLOOKUP(L11,allgemein!$B$3:$C$13,2,FALSE) -> 2 | N11: 40 | O11: "
C12: " | G12: 1.82
B13: 18A-0006Z | C13: " | D13: 25.2 | E13: 0.5 | F13: 571 | G13: 1.86 | H13: 3.721 | I13: 3.691 | J13: =H13-I13 -> 0.03 | K13: =(F13*(273.15+D13)/273.15)/(M13*N13) -> 7.7959843 | L13: MU2 | M13: =VLOOKUP(L13,allgemein!$B$3:$C$13,2,FALSE) -> 2 | N13: 40 | O13: "
C14: " | G14: 1.861
B15: 18A-0007Z | C15: " | D15: 25.3 | E15: 0.8 | F15: 570 | G15: 1.857 | H15: 3.713 | I15: 3.687 | J15: =H15-I15 -> 0.026 | K15: =(F15*(273.15+D15)/273.15)/(M15*N15) -> 7.7849396 | L15: MU2 | M15: =VLOOKUP(L15,allgemein!$B$3:$C$13,2,FALSE) -> 2 | N15: 40 | O15: "
C16: " | G16: 1.856
B17: 18A-0008Z | C17: " | D17: 25.3 | E17: 0.5 | F17: 571 | G17: 1.849 | H17: 3.712 | I17: 3.682 | J17: =H17-I17 -> 0.03 | K17: =(F17*(273.15+D17)/273.15)/(M17*N17) -> 7.7985974 | L17: MU2 | M17: =VLOOKUP(L17,allgemein!$B$3:$C$13,2,FALSE) -> 2 | N17: 40 | O17: "
C18: " | G18: 1.863
B19: 18A-0009Z | C19: " | D19: 25.3 | E19: 0.6 | F19: 569 | G19: 1.836 | H19: 3.67 | I19: 3.645 | J19: =H19-I19 -> 0.025 | K19: =(F19*(273.15+D19)/273.15)/(M19*N19) -> 7.7712818 | L19: MU2 | M19: =VLOOKUP(L19,allgemein!$B$3:$C$13,2,FALSE) -> 2 | N19: 40 | O19: "
C20: " | G20: 1.834
B21: 18A-0010Z | C21: " | D21: 25.4 | E21: 0.5 | F21: 569 | G21: 1.836 | H21: 3.678 | I21: 3.65 | J21: =H21-I21 -> 0.028 | K21: =(F21*(273.15+D21)/273.15)/(M21*N21) -> 7.7738857 | L21: MU2 | M21: =VLOOKUP(L21,allgemein!$B$3:$C$13,2,FALSE) -> 2 | N21: 40 | O21: "
C22: " | G22: 1.842
B23: 18A-0011Z | C23: " | D23: 25.3 | E23: 0.4 | F23: 570 | G23: 1.831 | H23: 3.675 | I23: 3.647 | J23: =H23-I23 -> 0.028 | K23: =(F23*(273.15+D23)/273.15)/(M23*N23) -> 7.7849396 | L23: MU2 | M23: =VLOOKUP(L23,allgemein!$B$3:$C$13,2,FALSE) -> 2 | N23: 40 | O23: "
C24: " | G24: 1.844
B25: 18A-0012Z | C25: FA702430 | D25: 23.4 | E25: 0.3 | F25: 177 | H25: 1.903 | I25: 1.88 | J25: =H25-I25 -> 0.023 | K25: =(F25*(273.15+D25)/273.15)/(M25*N25) -> 7.6865239 | L25: MI_V3 | M25: =VLOOKUP(L25,allgemein!$B$3:$C$13,2,FALSE) -> 1 | N25: 25 | O25: FA703552
B26: " | C26: " | D26: 23.4 | E26: 0.3 | F26: 177 | H26: 1.896 | I26: 1.872 | J26: =H26-I26 -> 0.024 | K26: =(F26*(273.15+D26)/273.15)/(M26*N26) -> 7.6865239 | L26: MI_V3 | M26: =VLOOKUP(L26,allgemein!$B$3:$C$13,2,FALSE) -> 1 | N26: 25
B27: " | C27: " | D27: 23.8 | E27: 0.2 | F27: 177 | H27: 1.893 | I27: 1.879 | J27: =H27-I27 -> 0.014 | K27: =(F27*(273.15+D27)/273.15)/(M27*N27) -> 7.6968918 | L27: MI_V3 | M27: =VLOOKUP(L27,allgemein!$B$3:$C$13,2,FALSE) -> 1 | N27: 25 | P27: nach Mem. in Säure
B28: 18A-0013Z | C28: " | D28: 23.5 | E28: 0.3 | F28: 177 | H28: 1.907 | I28: 1.891 | J28: =H28-I28 -> 0.016 | K28: =(F28*(273.15+D28)/273.15)/(M28*N28) -> 7.6891159 | L28: MI_V3 | M28: =VLOOKUP(L28,allgemein!$B$3:$C$13,2,FALSE) -> 1 | N28: 25 | O28: FA702768
B29: 18A-0014Z | C29: " | D29: 23.6 | E29: 0.3 | F29: 177 | H29: 1.903 | I29: 1.886 | J29: =H29-I29 -> 0.017 | K29: =(F29*(273.15+D29)/273.15)/(M29*N29) -> 7.6917079 | L29: MI_V3 | M29: =VLOOKUP(L29,allgemein!$B$3:$C$13,2,FALSE) -> 1 | N29: 25 | O29: "
B30: 18A-0015Z | C30: " | D30: 23.7 | E30: 0.4 | F30: 177 | H30: 1.89 | I30: 1.877 | J30: =H30-I30 -> 0.013 | K30: =(F30*(273.15+D30)/273.15)/(M30*N30) -> 7.6942998 | L30: MI_V3 | M30: =VLOOKUP(L30,allgemein!$B$3:$C$13,2,FALSE) -> 1 | N30: 25 | O30: "
B31: 18A-0016Z | C31: " | D31: 23.9 | E31: 0.5 | F31: 178 | H31: 1.894 | I31: 1.877 | J31: =H31-I31 -> 0.017 | K31: =(F31*(273.15+D31)/273.15)/(M31*N31) -> 7.7429837 | L31: MI_V3 | M31: =VLOOKUP(L31,allgemein!$B$3:$C$13,2,FALSE) -> 1 | N31: 25 | O31: "
B32: 18A-0017Z | C32: " | D32: 24.2 | E32: 0.4 | F32: 178 | H32: 1.894 | I32: 1.88 | J32: =H32-I32 -> 0.014 | K32: =(F32*(273.15+D32)/273.15)/(M32*N32) -> 7.7508036 | L32: MI_V3 | M32: =VLOOKUP(L32,allgemein!$B$3:$C$13,2,FALSE) -> 1 | N32: 25 | O32: "
B33: 18A-0018Z | C33: " | D33: 24.6 | E33: 0.4 | F33: 178 | H33: 1.876 | I33: 1.86 | J33: =H33-I33 -> 0.016 | K33: =(F33*(273.15+D33)/273.15)/(M33*N33) -> 7.7612301 | L33: MI_V3 | M33: =VLOOKUP(L33,allgemein!$B$3:$C$13,2,FALSE) -> 1 | N33: 25 | O33: "
B34: 18A-0019Z | C34: " | D34: 25.2 | E34: 1 | F34: 175 | H34: 1.883 | I34: 1.87 | J34: =H34-I34 -> 0.013 | K34: =(F34*(273.15+D34)/273.15)/(M34*N34) -> 7.645799 | L34: MI_V3 | M34: =VLOOKUP(L34,allgemein!$B$3:$C$13,2,FALSE) -> 1 | N34: 25 | O34: "
B35: 18A-0020Z | C35: " | D35: 23 | E35: 0.3 | F35: 176 | H35: 1.894 | I35: 1.876 | J35: =H35-I35 -> 0.018 | K35: =(F35*(273.15+D35)/273.15)/(M35*N35) -> 7.6327878 | L35: MI_V3 | M35: =VLOOKUP(L35,allgemein!$B$3:$C$13,2,FALSE) -> 1 | N35: 25 | O35: "
B36: 18A-0021Z | C36: " | D36: 23 | E36: 0.3 | F36: 177 | H36: 1.889 | I36: 1.877 | J36: =H36-I36 -> 0.012 | K36: =(F36*(273.15+D36)/273.15)/(M36*N36) -> 7.676156 | L36: MI_V3 | M36: =VLOOKUP(L36,allgemein!$B$3:$C$13,2,FALSE) -> 1 | N36: 25 | O36: "
B37: 18A-0022Z | C37: " | D37: 23.9 | E37: 0.3 | F37: 178 | H37: 1.878 | I37: 1.862 | J37: =H37-I37 -> 0.016 | K37: =(F37*(273.15+D37)/273.15)/(M37*N37) -> 7.7429837 | L37: MI_V3 | M37: =VLOOKUP(L37,allgemein!$B$3:$C$13,2,FALSE) -> 1 | N37: 25 | O37: "
B38: 18A-0023Z | C38: " | D38: 24.2 | E38: 0.5 | F38: 178 | H38: 1.879 | I38: 1.864 | J38: =H38-I38 -> 0.015 | K38: =(F38*(273.15+D38)/273.15)/(M38*N38) -> 7.7508036 | L38: MI_V3 | M38: =VLOOKUP(L38,allgemein!$B$3:$C$13,2,FALSE) -> 1 | N38: 25 | O38: "
B39: 18A-0024Z | C39: " | D39: 24.6 | E39: 0.5 | F39: 178 | H39: 1.874 | I39: 1.86 | J39: =H39-I39 -> 0.014 | K39: =(F39*(273.15+D39)/273.15)/(M39*N39) -> 7.7612301 | L39: MI_V3 | M39: =VLOOKUP(L39,allgemein!$B$3:$C$13,2,FALSE) -> 1 | N39: 25 | O39: "
... B50: 18A-0035Z | C50: " | D50: 24.3 | E50: 0.3 | F50: 284 | H50: 1.87 | I50: 1.858 | J50: =H50-I50 -> 0.012 | K50: =(F50*(273.15+D50)/273.15)/(M50*N50) -> 7.731631 | L50: MU1 | M50: =VLOOKUP(L50,allgemein!$B$3:$C$13,2,FALSE) -> 1 | N50: 40 | O50: "
B51: 18A-0036Z | C51: " | D51: 24.3 | E51: 0.2 | F51: 285 | H51: 1.873 | I51: 1.862 | J51: =H51-I51 -> 0.011 | K51: =(F51*(273.15+D51)/273.15)/(M51*N51) -> 7.758855 | L51: MU1 | M51: =VLOOKUP(L51,allgemein!$B$3:$C$13,2,FALSE) -> 1 | N51: 40 | O51: " | P51: neues Pl. MkCC3809
B52: 18A-0037Z | C52: " | D52: 24.2 | E52: 0.3 | F52: 284 | H52: 1.877 | I52: 1.863 | J52: =H52-I52 -> 0.014 | K52: =(F52*(273.15+D52)/273.15)/(M52*N52) -> 7.7290317 | L52: MU1 | M52: =VLOOKUP(L52,allgemein!$B$3:$C$13,2,FALSE) -> 1 | N52: 40 | O52: " | P52: "
B53: 18A-0038Z | C53: " | D53: 24 | E53: 0.3 | F53: 284 | H53: 1.875 | I53: 1.863 | J53: =H53-I53 -> 0.012 | K53: =(F53*(273.15+D53)/273.15)/(M53*N53) -> 7.7238331 | L53: MU1 | M53: =VLOOKUP(L53,allgemein!$B$3:$C$13,2,FALSE) -> 1 | N53: 40 | O53: " | P53: "
B54: 18A-0039Z | C54: " | D54: 23.9 | E54: 0.1 | F54: 284 | H54: 1.873 | I54: 1.86 | J54: =H54-I54 -> 0.013 | K54: =(F54*(273.15+D54)/273.15)/(M54*N54) -> 7.7212338 | L54: MU1 | M54: =VLOOKUP(L54,allgemein!$B$3:$C$13,2,FALSE) -> 1 | N54: 40 | O54: " | P54: "
B55: 18A-0040Z | C55: " | D55: 23.7 | E55: 0.2 | F55: 284 | H55: 1.867 | I55: 1.855 | J55: =H55-I55 -> 0.012 | K55: =(F55*(273.15+D55)/273.15)/(M55*N55) -> 7.7160351 | L55: MU1 | M55: =VLOOKUP(L55,allgemein!$B$3:$C$13,2,FALSE) -> 1 | N55: 40 | O55: "
B56: 18A-0041Z | C56: " | D56: 23.9 | E56: 0.3 | F56: 286 | H56: 1.869 | I56: 1.855 | J56: =H56-I56 -> 0.014 | K56: =(F56*(273.15+D56)/273.15)/(M56*N56) -> 7.7756086 | L56: MU1 | M56: =VLOOKUP(L56,allgemein!$B$3:$C$13,2,FALSE) -> 1 | N56: 40 | O56: "
B57: 18A-0042Z | C57: " | D57: 24 | E57: 0.4 | F57: 286 | H57: 1.881 | I57: 1.866 | J57: =H57-I57 -> 0.015 | K57: =(F57*(273.15+D57)/273.15)/(M57*N57) -> 7.7782262 | L57: MU1 | M57: =VLOOKUP(L57,allgemein!$B$3:$C$13,2,FALSE) -> 1 | N57: 40 | O57: "
B58: 18A-0043Z | C58: " | D58: 23.9 | E58: 0.3 | F58: 285 | H58: 1.864 | I58: 1.851 | J58: =H58-I58 -> 0.013 | K58: =(F58*(273.15+D58)/273.15)/(M58*N58) -> 7.7484212 | L58: MU1 | M58: =VLOOKUP(L58,allgemein!$B$3:$C$13,2,FALSE) -> 1 | N58: 40 | O58: " | P58: Mem. kleines Punktloch
B59: 18A-0044Z | C59: " | D59: 23.9 | E59: 0.4 | F59: 285 | H59: 1.861 | I59: 1.848 | J59: =H59-I59 -> 0.013 | K59: =(F59*(273.15+D59)/273.15)/(M59*N59) -> 7.7484212 | L59: MU1 | M59: =VLOOKUP(L59,allgemein!$B$3:$C$13,2,FALSE) -> 1 | N59: 40 | O59: "
B60: 18A-0045Z | C60: " | D60: 23.9 | E60: 0.8 | F60: 284 | H60: 1.87 | I60: 1.86 | J60: =H60-I60 -> 0.01 | K60: =(F60*(273.15+D60)/273.15)/(M60*N60) -> 7.7212338 | L60: MU1 | M60: =VLOOKUP(L60,allgemein!$B$3:$C$13,2,FALSE) -> 1 | N60: 40 | O60: "
B61: 18A-0046Z | C61: " | D61: 23.9 | E61: 0.4 | F61: 285 | H61: 1.86 | I61: 1.847 | J61: =H61-I61 -> 0.013 | K61: =(F61*(273.15+D61)/273.15)/(M61*N61) -> 7.7484212 | L61: MU1 | M61: =VLOOKUP(L61,allgemein!$B$3:$C$13,2,FALSE) -> 1 | N61: 40 | O61: "
B62: 18A-0047Z | C62: " | D62: 23.9 | E62: 0.4 | F62: 285 | H62: 1.859 | I62: 1.846 | J62: =H62-I62 -> 0.013 | K62: =(F62*(273.15+D62)/273.15)/(M62*N62) -> 7.7484212 | L62: MU1 | M62: =VLOOKUP(L62,allgemein!$B$3:$C$13,2,FALSE) -> 1 | N62: 40 | O62: "
B63: 18A-0048Z | C63: " | D63: 23.9 | E63: 0.4 | F63: 285 | H63: 1.861 | I63: 1.848 | J63: =H63-I63 -> 0.013 | K63: =(F63*(273.15+D63)/273.15)/(M63*N63) -> 7.7484212 | L63: MU1 | M63: =VLOOKUP(L63,allgemein!$B$3:$C$13,2,FALSE) -> 1 | N63: 40 | O63: "
B64: 18A-0049Z | C64: " | D64: 23.9 | E64: 0.6 | F64: 285 | H64: 1.868 | I64: 1.856 | J64: =H64-I64 -> 0.012 | K64: =(F64*(273.15+D64)/273.15)/(M64*N64) -> 7.7484212 | L64: MU1 | M64: =VLOOKUP(L64,allgemein!$B$3:$C$13,2,FALSE) -> 1 | N64: 40 | O64: "
B65: 18A-0050Z | C65: FA702670 | D65: 22.8 | E65: 0.4 | F65: 178 | H65: 1.895 | I65: 1.879 | J65: =H65-I65 -> 0.016 | K65: =(F65*(273.15+D65)/273.15)/(M65*N65) -> 7.7143108 | L65: MI_V3 | M65: =VLOOKUP(L65,allgemein!$B$3:$C$13,2,FALSE) -> 1 | N65: 25 | O65: FA702768
B66: 18A-0051Z | C66: " | D66: 22.9 | E66: 0.4 | F66: 178 | H66: 1.894 | I66: 1.88 | J66: =H66-I66 -> 0.014 | K66: =(F66*(273.15+D66)/273.15)/(M66*N66) -> 7.7169174 | L66: MI_V3 | M66: =VLOOKUP(L66,allgemein!$B$3:$C$13,2,FALSE) -> 1 | N66: 25 | O66: "
B67: 18A-0052Z | C67: " | D67: 22.9 | E67: 0.3 | F67: 178 | H67: 1.882 | I67: 1.866 | J67: =H67-I67 -> 0.016 | K67: =(F67*(273.15+D67)/273.15)/(M67*N67) -> 7.7169174 | L67: MI_V3 | M67: =VLOOKUP(L67,allgemein!$B$3:$C$13,2,FALSE) -> 1 | N67: 25 | O67: "
B68: 18A-0053Z | C68: " | D68: 23 | E68: 0.4 | F68: 179 | H68: 1.886 | I68: 1.87 | J68: =H68-I68 -> 0.016 | K68: =(F68*(273.15+D68)/273.15)/(M68*N68) -> 7.7628922 | L68: MI_V3 | M68: =VLOOKUP(L68,allgemein!$B$3:$C$13,2,FALSE) -> 1 | N68: 25 | O68: "
B69: 18A-0054Z | C69: " | D69: 23 | E69: 0.4 | F69: 178 | H69: 1.882 | I69: 1.868 | J69: =H69-I69 -> 0.014 | K69: =(F69*(273.15+D69)/273.15)/(M69*N69) -> 7.7195241 | L69: MI_V3 | M69: =VLOOKUP(L69,allgemein!$B$3:$C$13,2,FALSE) -> 1 | N69: 25 | O69: "
B70: 18A-0055Z | C70: " | D70: 23.2 | E70: 0.3 | F70: 178 | H70: 1.896 | I70: 1.877 | J70: =H70-I70 -> 0.019 | K70: =(F70*(273.15+D70)/273.15)/(M70*N70) -> 7.7247373 | L70: MI_V3 | M70: =VLOOKUP(L70,allgemein!$B$3:$C$13,2,FALSE) -> 1 | N70: 25 | O70: "
... B73: 18A-0058Z | C73: " | D73: 24.3 | E73: 0.1 | F73: 178 | H73: 1.865 | I73: 1.847 | J73: =H73-I73 -> 0.018 | K73: =(F73*(273.15+D73)/273.15)/(M73*N73) -> 7.7534102 | L73: MI_V3 | M73: =VLOOKUP(L73,allgemein!$B$3:$C$13,2,FALSE) -> 1 | N73: 25 | O73: "
B74: 18A-0059Z | C74: FA702785 | D74: 25.8 | E74: 1 | F74: 571 | G74: 1.848 | H74: 3.708 | I74: 3.684 | J74: =H74-I74 -> 0.024 | K74: =(F74*(273.15+D74)/273.15)/(M74*N74) -> 7.8116625 | L74: MU2 | M74: =VLOOKUP(L74,allgemein!$B$3:$C$13,2,FALSE) -> 2 | N74: 40 | O74: FA703429
C75: " | G75: 1.86 | J75: =H75-I75 -> 0
B76: 18A-0060Z | C76: " | D76: 25.9 | E76: 1.1 | F76: 566 | G76: 1.832 | H76: 3.672 | I76: 3.66 | J76: =H76-I76 -> 0.012 | K76: =(F76*(273.15+D76)/273.15)/(M76*N76) -> 7.7458494 | L76: MU2 | M76: =VLOOKUP(L76,allgemein!$B$3:$C$13,2,FALSE) -> 2 | N76: 40 | O76: "
C77: " | G77: 1.84
B78: 18A-0061Z | C78: " | D78: 25.5 | E78: 0.9 | F78: 570 | G78: 1.855 | H78: 3.713 | I78: 3.693 | J78: =H78-I78 -> 0.02 | K78: =(F78*(273.15+D78)/273.15)/(M78*N78) -> 7.7901565 | L78: MU2 | M78: =VLOOKUP(L78,allgemein!$B$3:$C$13,2,FALSE) -> 2 | N78: 40 | O78: "
C79: " | G79: 1.858
B80: 18A-0062Z | C80: " | D80: 25.2 | E80: 1.2 | F80: 565 | G80: 1.859 | H80: 3.723 | I80: 3.7 | J80: =H80-I80 -> 0.023 | K80: =(F80*(273.15+D80)/273.15)/(M80*N80) -> 7.7140651 | L80: MU2 | M80: =VLOOKUP(L80,allgemein!$B$3:$C$13,2,FALSE) -> 2 | N80: 40 | O80: "
C81: " | G81: 1.864
B82: 18A-0063Z | C82: " | D82: 24.2 | E82: 0.3 | F82: 572 | G82: 1.844 | H82: 3.693 | I82: 3.669 | J82: =H82-I82 -> 0.024 | K82: =(F82*(273.15+D82)/273.15)/(M82*N82) -> 7.7834615 | L82: MU2 | M82: =VLOOKUP(L82,allgemein!$B$3:$C$13,2,FALSE) -> 2 | N82: 40 | O82: "
C83: " | G83: 1.849
B84: 18A-0064Z | C84: " | D84: 24.2 | E84: 4 | F84: 571 | G84: 1.859 | H84: 3.719 | I84: 3.692 | J84: =H84-I84 -> 0.027 | K84: =(F84*(273.15+D84)/273.15)/(M84*N84) -> 7.769854 | L84: MU2 | M84: =VLOOKUP(L84,allgemein!$B$3:$C$13,2,FALSE) -> 2 | N84: 40 | O84: "
C85: " | G85: 1.86
B86: 18A-0065Z | C86: " | D86: 23.8 | E86: 0.4 | F86: 572 | G86: 1.853 | H86: 3.712 | I86: 3.687 | J86: =H86-I86 -> 0.025 | K86: =(F86*(273.15+D86)/273.15)/(M86*N86) -> 7.772991 | L86: MU2 | M86: =VLOOKUP(L86,allgemein!$B$3:$C$13,2,FALSE) -> 2 | N86: 40 | O86: "
C87: " | G87: 1.859
B88: 18A-0066Z | C88: " | D88: 25.3 | E88: 0.5 | F88: 570 | G88: 1.834 | H88: 3.669 | I88: 3.645 | J88: =H88-I88 -> 0.024 | K88: =(F88*(273.15+D88)/273.15)/(M88*N88) -> 7.7849396 | L88: MU2 | M88: =VLOOKUP(L88,allgemein!$B$3:$C$13,2,FALSE) -> 2 | N88: 40 | O88: "
G89: 1.835
B90: 18A-0067Z | C90: FA702670 | D90: 22.9 | E90: 1 | F90: 177 | H90: 1.893 | I90: 1.876 | J90: =H90-I90 -> 0.017 | K90: =(F90*(273.15+D90)/273.15)/(M90*N90) -> 7.673564 | L90: MI_V3 | M90: =VLOOKUP(L90,allgemein!$B$3:$C$13,2,FALSE) -> 1 | N90: 25 | O90: FA703325
B91: 18A-0068Z | C91: FA702671 | D91: 23.8 | E91: 1 | F91: 178 | H91: 1.876 | I91: 1.862 | J91: =H91-I91 -> 0.014 | K91: =(F91*(273.15+D91)/273.15)/(M91*N91) -> 7.7403771 | L91: MI_V3 | M91: =VLOOKUP(L91,allgemein!$B$3:$C$13,2,FALSE) -> 1 | N91: 25 | O91: "
B92: 18A-0069Z | C92: " | D92: 23.8 | E92: 0.8 | F92: 178 | H92: 1.873 | I92: 1.861 | J92: =H92-I92 -> 0.012 | K92: =(F92*(273.15+D92)/273.15)/(M92*N92) -> 7.7403771 | L92: MI_V3 | M92: =VLOOKUP(L92,allgemein!$B$3:$C$13,2,FALSE) -> 1 | N92: 25 | O92: "
B93: 18A-0070Z | C93: " | D93: 23.6 | E93: 0.6 | F93: 178 | H93: 1.871 | I93: 1.861 | J93: =H93-I93 -> 0.01 | K93: =(F93*(273.15+D93)/273.15)/(M93*N93) -> 7.7351638 | L93: MI_V3 | M93: =VLOOKUP(L93,allgemein!$B$3:$C$13,2,FALSE) -> 1 | N93: 25 | O93: "
B94: 18A-0071Z | C94: " | D94: 23.3 | E94: 0.1 | F94: 179 | H94: 1.879 | I94: 1.865 | J94: =H94-I94 -> 0.014 | K94: =(F94*(273.15+D94)/273.15)/(M94*N94) -> 7.770756 | L94: MI_V3 | M94: =VLOOKUP(L94,allgemein!$B$3:$C$13,2,FALSE) -> 1 | N94: 25 | O94: "
B95: 18A-0072Z | C95: " | D95: 22.7 | E95: 0 | F95: 177 | H95: 1.883 | I95: 1.872 | J95: =H95-I95 -> 0.011 | K95: =(F95*(273.15+D95)/273.15)/(M95*N95) -> 7.66838 | L95: MI_V3 | M95: =VLOOKUP(L95,allgemein!$B$3:$C$13,2,FALSE) -> 1 | N95: 25 | O95: "
B96: 18A-0073Z | C96: " | D96: 22.1 | E96: 0 | F96: 177 | H96: 1.881 | I96: 1.871 | J96: =H96-I96 -> 0.01 | K96: =(F96*(273.15+D96)/273.15)/(M96*N96) -> 7.6528281 | L96: MI_V3 | M96: =VLOOKUP(L96,allgemein!$B$3:$C$13,2,FALSE) -> 1 | N96: 25 | O96: "
B97: 18A-0074Z | C97: " | D97: 21.5 | E97: 0.1 | F97: 177 | H97: 1.892 | I97: 1.883 | J97: =H97-I97 -> 0.009 | K97: =(F97*(273.15+D97)/273.15)/(M97*N97) -> 7.6372762 | L97: MI_V3 | M97: =VLOOKUP(L97,allgemein!$B$3:$C$13,2,FALSE) -> 1 | N97: 25 | O97: "
B98: 18A-0075Z | C98: " | D98: 23.5 | E98: 0.4 | F98: 177 | H98: 1.906 | I98: 1.893 | J98: =H98-I98 -> 0.013 | K98: =(F98*(273.15+D98)/273.15)/(M98*N98) -> 7.6891159 | L98: MI_V3 | M98: =VLOOKUP(L98,allgemein!$B$3:$C$13,2,FALSE) -> 1 | N98: 25 | O98: "
B99: 18A-0076Z | C99: " | D99: 23.5 | E99: 0.4 | F99: 177 | H99: 1.891 | I99: 1.878 | J99: =H99-I99 -> 0.013 | K99: =(F99*(273.15+D99)/273.15)/(M99*N99) -> 7.6891159 | L99: MI_V3 | M99: =VLOOKUP(L99,allgemein!$B$3:$C$13,2,FALSE) -> 1 | N99: 25 | O99: "
B100: 18A-0077Z | C100: " | D100: 23.5 | E100: 0.3 | F100: 177 | H100: 1.895 | I100: 1.879 | J100: =H100-I100 -> 0.016 | K100: =(F100*(273.15+D100)/273.15)/(M100*N100) -> 7.6891159 | L100: MI_V3 | M100: =VLOOKUP(L100,allgemein!$B$3:$C$13,2,FALSE) -> 1 | N100: 25 | O100: "
B101: 18A-0078Z | C101: " | D101: 23.6 | E101: 0.3 | F101: 177 | H101: 1.896 | I101: 1.884 | J101: =H101-I101 -> 0.012 | K101: =(F101*(273.15+D101)/273.15)/(M101*N101) -> 7.6917079 | L101: MI_V3 | M101: =VLOOKUP(L101,allgemein!$B$3:$C$13,2,FALSE) -> 1 | N101: 25 | O101: "
... B111: 18A-0088Z | C111: FA702672 | D111: 23.2 | E111: 0.3 | F111: 177 | H111: 1.876 | I111: 1.864 | J111: =H111-I111 -> 0.012 | K111: =(F111*(273.15+D111)/273.15)/(M111*N111) -> 7.6813399 | L111: MI_V3 | M111: =VLOOKUP(L111,allgemein!$B$3:$C$13,2,FALSE) -> 1 | N111: 25 | O111: "
B112: Reparaturen
B113: M1-1605-092 | C113: FA702784 | D113: 25.5 | E113: 0.3 | F113: 285 | H113: 1.861 | I113: 1.848 | J113: =H113-I113 -> 0.013 | K113: =(F113*(273.15+D113)/273.15)/(M113*N113) -> 7.7901565 | L113: MU1 | M113: =VLOOKUP(L113,allgemein!$B$3:$C$13,2,FALSE) -> 1 | N113: 40 | O113: FA703553
B114: 17A-0026Z | C114: " | D114: 25.6 | E114: 0.2 | F114: 285 | H114: 1.843 | I114: 1.831 | J114: =H114-I114 -> 0.012 | K114: =(F114*(273.15+D114)/273.15)/(M114*N114) -> 7.792765 | L114: MU1 | M114: =VLOOKUP(L114,allgemein!$B$3:$C$13,2,FALSE) -> 1 | N114: 40 | O114: "
B115: 17H-0033Z | C115: FA702176 | D115: 26 | E115: 0.3 | F115: 283 | H115: 1.844 | I115: 1.836 | J115: =H115-I115 -> 0.008 | K115: =(F115*(273.15+D115)/273.15)/(M115*N115) -> 7.7484395 | L115: MU1 | M115: =VLOOKUP(L115,allgemein!$B$3:$C$13,2,FALSE) -> 1 | N115: 40 | O115: " | P115: Mem. in Säure
B116: 17G-0006Z | C116: FA702785 | D116: 26.5 | E116: 0 | F116: 285 | H116: 1.844 | I116: 1.83 | J116: =H116-I116 -> 0.014 | K116: =(F116*(273.15+D116)/273.15)/(M116*N116) -> 7.8162411 | L116: MU1 | M116: =VLOOKUP(L116,allgemein!$B$3:$C$13,2,FALSE) -> 1 | N116: 40 | O116: "
B117: 16L-0029Z | C117: " | D117: 26.8 | E117: 0 | F117: 285 | H117: 1.839 | I117: 1.827 | J117: =H117-I117 -> 0.012 | K117: =(F117*(273.15+D117)/273.15)/(M117*N117) -> 7.8240664 | L117: MU1 | M117: =VLOOKUP(L117,allgemein!$B$3:$C$13,2,FALSE) -> 1 | N117: 40 | O117: "
B118: 16H-0034Z-R | C118: FA702784 | D118: 26.8 | E118: 1.1 | F118: 284 | H118: 1.92 | I118: 1.909 | J118: =H118-I118 -> 0.011 | K118: =(F118*(273.15+D118)/273.15)/(M118*N118) -> 7.7966136 | L118: MA_V2 | M118: =VLOOKUP(L118,allgemein!$B$3:$C$13,2,FALSE) -> 1 | N118: 40 | O118: FA703554
B119: 17A-0093Z | C119: FA700973 | D119: 22.7 | E119: >50 | F119: - | H119: - | I119: - | J119: - | K119: - | L119: MI_V3 | M119: 1 | N119: 25 | O119: - | P119: ab Neuheim; zu hohe Spannung
C120: " | D120: 25.3 | E120: 22 | F120: 163 | H120: 1.826 | I120: 1.821 | J120: =H120-I120 -> 0.005 | K120: =(F120*(273.15+D120)/273.15)/(M120*N120) -> 7.1239026 | L120: MI_V3 | M120: 1 | N120: 25 | O120: - | P120: nach Mem. In Säure
C121: FA702670 | D121: 23.9 | E121: 0.2 | F121: 177 | H121: 1.88 | I121: 1.87 | J121: =H121-I121 -> 0.01 | K121: =(F121*(273.15+D121)/273.15)/(M121*N121) -> 7.6994838 | L121: MI_V3 | M121: 1 | N121: 25 | O121: - | P121: mit neuer Mem.
B122: 17B-0030Z | C122: FA701049 | D122: >>> | E122: - | F122: - | H122: >2.5 | I122: - | J122: - | K122: - | L122: MI_V3 | M122: 1 | N122: 25 | O122: FA703052 | P122: zu hohe Spannung
...

Sheet Feb
B2: Cell # | C2: Membran # ¦ Batch # | D2: Temp Gas / [°C] | E2: Temp Kat T1-T2 / [°C] | F2: Gasfluss / [sccm / min] | G2: Membrane V @ 13 bar/[V] | H2: Cell V @ 13 bar/[V] | I2: Cell V @ 0 bar [V] | J2: Voltage Diff. / [V] | K2: H2 Prod / [nmL/A] | L2: Typ | M2: Anzahl Layer | N2: Strom / [A] | O2: FA # | P2: Bemerkungen | R2: Visum | S2: Jahr: | T2: 2018
B3: 18B-0001Z | C3: FA702785 | D3: 24.3 | E3: 0.4 | F3: 286 | H3: 1.875 | I3: 1.863 | J3: =H3-I3 -> 0.012 | K3: =(F3*(273.15+D3)/273.15)/(M3*N3) -> 7.7860791 | L3: MU1 | M3: =VLOOKUP(L3,allgemein!$B$3:$C$13,2,FALSE) -> 1 | N3: 40 | O3: FA703428
B4: 18B-0002Z | C4: FA703191 | D4: 23.9 | E4: 0.5 | F4: 286 | H4: 1.855 | I4: 1.844 | J4: =H4-I4 -> 0.011 | K4: =(F4*(273.15+D4)/273.15)/(M4*N4) -> 7.7756086 | L4: MU1 | M4: =VLOOKUP(L4,allgemein!$B$3:$C$13,2,FALSE) -> 1 | N4: 40 | O4: "
B5: 18B-0003Z | C5: " | D5: 24 | E5: 0.3 | F5: 285 | H5: 1.874 | I5: 1.863 | J5: =H5-I5 -> 0.011 | K5: =(F5*(273.15+D5)/273.15)/(M5*N5) -> 7.7510297 | L5: MU1 | M5: =VLOOKUP(L5,allgemein!$B$3:$C$13,2,FALSE) -> 1 | N5: 40 | O5: "
B6: 18B-0004Z | C6: " | D6: 23.8 | E6: 0.2 | F6: 285 | H6: 1.882 | I6: 1.87 | J6: =H6-I6 -> 0.012 | K6: =(F6*(273.15+D6)/273.15)/(M6*N6) -> 7.7458127 | L6: MU1 | M6: =VLOOKUP(L6,allgemein!$B$3:$C$13,2,FALSE) -> 1 | N6: 40 | O6: "
B7: 18B-0005Z | C7: " | D7: 23.6 | E7: 0.3 | F7: 284 | H7: 1.874 | I7: 1.864 | J7: =H7-I7 -> 0.01 | K7: =(F7*(273.15+D7)/273.15)/(M7*N7) -> 7.7134358 | L7: MU1 | M7: =VLOOKUP(L7,allgemein!$B$3:$C$13,2,FALSE) -> 1 | N7: 40 | O7: "
B8: 18B-0006Z | C8: " | D8: 23.2 | E8: 0.1 | F8: 285 | H8: 1.878 | I8: 1.866 | J8: =H8-I8 -> 0.012 | K8: =(F8*(273.15+D8)/273.15)/(M8*N8) -> 7.730162 | L8: MU1 | M8: =VLOOKUP(L8,allgemein!$B$3:$C$13,2,FALSE) -> 1 | N8: 40 | O8: "
B9: 18B-0007Z-R | C9: FA702785 | D9: 24.2 | E9: 0.4 | F9: 285 | H9: 1.9 | I9: 1.888 | J9: =H9-I9 -> 0.012 | K9: =(F9*(273.15+D9)/273.15)/(M9*N9) -> 7.7562466 | L9: MA_V1 | M9: =VLOOKUP(L9,allgemein!$B$3:$C$13,2,FALSE) -> 1 | N9: 40 | O9: FA703598 | P9: ersetzt: 1506-5855A
B10: 18B-0008Z-R | C10: FA703191 | D10: 24.2 | E10: 0.2 | F10: 285 | H10: 1.895 | I10: 1.881 | J10: =H10-I10 -> 0.014 | K10: =(F10*(273.15+D10)/273.15)/(M10*N10) -> 7.7562466 | L10: MA_V1 | M10: =VLOOKUP(L10,allgemein!$B$3:$C$13,2,FALSE) -> 1 | N10: 40 | O10: " | P10: ersetzt: 1506-5856A
B11: 18B-0009Z-R | C11: " | D11: 24 | E11: 0.2 | F11: 285 | H11: 1.896 | I11: 1.885 | J11: =H11-I11 -> 0.011 | K11: =(F11*(273.15+D11)/273.15)/(M11*N11) -> 7.7510297 | L11: MA_V1 | M11: =VLOOKUP(L11,allgemein!$B$3:$C$13,2,FALSE) -> 1 | N11: 40 | O11: ?
B12: 18B-0010Z-R | C12: " | D12: 23.7 | E12: 0.1 | F12: 285 | H12: 1.905 | I12: 1.895 | J12: =H12-I12 -> 0.01 | K12: =(F12*(273.15+D12)/273.15)/(M12*N12) -> 7.7432043 | L12: MA_V1 | M12: =VLOOKUP(L12,allgemein!$B$3:$C$13,2,FALSE) -> 1 | N12: 40 | O12: ?
B13: 18B-0011Z-R | C13: " | D13: 23.2 | E13: 0 | F13: 285 | H13: 1.904 | I13: 1.892 | J13: =H13-I13 -> 0.012 | K13: =(F13*(273.15+D13)/273.15)/(M13*N13) -> 7.730162 | L13: MA_V1 | M13: =VLOOKUP(L13,allgemein!$B$3:$C$13,2,FALSE) -> 1 | N13: 40 | O13: ?
B14: 18B-0012Z-R | C14: " | D14: 24.2 | E14: 0.4 | F14: 285 | H14: 1.911 | I14: 1.899 | J14: =H14-I14 -> 0.012 | K14: =(F14*(273.15+D14)/273.15)/(M14*N14) -> 7.7562466 | L14: MA_V1 | M14: =VLOOKUP(L14,allgemein!$B$3:$C$13,2,FALSE) -> 1 | N14: 40 | O14: FA703595
B15: 18B-0013Z-R | C15: " | D15: 24.2 | E15: 0.3 | F15: 285 | H15: 1.912 | I15: 1.899 | J15: =H15-I15 -> 0.013 | K15: =(F15*(273.15+D15)/273.15)/(M15*N15) -> 7.7562466 | L15: MA_V1 | M15: =VLOOKUP(L15,allgemein!$B$3:$C$13,2,FALSE) -> 1 | N15: 40 | O15: "
B16: 18B-0014Z-R | C16: " | D16: 24.3 | E16: 0.3 | F16: 285 | H16: 1.887 | I16: 1.876 | J16: =H17-I17 -> 0.009 | K16: =(F17*(273.15+D17)/273.15)/(M16*N16) -> 7.7290317 | L16: MA_V1 | M16: =VLOOKUP(L16,allgemein!$B$3:$C$13,2,FALSE) -> 1 | N16: 40 | O16: "
B17: 18B-0015Z-R | C17: " | D17: 24.2 | E17: 0.7 | F17: 284 | H17: 1.916 | I17: 1.907 | J17: =H16-I16 -> 0.011 | K17: =(F16*(273.15+D16)/273.15)/(M17*N17) -> 7.758855 | L17: MA_V1 | M17: =VLOOKUP(L17,allgemein!$B$3:$C$13,2,FALSE) -> 1 | N17: 40 | O17: "
B18: 18B-0016Z-R | C18: " | D18: 24.4 | E18: 0.3 | F18: 284 | H18: 1.907 | I18: 1.896 | J18: =H18-I18 -> 0.011 | K18: =(F18*(273.15+D18)/273.15)/(M18*N18) -> 7.7342303 | L18: MA_V1 | M18: =VLOOKUP(L18,allgemein!$B$3:$C$13,2,FALSE) -> 1 | N18: 40 | O18: "
B19: 18B-0017Z-R | C19: " | D19: 25.8 | E19: 0 | F19: 285 | H19: 1.884 | I19: 1.874 | J19: =H19-I19 -> 0.01 | K19: =(F19*(273.15+D19)/273.15)/(M19*N19) -> 7.7979819 | L19: MA_V1 | M19: =VLOOKUP(L19,allgemein!$B$3:$C$13,2,FALSE) -> 1 | N19: 40 | O19: "
B20: 18B-0018Z-R | C20: " | D20: 26 | E20: 0 | F20: 286 | H20: 1.909 | I20: 1.897 | J20: =H20-I20 -> 0.012 | K20: =(F20*(273.15+D20)/273.15)/(M20*N20) -> 7.8305784 | L20: MA_V1 | M20: =VLOOKUP(L20,allgemein!$B$3:$C$13,2,FALSE) -> 1 | N20: 40 | O20: "
B21: 18B-0019Z-R | C21: " | D21: 26.3 | E21: 0.1 | F21: 284 | H21: 1.898 | I21: 1.888 | J21: =H21-I21 -> 0.01 | K21: =(F21*(273.15+D21)/273.15)/(M21*N21) -> 7.7836171 | L21: MA_V1 | M21: =VLOOKUP(L21,allgemein!$B$3:$C$13,2,FALSE) -> 1 | N21: 40 | O21: "
B22: 18B-0020Z-R | C22: FA703192 | D22: 26.7 | E22: 0 | F22: 284 | H22: 1.89 | I22: 1.879 | J22: =H22-I22 -> 0.011 | K22: =(F22*(273.15+D22)/273.15)/(M22*N22) -> 7.7940143 | L22: MA_V1 | M22: =VLOOKUP(L22,allgemein!$B$3:$C$13,2,FALSE) -> 1 | N22: 40 | O22: "
B23: 18B-0021Z-R | C23: " | D23: 27.2 | E23: 0 | F23: 284 | H23: 1.873 | I23: 1.86 | J23: =H23-I23 -> 0.013 | K23: =(F23*(273.15+D23)/273.15)/(M23*N23) -> 7.8070108 | L23: MA_V1 | M23: =VLOOKUP(L23,allgemein!$B$3:$C$13,2,FALSE) -> 1 | N23: 40 | O23: "
B24: 18B-0022Z | C24: " | D24: 25.2 | E24: 0.5 | F24: 285 | H24: 1.856 | I24: 1.845 | J24: =H24-I24 -> 0.011 | K24: =(F24*(273.15+D24)/273.15)/(M24*N24) -> 7.7823311 | L24: MU1 | M24: =VLOOKUP(L24,allgemein!$B$3:$C$13,2,FALSE) -> 1 | N24: 40 | O24: FA703428
B25: 18B-0023Z | C25: " | D25: 25.2 | E25: 0.3 | F25: 285 | H25: 1.855 | I25: 1.843 | J25: =H25-I25 -> 0.012 | K25: =(F25*(273.15+D25)/273.15)/(M25*N25) -> 7.7823311 | L25: MU1 | M25: =VLOOKUP(L25,allgemein!$B$3:$C$13,2,FALSE) -> 1 | N25: 40 | O25: "
B26: 18B-0024Z | C26: " | D26: 25.2 | E26: 0.3 | F26: 286 | H26: 1.86 | I26: 1.846 | J26: =H26-I26 -> 0.014 | K26: =(F26*(273.15+D26)/273.15)/(M26*N26) -> 7.8096376 | L26: MU1 | M26: =VLOOKUP(L26,allgemein!$B$3:$C$13,2,FALSE) -> 1 | N26: 40 | O26: "
B27: 18B-0025Z | C27: " | D27: 25.2 | E27: 0 | F27: 285 | H27: 1.855 | I27: 1.842 | J27: =H27-I27 -> 0.013 | K27: =(F27*(273.15+D27)/273.15)/(M27*N27) -> 7.7823311 | L27: MU1 | M27: =VLOOKUP(L27,allgemein!$B$3:$C$13,2,FALSE) -> 1 | N27: 40 | O27: "
B28: 18B-0026Z | C28: " | D28: 24.9 | E28: 0.3 | F28: 284 | H28: 1.853 | I28: 1.841 | J28: =H28-I28 -> 0.012 | K28: =(F28*(273.15+D28)/273.15)/(M28*N28) -> 7.7472268 | L28: MU1 | M28: =VLOOKUP(L28,allgemein!$B$3:$C$13,2,FALSE) -> 1 | N28: 40 | O28: "
B29: 18B-0027Z | C29: " | D29: 24.8 | E29: 0.5 | F29: 285 | H29: 1.863 | I29: 1.85 | J29: =H29-I29 -> 0.013 | K29: =(F29*(273.15+D29)/273.15)/(M29*N29) -> 7.7718973 | L29: MU1 | M29: =VLOOKUP(L29,allgemein!$B$3:$C$13,2,FALSE) -> 1 | N29: 40 | O29: "
B30: 18B-0028Z | C30: " | D30: 24.8 | E30: 0.7 | F30: 286 | H30: 1.868 | I30: 1.853 | J30: =H30-I30 -> 0.015 | K30: =(F30*(273.15+D30)/273.15)/(M30*N30) -> 7.7991671 | L30: MU1 | M30: =VLOOKUP(L30,allgemein!$B$3:$C$13,2,FALSE) -> 1 | N30: 40 | O30: " | P30: Mem. kleiner Faden
B31: 18B-0029Z | C31: " | D31: 24.8 | E31: 0.5 | F31: 287 | H31: 1.874 | I31: 1.859 | J31: =H31-I31 -> 0.015 | K31: =(F31*(273.15+D31)/273.15)/(M31*N31) -> 7.8264369 | L31: MU1 | M31: =VLOOKUP(L31,allgemein!$B$3:$C$13,2,FALSE) -> 1 | N31: 40 | O31: "
B32: 18B-0030Z | C32: " | D32: 24.7 | E32: 0.6 | F32: 286 | H32: 1.867 | I32: 1.852 | J32: =H32-I32 -> 0.015 | K32: =(F32*(273.15+D32)/273.15)/(M32*N32) -> 7.7965495 | L32: MU1 | M32: =VLOOKUP(L32,allgemein!$B$3:$C$13,2,FALSE) -> 1 | N32: 40 | O32: "
B33: 18B-0031Z | C33: " | D33: 24.6 | E33: 0.6 | F33: 285 | H33: 1.869 | I33: 1.855 | J33: =H33-I33 -> 0.014 | K33: =(F33*(273.15+D33)/273.15)/(M33*N33) -> 7.7666804 | L33: MU1 | M33: =VLOOKUP(L33,allgemein!$B$3:$C$13,2,FALSE) -> 1 | N33: 40 | O33: "
B34: 18B-0032Z | C34: " | D34: 24.3 | E34: 0.6 | F34: 285 | H34: 1.874 | I34: 1.86 | J34: =H34-I34 -> 0.014 | K34: =(F34*(273.15+D34)/273.15)/(M34*N34) -> 7.758855 | L34: MU1 | M34: =VLOOKUP(L34,allgemein!$B$3:$C$13,2,FALSE) -> 1 | N34: 40 | O34: "
B35: 18B-0033Z | C35: " | D35: 24 | E35: 0.4 | F35: 285 | H35: 1.856 | I35: 1.845 | J35: =H35-I35 -> 0.011 | K35: =(F35*(273.15+D35)/273.15)/(M35*N35) -> 7.7510297 | L35: MU1 | M35: =VLOOKUP(L35,allgemein!$B$3:$C$13,2,FALSE) -> 1 | N35: 40 | O35: "
B36: 18B-0034Z | C36: FA702672 | D36: 23.6 | E36: 0.2 | F36: 177 | H36: 1.895 | I36: 1.884 | J36: =H36-I36 -> 0.011 | K36: =(F36*(273.15+D36)/273.15)/(M36*N36) -> 7.6917079 | L36: MI_V3 | M36: =VLOOKUP(L36,allgemein!$B$3:$C$13,2,FALSE) -> 1 | N36: 25 | O36: FA703325
B37: 18B-0035Z | C37: " | D37: 23.4 | E37: 0.4 | F37: 177 | H37: 1.903 | I37: 1.894 | J37: =H37-I37 -> 0.009 | K37: =(F37*(273.15+D37)/273.15)/(M37*N37) -> 7.6865239 | L37: MI_V3 | M37: =VLOOKUP(L37,allgemein!$B$3:$C$13,2,FALSE) -> 1 | N37: 25 | O37: "
B38: 18B-0036Z | C38: " | D38: 23.3 | E38: 0.4 | F38: 177 | H38: 1.892 | I38: 1.883 | J38: =H38-I38 -> 0.009 | K38: =(F38*(273.15+D38)/273.15)/(M38*N38) -> 7.6839319 | L38: MI_V3 | M38: =VLOOKUP(L38,allgemein!$B$3:$C$13,2,FALSE) -> 1 | N38: 25 | O38: "
B39: 18B-0037Z | C39: " | D39: 23.4 | E39: 0.4 | F39: 178 | H39: 1.89 | I39: 1.88 | J39: =H39-I39 -> 0.01 | K39: =(F39*(273.15+D39)/273.15)/(M39*N39) -> 7.7299506 | L39: MI_V3 | M39: =VLOOKUP(L39,allgemein!$B$3:$C$13,2,FALSE) -> 1 | N39: 25 | O39: "
B40: 18B-0038Z | C40: " | D40: 23.4 | E40: 0.4 | F40: 177 | H40: 1.883 | I40: 1.873 | J40: =H40-I40 -> 0.01 | K40: =(F40*(273.15+D40)/273.15)/(M40*N40) -> 7.6865239 | L40: MI_V3 | M40: =VLOOKUP(L40,allgemein!$B$3:$C$13,2,FALSE) -> 1 | N40: 25 | O40: "
B41: 18B-0039Z | C41: " | D41: 23.4 | E41: 0.6 | F41: 177 | H41: 1.896 | I41: 1.887 | J41: =H41-I41 -> 0.009 | K41: =(F41*(273.15+D41)/273.15)/(M41*N41) -> 7.6865239 | L41: MI_V3 | M41: =VLOOKUP(L41,allgemein!$B$3:$C$13,2,FALSE) -> 1 | N41: 25 | O41: "
B42: 18B-0040Z | C42: " | D42: 23.6 | E42: 0.2 | F42: 177 | H42: 1.902 | I42: 1.89 | J42: =H42-I42 -> 0.012 | K42: =(F42*(273.15+D42)/273.15)/(M42*N42) -> 7.6917079 | L42: MI_V3 | M42: =VLOOKUP(L42,allgemein!$B$3:$C$13,2,FALSE) -> 1 | N42: 25 | O42: "
B43: 18B-0041Z | C43: " | D43: 23.8 | E43: 0.1 | F43: 177 | H43: 1.891 | I43: 1.88 | J43: =H43-I43 -> 0.011 | K43: =(F43*(273.15+D43)/273.15)/(M43*N43) -> 7.6968918 | L43: MI_V3 | M43: =VLOOKUP(L43,allgemein!$B$3:$C$13,2,FALSE) -> 1 | N43: 25 | O43: "
B44: 18B-0042Z | C44: FA703192 | D44: 25.5 | E44: 0.1 | F44: 861 | G44: 1.847 | H44: 5.549 | I44: 5.509 | J44: =H44-I44 -> 0.04 | K44: =(F44*(273.15+D44)/273.15)/(M44*N44) -> 7.8448243 | L44: MU3 | M44: =VLOOKUP(L44,allgemein!$B$3:$C$13,2,FALSE) -> 3 | N44: 40 | O44: FA702765
C45: " | G45: 1.85
C46: " | G46: 1.852
B47: 18B-0043Z | C47: FA703193 | D47: 25.8 | E47: 0 | F47: 862 | G47: 1.856 | H47: 5.568 | I47: 5.523 | J47: =H47-I47 -> 0.045 | K47: =(F47*(273.15+D47)/273.15)/(M47*N47) -> 7.861825 | L47: MU3 | M47: =VLOOKUP(L47,allgemein!$B$3:$C$13,2,FALSE) -> 3 | N47: 40 | O47: "
C48: " | G48: 1.851
C49: " | G49: 1.861
B50: 18B-0044Z | C50: " | D50: 27 | E50: 0 | F50: 861 | G50: 1.85 | H50: 5.566 | I50: 5.52 | J50: =H50-I50 -> 0.046 | K50: =(F50*(273.15+D50)/273.15)/(M50*N50) -> 7.8842257 | L50: MU3 | M50: =VLOOKUP(L50,allgemein!$B$3:$C$13,2,FALSE) -> 3 | N50: 40 | O50: "
C51: " | G51: 1.858
C52: " | G52: 1.858
B53: 18B-0045Z | C53: " | D53: 25.6 | E53: 0.4 | F53: 842 | G53: 1.864 | H53: 5.579 | I53: 5.544 | J53: =H53-I53 -> 0.035 | K53: =(F53*(273.15+D53)/273.15)/(M53*N53) -> 7.6742785 | L53: MU3 | M53: =VLOOKUP(L53,allgemein!$B$3:$C$13,2,FALSE) -> 3 | N53: 40 | O53: " | P53: Mem. mit neuem Dosiersystem
C54: FA703432 | G54: 1.86
C55: " | G55: 1.855
B56: " | C56: " | D56: 27.2 | E56: 0 | F56: 850 | G56: 1.84 | H56: 5.509 | I56: 5.475 | J56: =H56-I56 -> 0.034 | K56: =(F56*(273.15+D56)/273.15)/(M56*N56) -> 7.7886845 | L56: MU3 | M56: =VLOOKUP(L56,allgemein!$B$3:$C$13,2,FALSE) -> 3 | N56: 40 | O56: " | P56: 2.Messung anschliessend an Z 0044
C57: " | G57: 1.837
C58: " | G58: 1.832
B59: " | C59: " | D59: 26.7 | F59: 831 | J59: =H59-I59 -> 0 | K59: =(F59*(273.15+D59)/273.15)/(M59*N59) -> 7.6019083 | L59: MU3 | M59: =VLOOKUP(L59,allgemein!$B$3:$C$13,2,FALSE) -> 3 | N59: 40 | O59: " | P59: 3. Messung/ mehrmaliges Messen immer <<<<<
B60: " | C60: " | D60: 25.9 | E60: 1.4 | F60: 855 | G60: 1.841 | H60: 5.521 | I60: 5.498 | J60: =H60-I60 -> 0.023 | K60: =(F60*(273.15+D60)/273.15)/(M60*N60) -> 7.8005903 | L60: MU3 | M60: =VLOOKUP(L60,allgemein!$B$3:$C$13,2,FALSE) -> 3 | N60: 40 | O60: " | P60: Leck;Dicht.auflage schlecht/ Z-Elektr. Gewechselt da Dichtfläche schlecht
C61: " | G61: 1.84
C62: " | G62: 1.839
B63: 18B-0046Z | C63: FA703193 | D63: 24.2 | E63: 0.2 | F63: 861 | G63: 1.85 | H63: 5.543 | I63: 5.51 | J63: =H63-I63 -> 0.033 | K63: =(F63*(273.15+D63)/273.15)/(M63*N63) -> 7.8106764 | L63: MU3 | M63: =VLOOKUP(L63,allgemein!$B$3:$C$13,2,FALSE) -> 3 | N63: 40 | O63: " | P63: Mem. mit altem Dosiersystem
C64: " | G64: 1.843
C65: " | G65: 1.849
B66: 18B-0047Z | C66: FA703432 | D66: 25.8 | E66: 0.5 | F66: 859 | G66: 1.835 | H66: 5.481 | I66: 5.448 | J66: =H66-I66 -> 0.033 | K66: =(F66*(273.15+D66)/273.15)/(M66*N66) -> 7.8344637 | L66: MU3 | M66: =VLOOKUP(L66,allgemein!$B$3:$C$13,2,FALSE) -> 3 | N66: 40 | O66: " | P66: Mem. mit neuem Dosiersystem
C67: " | G67: 1.818
C68: " | G68: 1.828
B69: 18B-0048Z | C69: FA703432 | D69: 26 | E69: 0.5 | F69: 284 | H69: 1.851 | I69: 1.843 | J69: =H69-I69 -> 0.008 | K69: =(F69*(273.15+D69)/273.15)/(M69*N69) -> 7.7758191 | L69: MU1 | M69: =VLOOKUP(L69,allgemein!$B$3:$C$13,2,FALSE) -> 1 | N69: 40 | O69: FA703609 | P69: Mem. mit neuem Dosiersystem
B70: 18B-0049Z | C70: " | D70: 26.8 | E70: 0.2 | F70: 285 | H70: 1.853 | I70: 1.838 | J70: =H70-I70 -> 0.015 | K70: =(F70*(273.15+D70)/273.15)/(M70*N70) -> 7.8240664 | L70: MU1 | M70: =VLOOKUP(L70,allgemein!$B$3:$C$13,2,FALSE) -> 1 | N70: 40 | O70: "
B71: 18B-0050Z | C71: " | D71: 27.4 | E71: 0.2 | F71: 285 | H71: 1.842 | I71: 1.829 | J71: =H71-I71 -> 0.013 | K71: =(F71*(273.15+D71)/273.15)/(M71*N71) -> 7.8397172 | L71: MU1 | M71: =VLOOKUP(L71,allgemein!$B$3:$C$13,2,FALSE) -> 1 | N71: 40 | O71: "
B72: 18B-0051Z | C72: FA703193 | D72: 25.9 | E72: 0.9 | F72: 572 | G72: 1.841 | H72: 3.687 | I72: 3.664 | J72: =H72-I72 -> 0.023 | K72: =(F72*(273.15+D72)/273.15)/(M72*N72) -> 7.8279608 | L72: MU2 | M72: =VLOOKUP(L72,allgemein!$B$3:$C$13,2,FALSE) -> 2 | N72: 40 | O72: FA703559 | P72: Mem. mit altem Dosiersystem
C73: " | G73: 1.845
B74: 18B-0052Z | C74: FA703432 | D74: 26 | E74: 0.6 | F74: 571 | G74: 1.837 | H74: 3.669 | I74: 3.648 | J74: =H74-I74 -> 0.021 | K74: =(F74*(273.15+D74)/273.15)/(M74*N74) -> 7.8168886 | L74: MU2 | M74: =VLOOKUP(L74,allgemein!$B$3:$C$13,2,FALSE) -> 2 | N74: 40 | O74: " | P74: Mem. mit neuem Dosiersystem
C75: " | G75: 1.832
B76: 18B-0053Z | C76: FA703193 | D76: 24.6 | E76: 0.2 | F76: 571 | G76: 1.844 | H76: 3.683 | I76: 3.66 | J76: =H76-I76 -> 0.023 | K76: =(F76*(273.15+D76)/273.15)/(M76*N76) -> 7.7803062 | L76: MU2 | M76: =VLOOKUP(L76,allgemein!$B$3:$C$13,2,FALSE) -> 2 | N76: 40 | O76: " | P76: Mem. mit altem Dosiersystem
C77: " | G77: 1.839
B78: 18B-0054Z | C78: " | D78: 24.5 | E78: 0.3 | F78: 570 | G78: 1.8351 | H78: 3.682 | I78: 3.66 | J78: =H78-I78 -> 0.022 | K78: =(F78*(273.15+D78)/273.15)/(M78*N78) -> 7.7640719 | L78: MU2 | M78: =VLOOKUP(L78,allgemein!$B$3:$C$13,2,FALSE) -> 2 | N78: 40 | O78: " | P78: "
C79: " | G79: 1.847
B80: 18B-0055Z | C80: " | D80: 24.2 | E80: 0.2 | F80: 570 | G80: 1.837 | H80: 3.683 | I80: 3.663 | J80: =H80-I80 -> 0.02 | K80: =(F80*(273.15+D80)/273.15)/(M80*N80) -> 7.7562466 | L80: MU2 | M80: =VLOOKUP(L80,allgemein!$B$3:$C$13,2,FALSE) -> 2 | N80: 40 | O80: " | P80: "
C81: " | G81: 1.846
B82: 18B-0056Z | C82: " | D82: 23.9 | E82: 0 | F82: 570 | G82: 1.84 | H82: 3.689 | I82: 3.667 | J82: =H82-I82 -> 0.022 | K82: =(F82*(273.15+D82)/273.15)/(M82*N82) -> 7.7484212 | L82: MU2 | M82: =VLOOKUP(L82,allgemein!$B$3:$C$13,2,FALSE) -> 2 | N82: 40 | O82: " | P82: "
C83: FA703432 | G83: 1.849 | P83: Mem. mit neuem Dosiersystem
B84: 18B-0057Z | C84: " | D84: 25.2 | E84: 1.1 | F84: 570 | G84: 1.858 | H84: 3.723 | I84: 3.7 | J84: =H84-I84 -> 0.023 | K84: =(F84*(273.15+D84)/273.15)/(M84*N84) -> 7.7823311 | L84: MU2 | M84: =VLOOKUP(L84,allgemein!$B$3:$C$13,2,FALSE) -> 2 | N84: 40 | O84: "
C85: " | G85: 1.865
B86: 18B-0058Z | C86: " | D86: 25.3 | E86: 0.5 | F86: 571 | G86: 1.842 | H86: 3.676 | I86: 3.65 | J86: =H86-I86 -> 0.026 | K86: =(F86*(273.15+D86)/273.15)/(M86*N86) -> 7.7985974 | L86: MU2 | M86: =VLOOKUP(L86,allgemein!$B$3:$C$13,2,FALSE) -> 2 | N86: 40 | O86: "
C87: " | G87: 1.833
B88: 18B-0059Z | C88: " | D88: 25.3 | E88: 0.1 | F88: 572 | G88: 1.842 | H88: 3.7 | I88: 3.671 | J88: =H88-I88 -> 0.029 | K88: =(F88*(273.15+D88)/273.15)/(M88*N88) -> 7.8122552 | L88: MU2 | M88: =VLOOKUP(L88,allgemein!$B$3:$C$13,2,FALSE) -> 2 | N88: 40 | O88: "
C89: " | G89: 1.858
B90: 18B-0060Z | C90: " | D90: 25.4 | E90: 0.5 | F90: 571 | G90: 1.839 | H90: 3.696 | I90: 3.668 | J90: =H90-I90 -> 0.028 | K90: =(F90*(273.15+D90)/273.15)/(M90*N90) -> 7.8012104 | L90: MU2 | M90: =VLOOKUP(L90,allgemein!$B$3:$C$13,2,FALSE) -> 2 | N90: 40 | O90: "
C91: " | G91: 1.857
B92: 18B-0061Z | C92: FA703434 | D92: 26 | E92: 0.2 | F92: 861 | G92: 1.855 | H92: 5.566 | I92: 5.523 | J92: =H92-I92 -> 0.043 | K92: =(F92*(273.15+D92)/273.15)/(M92*N92) -> 7.8579581 | L92: MU3 | M92: =VLOOKUP(L92,allgemein!$B$3:$C$13,2,FALSE) -> 3 | N92: 40 | O92: FA703681 | P92: Mem. FA703433 grobes Edelstahl- Flies
C93: " | G93: 1.854 | P93: Decovi- H Elektr. = knapp in Tol.
C94: " | G94: 1.856 | P94: Bächler-Z Elektr.= knapp in Tol.
B95: 18B-0062Z | C95: FA703433 | D95: 24.8 | E95: 0.4 | F95: 856 | G95: 1.846 | H95: 5.546 | I95: 5.512 | J95: =H95-I95 -> 0.034 | K95: =(F95*(273.15+D95)/273.15)/(M95*N95) -> 7.7809872 | L95: MU3 | M95: =VLOOKUP(L95,allgemein!$B$3:$C$13,2,FALSE) -> 3 | N95: 40 | O95: " | P95: Mem. FA703433 grobes Edelstahl- Flies/ WZauf0.7/3T
C96: " | G96: 1.852 | P96: Decovi- H Elektr. = knapp in Tol. aber Laschen tiefer
C97: " | G97: 1.848 | P97: Bächler-Z Elektr.= ausserh. Tol.
B98: 18B-0063Z | C98: " | D98: 22.3 | E98: 0 | F98: 855 | G98: 1.829 | H98: 5.49 | I98: 5.466 | J98: =H98-I98 -> 0.024 | K98: =(F98*(273.15+D98)/273.15)/(M98*N98) -> 7.7066859 | L98: MU3 | M98: =VLOOKUP(L98,allgemein!$B$3:$C$13,2,FALSE) -> 3 | N98: 40 | O98: " | P98: H-Elektr. 1 | Q98: Mem. FA703433 grobes Edelstahl- Vlies/
C99: " | G99: 1.832 | P99: Z-Elektr. 1 | Q99: Gasfluss nur ca 620/ Leck; WZauf0.7/3T
C100: " | G100: 1.829 | P100: Z-Elektr. 2 | Q100: "
B101: 18B-0064Z | C101: " | D101: 26.5 | E101: 0.5 | F101: 857 | G101: 1.832 | H101: 5.495 | I101: 5.453 | J101: =H101-I101 -> 0.042 | K101: =(F101*(273.15+D101)/273.15)/(M101*N101) -> 7.8345247 | L101: MU3 | M101: =VLOOKUP(L101,allgemein!$B$3:$C$13,2,FALSE) -> 3 | N101: 40 | O101: " | P101: H-Elektr. 2 | Q101: Mem. FA703433 grobes Edelstahl- Vlies
...

Sheet Mar
B2: Cell # | C2: Membran # ¦ Batch # | D2: Temp Gas / [°C] | E2: Temp Kat T1-T2 / [°C] | F2: Gasfluss / [sccm / min] | G2: Membrane V @ 13 bar/[V] | H2: Cell V @ 13 bar/[V] | I2: Cell V @ 0 bar [V] | J2: Voltage Diff. / [V] | K2: H2 Prod / [nmL/A] | L2: Typ | M2: Anzahl Layer | N2: Strom / [A] | O2: FA # | P2: Bemerkungen | R2: Visum | S2: Jahr: | T2: 2018
B3: 18C-0001Z | C3: FA703434 | D3: 25.8 | E3: 0.3 | F3: 857 | G3: 1.83 | H3: 5.49 | I3: 5.443 | J3: =IF(M3<>"",(H3-I3)/M3,"") -> 0.015666667 | K3: =(F3*(273.15+D3)/273.15)/(M3*N3) -> 7.8162228 | L3: MU3 | M3: =VLOOKUP(L3,allgemein!$B$3:$C$13,2,FALSE) -> 3 | N3: 40 | O3: FA703707 | P3: H-Elektr. 4 | Q3: Mem. FA703434 grobes Edelstahl- Vlies
C4: " | G4: 1.828 | J4: =IF(M4<>"",(H4-I4)/M4,"") | P4: Z-Elektr. 7 | Q4: "
C5: " | G5: 1.832 | J5: =IF(M5<>"",(H5-I5)/M5,"") | P5: Z-Elektr. 8 | Q5: "
B6: 18C-0002Z | C6: " | D6: 24.6 | E6: 0.4 | F6: 572 | G6: 1.856 | H6: 3.726 | I6: 3.69 | J6: =IF(M6<>"",(H6-I6)/M6,"") -> 0.018 | K6: =(F6*(273.15+D6)/273.15)/(M6*N6) -> 7.7939319 | L6: MU2 | M6: =VLOOKUP(L6,allgemein!$B$3:$C$13,2,FALSE) -> 2 | N6: 40 | O6: FA703708 | P6: H-Elektr.5/ WZauf0.7/3T | Q6: Mem. FA703434 grobes Edelstahl- Vlies
C7: FA703432 | G7: 1.87 | J7: =IF(M7<>"",(H7-I7)/M7,"") | P7: Z-Elektr. D8 | Q7: auf Spülanl.1.875;Mem. feines Vlies gewechselt= 1.830
B8: 18C-0003Z | C8: FA703434 | D8: 24.3 | E8: 0.1 | F8: 285 | H8: 1.861 | I8: 1.838 | J8: =IF(M8<>"",(H8-I8)/M8,"") -> 0.023 | K8: =(F8*(273.15+D8)/273.15)/(M8*N8) -> 7.758855 | L8: MU1 | M8: =VLOOKUP(L8,allgemein!$B$3:$C$13,2,FALSE) -> 1 | N8: 40 | O8: FA703597 | P8: WZauf0.7/3T | Q8: Mem. FA703434 grobes Edelstahl- Vlies (einges. Mem. vorher eingesetzt s.Spalte7
C9: " | D9: 24.6 | E9: 0.3 | F9: 285 | H9: 1.856 | I9: 1.833 | J9: =IF(M9<>"",(H9-I9)/M9,"") -> 0.023 | K9: =(F9*(273.15+D9)/273.15)/(M9*N9) -> 7.7666804 | L9: MU1 | M9: =VLOOKUP(L9,allgemein!$B$3:$C$13,2,FALSE) -> 1 | N9: 40 | O9: " | P9: mit 3.2Nm angezogen
C10: " | D10: 21.4 | E10: 0 | F10: 285 | H10: 1.853 | I10: 1.841 | J10: =IF(M10<>"",(H10-I10)/M10,"") -> 0.012 | K10: =(F10*(273.15+D10)/273.15)/(M10*N10) -> 7.6832098 | L10: MU1 | M10: =VLOOKUP(L10,allgemein!$B$3:$C$13,2,FALSE) -> 1 | N10: 40 | O10: " | P10: Mem. mit feinem Vlies
B11: 18C-0004Z | C11: FA703433 | D11: 25.3 | E11: 0.5 | F11: 284 | H11: 1.854 | I11: 1.834 | J11: =IF(M11<>"",(H11-I11)/M11,"") -> 0.02 | K11: =(F11*(273.15+D11)/273.15)/(M11*N11) -> 7.757624 | L11: MU1 | M11: =VLOOKUP(L11,allgemein!$B$3:$C$13,2,FALSE) -> 1 | N11: 40 | O11: " | P11: Mem. FA703433 grobes Edelstahl- Vlies
B12: 18C-0005Z | C12: " | D12: 25.2 | E12: 0.5 | F12: 285 | H12: 1.847 | I12: 1.831 | J12: =IF(M12<>"",(H12-I12)/M12,"") -> 0.016 | K12: =(F12*(273.15+D12)/273.15)/(M12*N12) -> 7.7823311 | L12: MU1 | M12: =VLOOKUP(L12,allgemein!$B$3:$C$13,2,FALSE) -> 1 | N12: 40 | O12: " | P12: "
B13: 18C-0006Z | C13: " | D13: 25.2 | E13: 0.4 | F13: 284 | H13: 1.845 | I13: 1.827 | J13: =IF(M13<>"",(H13-I13)/M13,"") -> 0.018 | K13: =(F13*(273.15+D13)/273.15)/(M13*N13) -> 7.7550247 | L13: MU1 | M13: =VLOOKUP(L13,allgemein!$B$3:$C$13,2,FALSE) -> 1 | N13: 40 | O13: " | P13: "
B14: 18C-0007Z | C14: " | D14: 25.1 | E14: 0.3 | F14: 284 | H14: 1.857 | I14: 1.839 | J14: =IF(M14<>"",(H14-I14)/M14,"") -> 0.018 | K14: =(F14*(273.15+D14)/273.15)/(M14*N14) -> 7.7524254 | L14: MU1 | M14: =VLOOKUP(L14,allgemein!$B$3:$C$13,2,FALSE) -> 1 | N14: 40 | O14: " | P14: "
B15: 18C-0008Z | C15: " | D15: 24.8 | E15: 0.1 | F15: 284 | H15: 1.865 | I15: 1.837 | J15: =IF(M15<>"",(H15-I15)/M15,"") -> 0.028 | K15: =(F15*(273.15+D15)/273.15)/(M15*N15) -> 7.7446275 | L15: MU1 | M15: =VLOOKUP(L15,allgemein!$B$3:$C$13,2,FALSE) -> 1 | N15: 40 | O15: " | P15: " | Q15: H-Elektr. (D-09_06) mit leichter Toleranzabweich.
B16: 18C-0009Z-R | C16: " | D16: 25.2 | E16: 0.6 | F16: 284 | H16: 1.909 | I16: 1.895 | J16: =IF(M16<>"",(H16-I16)/M16,"") -> 0.014 | K16: =(F16*(273.15+D16)/273.15)/(M16*N16) -> 7.7550247 | L16: MA_V1 | M16: =VLOOKUP(L16,allgemein!$B$3:$C$13,2,FALSE) -> 1 | N16: 40 | O16: FA703809 | P16: "
B17: 18C-0010Z-R | C17: " | D17: 25.5 | E17: 0.7 | F17: 283 | H17: 1.9 | I17: 1.887 | J17: =IF(M17<>"",(H17-I17)/M17,"") -> 0.013 | K17: =(F17*(273.15+D17)/273.15)/(M17*N17) -> 7.7354887 | L17: MA_V1 | M17: =VLOOKUP(L17,allgemein!$B$3:$C$13,2,FALSE) -> 1 | N17: 40 | O17: " | P17: "
B18: 18C-0011Z-R | C18: " | D18: 25.2 | E18: 0.6 | F18: 284 | H18: 1.904 | I18: 1.888 | J18: =IF(M18<>"",(H18-I18)/M18,"") -> 0.016 | K18: =(F18*(273.15+D18)/273.15)/(M18*N18) -> 7.7550247 | L18: MA_V1 | M18: =VLOOKUP(L18,allgemein!$B$3:$C$13,2,FALSE) -> 1 | N18: 40 | O18: " | P18: "
B19: 18C-0012Z-R | C19: " | D19: 25.3 | E19: 0.7 | F19: 284 | H19: 1.905 | I19: 1.894 | J19: =IF(M19<>"",(H19-I19)/M19,"") -> 0.011 | K19: =(F19*(273.15+D19)/273.15)/(M19*N19) -> 7.757624 | L19: MA_V1 | M19: =VLOOKUP(L19,allgemein!$B$3:$C$13,2,FALSE) -> 1 | N19: 40 | O19: " | P19: "
B20: 18C-0013Z-R | C20: " | D20: 25.3 | E20: 0.2 | F20: 285 | H20: 1.903 | I20: 1.89 | J20: =IF(M20<>"",(H20-I20)/M20,"") -> 0.013 | K20: =(F20*(273.15+D20)/273.15)/(M20*N20) -> 7.7849396 | L20: MA_V1 | M20: =VLOOKUP(L20,allgemein!$B$3:$C$13,2,FALSE) -> 1 | N20: 40 | O20: " | P20: "
B21: 18C-0014Z-R | C21: " | D21: 24.9 | E21: 0.4 | F21: 286 | H21: 1.911 | I21: 1.895 | J21: =IF(M21<>"",(H21-I21)/M21,"") -> 0.016 | K21: =(F21*(273.15+D21)/273.15)/(M21*N21) -> 7.8017847 | L21: MA_V1 | M21: =VLOOKUP(L21,allgemein!$B$3:$C$13,2,FALSE) -> 1 | N21: 40 | O21: " | P21: "
B22: 18C-0015Z-R | C22: FA703434 | D22: 25 | E22: 0.3 | F22: 286 | H22: 1.911 | I22: 1.897 | J22: =IF(M22<>"",(H22-I22)/M22,"") -> 0.014 | K22: =(F22*(273.15+D22)/273.15)/(M22*N22) -> 7.8044023 | L22: MA_V1 | M22: =VLOOKUP(L22,allgemein!$B$3:$C$13,2,FALSE) -> 1 | N22: 40 | O22: " | P22: Mem. FA703434 grobes Edelstahl- Vlies Mem. aus 18C-0003Z
B23: 18C-0016Z-R | D23: 25.1 | E23: 0.6 | F23: 285 | H23: 1.914 | I23: 1.902 | J23: =IF(M23<>"",(H23-I23)/M23,"") -> 0.012 | K23: =(F23*(273.15+D23)/273.15)/(M23*N23) -> 7.7797227 | L23: MA_V1 | M23: =VLOOKUP(L23,allgemein!$B$3:$C$13,2,FALSE) -> 1 | N23: 40 | O23: "
B24: 18C-0017Z-R | D24: 24.8 | E24: 0.4 | F24: 284 | H24: 1.889 | I24: 1.878 | J24: =IF(M24<>"",(H24-I24)/M24,"") -> 0.011 | K24: =(F24*(273.15+D24)/273.15)/(M24*N24) -> 7.7446275 | L24: MA_V1 | M24: =VLOOKUP(L24,allgemein!$B$3:$C$13,2,FALSE) -> 1 | N24: 40 | O24: "
B25: 18C-0018Z-R | D25: 24.9 | E25: 0.4 | F25: 284 | H25: 1.923 | I25: 1.911 | J25: =IF(M25<>"",(H25-I25)/M25,"") -> 0.012 | K25: =(F25*(273.15+D25)/273.15)/(M25*N25) -> 7.7472268 | L25: MA_V1 | M25: =VLOOKUP(L25,allgemein!$B$3:$C$13,2,FALSE) -> 1 | N25: 40 | O25: "
J26: =IF(M26<>"",(H26-I26)/M26,"")
J27: =IF(M27<>"",(H27-I27)/M27,"")
J28: =IF(M28<>"",(H28-I28)/M28,"")
J29: =IF(M29<>"",(H29-I29)/M29,"")
J30: =IF(M30<>"",(H30-I30)/M30,"")
B31: Reparaturen | J31: =IF(M31<>"",(H31-I31)/M31,"")
B32: 17E-0035Z | C32: FA701912 | J32: =H32-I32 -> 0 | K32: =(F32*(273.15+D32)/273.15)/(M32*N32) -> 0 | L32: MI_V3 | M32: =VLOOKUP(L32,allgemein!$B$3:$C$13,2,FALSE) -> 1 | N32: 25 | P32: 2.25V/ KatTemp rasant >>75°>>>>
J33: =IF(M33<>"",(H33-I33)/M33,"")
J34: =IF(M34<>"",(H34-I34)/M34,"")
J35: =IF(M35<>"",(H35-I35)/M35,"")
J36: =IF(M36<>"",(H36-I36)/M36,"")
J37: =IF(M37<>"",(H37-I37)/M37,"")
J38: =IF(M38<>"",(H38-I38)/M38,"")
J39: =IF(M39<>"",(H39-I39)/M39,"")
J40: =IF(M40<>"",(H40-I40)/M40,"")
J41: =IF(M41<>"",(H41-I41)/M41,"")
J42: =IF(M42<>"",(H42-I42)/M42,"")
J43: =IF(M43<>"",(H43-I43)/M43,"")
J44: =IF(M44<>"",(H44-I44)/M44,"")
... J72: =IF(M72<>"",(H72-I72)/M72,"")

Sheet Apr
B2: Cell # | C2: Membran # ¦ Batch # | D2: Temp Gas / [°C] | E2: Temp Kat T1-T2 / [°C] | F2: Gasfluss / [sccm / min] | G2: Membrane V @ 13 bar/[V] | H2: Cell V @ 13 bar/[V] | I2: Cell V @ 0 bar [V] | J2: Voltage Diff. / [V] | K2: H2 Prod / [nmL/A] | L2: Typ | M2: Anzahl Layer | N2: Strom / [A] | O2: FA # | P2: Elektrode | Q2: Bemerkungen | R2: Visum | S2: Jahr: | T2: 2018
B3: 18D-0001Z | C3: FA703434 | G3: 1.792 | L3: MU12 | M3: =VLOOKUP(L3,allgemein!$B$3:$C$13,2,FALSE) -> 12 | N3: 40 | O3: FA703834
C4: " | G4: 1.791
C5: " | G5: 1.788
C6: " | G6: 1.799
C7: " | G7: 1.793
C8: FA703564 | G8: 1.785
C9: " | G9: 1.788
C10: " | G10: 1.787
C11: " | G11: 1.789
C12: " | G12: 1.788
C13: " | G13: 1.787
C14: " | G14: 1.782
B15: 18D-0002Z | C15: FA703434 | D15: 26.8 | E15: 0.4 | F15: 568 | G15: 1.837 | H15: 3.665 | I15: 3.634 | J15: =IF(M15<>"",(H15-I15)/M15,"") -> 0.0155 | K15: =(F15*(273.15+D15)/273.15)/(M15*N15) -> 7.7966136 | L15: MU2 | M15: =VLOOKUP(L15,allgemein!$B$3:$C$13,2,FALSE) -> 2 | N15: 40 | O15: FA703641 | P15: D-09_09
C16: " | G16: 1.828 | P16: B-07_17
B17: 18D-0003Z | C17: " | D17: 26.7 | E17: 0.5 | F17: 568 | G17: 1.84 | H17: 3.682 | I17: 3.652 | J17: =IF(M17<>"",(H17-I17)/M17,"") -> 0.015 | K17: =(F17*(273.15+D17)/273.15)/(M17*N17) -> 7.7940143 | L17: MU2 | M17: =VLOOKUP(L17,allgemein!$B$3:$C$13,2,FALSE) -> 2 | N17: 40 | O17: " | P17: D-09_10
C18: " | G18: 1.842 | P18: B-07_20
B19: 18D-0004Z | C19: " | D19: 26.5 | E19: 0.7 | F19: 567 | G19: 1.846 | H19: 3.679 | I19: 3.653 | J19: =IF(M19<>"",(H19-I19)/M19,"") -> 0.013 | K19: =(F19*(273.15+D19)/273.15)/(M19*N19) -> 7.775103 | L19: MU2 | M19: =VLOOKUP(L19,allgemein!$B$3:$C$13,2,FALSE) -> 2 | N19: 40 | O19: " | P19: D-09_13
C20: " | G20: 1.833 | P20: B-07_32
B21: 18D-0005Z | C21: " | D21: 26.2 | E21: 0.2 | F21: 568 | G21: 1.823 | H21: 3.649 | I21: 3.621 | J21: =IF(M21<>"",(H21-I21)/M21,"") -> 0.014 | K21: =(F21*(273.15+D21)/273.15)/(M21*N21) -> 7.7810178 | L21: MU2 | M21: =VLOOKUP(L21,allgemein!$B$3:$C$13,2,FALSE) -> 2 | N21: 40 | O21: " | P21: D-09_16
C22: " | G22: 1.826 | P22: B-07_51
B23: 18D-0006Z | C23: " | D23: 25.8 | E23: 0.1 | F23: 568 | G23: 1.845 | H23: 3.689 | I23: 3.654 | J23: =IF(M23<>"",(H23-I23)/M23,"") -> 0.0175 | K23: =(F23*(273.15+D23)/273.15)/(M23*N23) -> 7.7706205 | L23: MU2 | M23: =VLOOKUP(L23,allgemein!$B$3:$C$13,2,FALSE) -> 2 | N23: 40 | O23: " | P23: D-09_19
C24: " | G24: 1.844 | P24: B-07_52
B25: 18D-0007Z | C25: " | D25: 26.2 | E25: 0.2 | F25: 569 | G25: 1.833 | H25: 3.668 | I25: 3.644 | J25: =IF(M25<>"",(H25-I25)/M25,"") -> 0.012 | K25: =(F25*(273.15+D25)/273.15)/(M25*N25) -> 7.7947167 | L25: MU2 | M25: =VLOOKUP(L25,allgemein!$B$3:$C$13,2,FALSE) -> 2 | N25: 40 | O25: " | P25: B-09_05
C26: " | G26: 1.835 | P26: D-07_09
B27: 18D-0008Z | C27: FA703563 | D27: 25.9 | E27: 0.4 | F27: 569 | G27: 1.832 | H27: 3.668 | I27: 3.643 | J27: =IF(M27<>"",(H27-I27)/M27,"") -> 0.0125 | K27: =(F27*(273.15+D27)/273.15)/(M27*N27) -> 7.7869051 | L27: MU2 | M27: =VLOOKUP(L27,allgemein!$B$3:$C$13,2,FALSE) -> 2 | N27: 40 | O27: " | P27: B-09_02
C28: " | G28: 1.836 | P28: D-07_18
B29: 18D-0009Z | C29: " | D29: 26.2 | E29: 0.3 | F29: 569 | G29: 1.827 | H29: 3.676 | I29: 3.636 | J29: =IF(M29<>"",(H29-I29)/M29,"") -> 0.02 | K29: =(F29*(273.15+D29)/273.15)/(M29*N29) -> 7.7947167 | L29: MU2 | M29: =VLOOKUP(L29,allgemein!$B$3:$C$13,2,FALSE) -> 2 | N29: 40 | O29: " | P29: D-09_21
C30: " | G30: 1.849 | P30: D-07_29
B31: 18D-0010Z | C31: " | D31: 25.9 | E31: 0.7 | F31: 567 | G31: 1.834 | H31: 3.67 | I31: 3.65 | J31: =IF(M31<>"",(H31-I31)/M31,"") -> 0.01 | K31: =(F31*(273.15+D31)/273.15)/(M31*N31) -> 7.7595346 | L31: MU2 | M31: =VLOOKUP(L31,allgemein!$B$3:$C$13,2,FALSE) -> 2 | N31: 40 | O31: " | P31: D-09_23
C32: " | G32: 1.836 | P32: D-07_30
B33: 18D-0011Z | C33: " | D33: 25.4 | E33: 0 | F33: 569 | G33: 1.831 | H33: 3.668 | I33: 3.643 | J33: =IF(M33<>"",(H33-I33)/M33,"") -> 0.0125 | K33: =(F33*(273.15+D33)/273.15)/(M33*N33) -> 7.7738857 | L33: MU2 | M33: =VLOOKUP(L33,allgemein!$B$3:$C$13,2,FALSE) -> 2 | N33: 40 | O33: " | P33: D-09_24
C34: " | G34: 1.837 | P34: D-07_32
B35: 18D-0012Z | C35: " | D35: 26.9 | E35: 1.2 | F35: 568 | G35: 1.828 | H35: 3.657 | I35: 3.632 | J35: =IF(M35<>"",(H35-I35)/M35,"") -> 0.0125 | K35: =(F35*(273.15+D35)/273.15)/(M35*N35) -> 7.7992129 | L35: MU2 | M35: =VLOOKUP(L35,allgemein!$B$3:$C$13,2,FALSE) -> 2 | N35: 40 | O35: " | P35: B-09_02
C36: " | G36: 1.829 | P36: B-07_09
B37: 18D-0013Z | C37: " | D37: 26.8 | E37: 1.2 | F37: 568 | G37: 1.829 | H37: 3.66 | I37: 3.635 | J37: =IF(M37<>"",(H37-I37)/M37,"") -> 0.0125 | K37: =(F37*(273.15+D37)/273.15)/(M37*N37) -> 7.7966136 | L37: MU2 | M37: =VLOOKUP(L37,allgemein!$B$3:$C$13,2,FALSE) -> 2 | N37: 40 | O37: " | P37: B-09_03
C38: " | G38: 1.831 | P38: B-07_14
B39: 18D-0014Z | C39: " | D39: 26.9 | E39: 1.2 | F39: 569 | G39: 1.81 | H39: 3.637 | I39: 3.611 | J39: =IF(M39<>"",(H39-I39)/M39,"") -> 0.013 | K39: =(F39*(273.15+D39)/273.15)/(M39*N39) -> 7.8129439 | L39: MU2 | M39: =VLOOKUP(L39,allgemein!$B$3:$C$13,2,FALSE) -> 2 | N39: 40 | O39: " | P39: B-09_04
C40: " | G40: 1.827 | P40: B-07_26
B41: 18D-0015Z | C41: " | D41: 26.7 | E41: 0.9 | F41: 568 | G41: 1.818 | H41: 3.649 | I41: 3.627 | J41: =IF(M41<>"",(H41-I41)/M41,"") -> 0.011 | K41: =(F41*(273.15+D41)/273.15)/(M41*N41) -> 7.7940143 | L41: MU2 | M41: =VLOOKUP(L41,allgemein!$B$3:$C$13,2,FALSE) -> 2 | N41: 40 | O41: " | P41: B-09_06
C42: " | G42: 1.831 | P42: B-07_30
B43: 18D-0016Z | C43: " | D43: 26.8 | E43: 0.9 | F43: 283 | H43: 1.83 | I43: 1.818 | J43: =IF(M43<>"",(H43-I43)/M43,"") -> 0.012 | K43: =(F43*(273.15+D43)/273.15)/(M43*N43) -> 7.7691607 | L43: MU1 | M43: =VLOOKUP(L43,allgemein!$B$3:$C$13,2,FALSE) -> 1 | N43: 40 | O43: FA703597 | P43: B-09_12 | Q43: Mem. Kratzer
B44: 18D-0017Z | C44: " | D44: 27 | E44: 0.8 | F44: 283 | H44: 1.823 | I44: 1.812 | J44: =IF(M44<>"",(H44-I44)/M44,"") -> 0.011 | K44: =(F44*(273.15+D44)/273.15)/(M44*N44) -> 7.774341 | L44: MU1 | M44: =VLOOKUP(L44,allgemein!$B$3:$C$13,2,FALSE) -> 1 | N44: 40 | O44: " | P44: B-09_13 | Q44: Mem. Faden
B45: 18D-0018Z | C45: FA703564 | D45: 27.1 | E45: 1.2 | F45: 283 | H45: 1.825 | I45: 1.813 | J45: =IF(M45<>"",(H45-I45)/M45,"") -> 0.012 | K45: =(F45*(273.15+D45)/273.15)/(M45*N45) -> 7.7769312 | L45: MU1 | M45: =VLOOKUP(L45,allgemein!$B$3:$C$13,2,FALSE) -> 1 | N45: 40 | O45: " | P45: B-09_14 | Q45: Mem. Dunkler Fleck Pl.seitig
B46: 18D-0019Z | C46: FA703682 | D46: 26.5 | E46: 0.4 | F46: 283 | H46: 1.864 | I46: 1.849 | J46: =IF(M46<>"",(H46-I46)/M46,"") -> 0.015 | K46: =(F46*(273.15+D46)/273.15)/(M46*N46) -> 7.7613903 | L46: MU1 | M46: =VLOOKUP(L46,allgemein!$B$3:$C$13,2,FALSE) -> 1 | N46: 40 | O46: " | P46: B-09_07
B47: 18D-0020Z | C47: " | D47: 26.5 | E47: 0.4 | F47: 284 | H47: 1.857 | I47: 1.841 | J47: =IF(M47<>"",(H47-I47)/M47,"") -> 0.016 | K47: =(F47*(273.15+D47)/273.15)/(M47*N47) -> 7.7888157 | L47: MU1 | M47: =VLOOKUP(L47,allgemein!$B$3:$C$13,2,FALSE) -> 1 | N47: 40 | O47: " | P47: B-09_08 | Q47: Mem. Kleiner Faden
B48: 18D-0021Z | C48: " | D48: 26.4 | E48: 0.3 | F48: 283 | H48: 1.861 | I48: 1.845 | J48: =IF(M48<>"",(H48-I48)/M48,"") -> 0.016 | K48: =(F48*(273.15+D48)/273.15)/(M48*N48) -> 7.7588001 | L48: MU1 | M48: =VLOOKUP(L48,allgemein!$B$3:$C$13,2,FALSE) -> 1 | N48: 40 | O48: " | P48: B-09_09
B49: 18D-0022Z | C49: " | D49: 26.4 | E49: 0.4 | F49: 283 | H49: 1.859 | I49: 1.844 | J49: =IF(M49<>"",(H49-I49)/M49,"") -> 0.015 | K49: =(F49*(273.15+D49)/273.15)/(M49*N49) -> 7.7588001 | L49: MU1 | M49: =VLOOKUP(L49,allgemein!$B$3:$C$13,2,FALSE) -> 1 | N49: 40 | O49: " | P49: B-09_10
B50: 18D-0023Z | C50: " | D50: 25.9 | E50: 0.3 | F50: 283 | H50: 1.858 | I50: 1.845 | J50: =IF(M50<>"",(H50-I50)/M50,"") -> 0.013 | K50: =(F50*(273.15+D50)/273.15)/(M50*N50) -> 7.7458494 | L50: MU1 | M50: =VLOOKUP(L50,allgemein!$B$3:$C$13,2,FALSE) -> 1 | N50: 40 | O50: " | P50: B-09_15
B51: 18D-0024Z-R | C51: FA703563 | D51: 25.8 | E51: 0.3 | F51: 280 | H51: 1.889 | I51: 1.875 | J51: =IF(M51<>"",(H51-I51)/M51,"") -> 0.014 | K51: =(F51*(273.15+D51)/273.15)/(M51*N51) -> 7.6611752 | L51: MA_V1 | M51: =VLOOKUP(L51,allgemein!$B$3:$C$13,2,FALSE) -> 1 | N51: 40 | O51: FA703934
J52: =IF(M52<>"",(H52-I52)/M52,"") | K52: =(F52*(273.15+D52)/273.15)/(M52*N52) -> #DIV/0!
J53: =IF(M53<>"",(H53-I53)/M53,"") | K53: =(F53*(273.15+D53)/273.15)/(M53*N53) -> #DIV/0!
J54: =IF(M54<>"",(H54-I54)/M54,"") | K54: =(F54*(273.15+D54)/273.15)/(M54*N54) -> #DIV/0!
J55: =IF(M55<>"",(H55-I55)/M55,"") | K55: =(F55*(273.15+D55)/273.15)/(M55*N55) -> #DIV/0!
J56: =IF(M56<>"",(H56-I56)/M56,"") | K56: =(F56*(273.15+D56)/273.15)/(M56*N56) -> #DIV/0!
J57: =IF(M57<>"",(H57-I57)/M57,"") | K57: =(F57*(273.15+D57)/273.15)/(M57*N57) -> #DIV/0!
J58: =IF(M58<>"",(H58-I58)/M58,"") | K58: =(F58*(273.15+D58)/273.15)/(M58*N58) -> #DIV/0!
J59: =IF(M59<>"",(H59-I59)/M59,"") | K59: =(F59*(273.15+D59)/273.15)/(M59*N59) -> #DIV/0!
B60: Reparaturen | J60: =IF(M60<>"",(H60-I60)/M60,"") | K60: =(F60*(273.15+D60)/273.15)/(M60*N60) -> #DIV/0!
B61: 17J-0004Z | J61: =IF(M61<>"",(H61-I61)/M61,"") | K61: =(F61*(273.15+D61)/273.15)/(M61*N61) -> #DIV/0! | P61: 1.807 V/ KatTemp rasant >>75°>>>>
J62: =IF(M62<>"",(H62-I62)/M62,"") | K62: =(F62*(273.15+D62)/273.15)/(M62*N62) -> #DIV/0!
J63: =IF(M63<>"",(H63-I63)/M63,"") | K63: =(F63*(273.15+D63)/273.15)/(M63*N63) -> #DIV/0!
J64: =IF(M64<>"",(H64-I64)/M64,"") | K64: =(F64*(273.15+D64)/273.15)/(M64*N64) -> #DIV/0!
J65: =IF(M65<>"",(H65-I65)/M65,"") | K65: =(F65*(273.15+D65)/273.15)/(M65*N65) -> #DIV/0!
J66: =IF(M66<>"",(H66-I66)/M66,"") | K66: =(F66*(273.15+D66)/273.15)/(M66*N66) -> #DIV/0!
J67: =IF(M67<>"",(H67-I67)/M67,"") | K67: =(F67*(273.15+D67)/273.15)/(M67*N67) -> #DIV/0!
J68: =IF(M68<>"",(H68-I68)/M68,"") | K68: =(F68*(273.15+D68)/273.15)/(M68*N68) -> #DIV/0!
J69: =IF(M69<>"",(H69-I69)/M69,"") | K69: =(F69*(273.15+D69)/273.15)/(M69*N69) -> #DIV/0!
J70: =IF(M70<>"",(H70-I70)/M70,"") | K70: =(F70*(273.15+D70)/273.15)/(M70*N70) -> #DIV/0!
J71: =IF(M71<>"",(H71-I71)/M71,"") | K71: =(F71*(273.15+D71)/273.15)/(M71*N71) -> #DIV/0!
J72: =IF(M72<>"",(H72-I72)/M72,"") | K72: =(F72*(273.15+D72)/273.15)/(M72*N72) -> #DIV/0!

Sheet May
B3: Cell # | C3: Membran # ¦ Batch # | D3: Temp Gas / [°C] | E3: Temp Kat T1-T2 / [°C] | F3: Gasfluss / [sccm / min] | G3: Membrane V @ 13 bar/[V] | H3: Cell V @ 13 bar/[V] | I3: Cell V @ 0 bar [V] | J3: Voltage Diff. / [V] | K3: H2 Prod / [nmL/A] | L3: Typ | M3: Anzahl Layer | N3: Strom / [A] | O3: FA # | P3: Elektrode | Q3: Bemerkungen | R3: Visum | S3: Jahr: | T3: 2018
B4: 18E-0001Z | C4: FA703682 | D4: kann nicht getestet | J4: =IF(M4<>"",(H4-I4)/M4,"") -> 0 | K4: =(F4*(273.15+D4)/273.15)/(M4*N4) -> #VALUE! | L4: MU4 | M4: =VLOOKUP(L4,allgemein!$B$3:$C$13,2,FALSE) -> 4 | O4: FA703876 | P4: B-09_32
C5: " | P5: B-07-36
C6: " | P6: B-07-39
C7: " | P7: B-07-50 | Q7: Mem. kleiner Faden
B8: 18E-0002Z | C8: " | D8: kann nicht getestet | J8: =IF(M8<>"",(H8-I8)/M8,"") -> 0 | K8: =(F8*(273.15+#REF!)/273.15)/(M8*N8) -> #REF! | L8: MU4 | M8: =VLOOKUP(L8,allgemein!$B$3:$C$13,2,FALSE) -> 4 | O8: " | P8: B-09_33
C9: FA703683 | P9: D-07-04
C10: " | P10: D-07-08
C11: " | P11: D-07-13
B12: 18E-0003Z | C12: " | D12: 26.5 | E12: 0.4 | F12: 853 | G12: 1.84 | H12: 5.526 | I12: 5.481 | J12: =IF(M12<>"",(H12-I12)/M12,"") -> 0.015 | K12: =(F12*(273.15+D12)/273.15)/(M12*N12) -> 7.7979575 | L12: MU3 | M12: =VLOOKUP(L12,allgemein!$B$3:$C$13,2,FALSE) -> 3 | N12: 40 | O12: FA703642 | P12: B-09_19
C13: " | G13: 1.843 | P13: B-07-75
C14: " | G14: 1.843 | P14: B-07-80
B15: 18E-0004Z | C15: " | D15: 25.7 | E15: 0.2 | F15: 850 | G15: 1.827 | H15: 5.483 | I15: 5.451 | J15: =IF(M15<>"",(H15-I15)/M15,"") -> 0.010666667 | K15: =(F15*(273.15+D15)/273.15)/(M15*N15) -> 7.7497864 | L15: MU3 | M15: =VLOOKUP(L15,allgemein!$B$3:$C$13,2,FALSE) -> 3 | N15: 40 | O15: " | P15: B-09_24
C16: " | G16: 1.824 | P16: B-07-86
C17: " | G17: 1.832 | P17: B-07-90
B18: 18E-0005Z | C18: " | D18: 24.5 | E18: 0 | F18: 855 | G18: 1.842 | H18: 5.529 | I18: 5.491 | J18: =IF(M18<>"",(H18-I18)/M18,"") -> 0.012666667 | K18: =(F18*(273.15+D18)/273.15)/(M18*N18) -> 7.7640719 | L18: MU3 | M18: =VLOOKUP(L18,allgemein!$B$3:$C$13,2,FALSE) -> 3 | N18: 40 | O18: " | P18: B-09_26
C19: " | G19: 1.842 | P19: B-07-94
C20: " | G20: 1.845 | P20: B-07-96
B21: 18E-0006Z | C21: " | D21: 27.1 | E21: 0.6 | F21: 568 | G21: 1.839 | H21: 3.68 | I21: 3.651 | J21: =IF(M21<>"",(H21-I21)/M21,"") -> 0.0145 | K21: =(F21*(273.15+D21)/273.15)/(M21*N21) -> 7.8044115 | L21: MU2 | M21: =VLOOKUP(L21,allgemein!$B$3:$C$13,2,FALSE) -> 2 | N21: 40 | O21: FA703836 | P21: B-09_17
C22: " | G22: 1.841 | P22: B-07-66
B23: 18E-0007Z | C23: " | D23: 27.2 | E23: 0.6 | F23: 568 | G23: 1.841 | H23: 3.687 | I23: 3.661 | J23: =IF(M23<>"",(H23-I23)/M23,"") -> 0.013 | K23: =(F23*(273.15+D23)/273.15)/(M23*N23) -> 7.8070108 | L23: MU2 | M23: =VLOOKUP(L23,allgemein!$B$3:$C$13,2,FALSE) -> 2 | N23: 40 | O23: " | P23: B-09_25
C24: " | G24: 1.846 | P24: B-07-93
B25: 18E-0008Z | C25: " | D25: 27.2 | E25: 0.4 | F25: 568 | G25: 1.828 | H25: 3.659 | I25: 3.633 | J25: =IF(M25<>"",(H25-I25)/M25,"") -> 0.013 | K25: =(F25*(273.15+D25)/273.15)/(M25*N25) -> 7.8070108 | L25: MU2 | M25: =VLOOKUP(L25,allgemein!$B$3:$C$13,2,FALSE) -> 2 | N25: 40 | O25: " | P25: B-09_28
C26: " | G26: 1.831 | P26: B-07-95
B27: 18E-0009Z | C27: " | D27: 27.1 | E27: 0.2 | F27: 568 | G27: 1.843 | H27: 3.692 | I27: 3.667 | J27: =IF(M27<>"",(H27-I27)/M27,"") -> 0.0125 | K27: =(F27*(273.15+D27)/273.15)/(M27*N27) -> 7.8044115 | L27: MU2 | M27: =VLOOKUP(L27,allgemein!$B$3:$C$13,2,FALSE) -> 2 | N27: 40 | O27: " | P27: B-09_29
C28: " | G28: 1.849 | P28: B-07-97
B29: 18E-0010Z | C29: FA702672 | D29: 24.6 | E29: 0.3 | F29: 178 | H29: 1.891 | I29: 1.877 | J29: =IF(M29<>"",(H29-I29)/M29,"") -> 0.014 | K29: =(F29*(273.15+D29)/273.15)/(M29*N29) -> 7.7612301 | L29: MI_V3 | M29: =VLOOKUP(L29,allgemein!$B$3:$C$13,2,FALSE) -> 1 | N29: 25 | O29: FA703560
B30: 18E-0011Z | C30: " | D30: 24.7 | E30: 0.4 | F30: 179 | H30: 1.891 | I30: 1.881 | J30: =IF(M30<>"",(H30-I30)/M30,"") -> 0.01 | K30: =(F30*(273.15+D30)/273.15)/(M30*N30) -> 7.8074538 | L30: MI_V3 | M30: =VLOOKUP(L30,allgemein!$B$3:$C$13,2,FALSE) -> 1 | N30: 25 | O30: "
B31: 18E-0012Z | C31: " | D31: 24.8 | E31: 0.4 | F31: 178 | H31: 1.88 | I31: 1.868 | J31: =IF(M31<>"",(H31-I31)/M31,"") -> 0.012 | K31: =(F31*(273.15+D31)/273.15)/(M31*N31) -> 7.7664433 | L31: MI_V3 | M31: =VLOOKUP(L31,allgemein!$B$3:$C$13,2,FALSE) -> 1 | N31: 25 | O31: "
B32: 18E-0013Z | C32: " | D32: 24.9 | E32: 0.3 | F32: 177 | H32: 1.88 | I32: 1.865 | J32: =IF(M32<>"",(H32-I32)/M32,"") -> 0.015 | K32: =(F32*(273.15+D32)/273.15)/(M32*N32) -> 7.7254036 | L32: MI_V3 | M32: =VLOOKUP(L32,allgemein!$B$3:$C$13,2,FALSE) -> 1 | N32: 25 | O32: "
B33: 18E-0014Z | C33: " | D33: 24.9 | E33: 0.3 | F33: 178 | H33: 1.878 | I33: 1.866 | J33: =IF(M33<>"",(H33-I33)/M33,"") -> 0.012 | K33: =(F33*(273.15+D33)/273.15)/(M33*N33) -> 7.76905 | L33: MI_V3 | M33: =VLOOKUP(L33,allgemein!$B$3:$C$13,2,FALSE) -> 1 | N33: 25 | O33: "
B34: 18E-0015Z | C34: " | D34: 25.2 | E34: 0.5 | F34: 177 | H34: 1.88 | I34: 1.87 | J34: =IF(M34<>"",(H34-I34)/M34,"") -> 0.01 | K34: =(F34*(273.15+D34)/273.15)/(M34*N34) -> 7.7331796 | L34: MI_V3 | M34: =VLOOKUP(L34,allgemein!$B$3:$C$13,2,FALSE) -> 1 | N34: 25 | O34: "
B35: 18E-0016Z | C35: " | D35: 25.3 | E35: 0.3 | F35: 177 | H35: 1.869 | I35: 1.858 | J35: =IF(M35<>"",(H35-I35)/M35,"") -> 0.011 | K35: =(F35*(273.15+D35)/273.15)/(M35*N35) -> 7.7357716 | L35: MI_V3 | M35: =VLOOKUP(L35,allgemein!$B$3:$C$13,2,FALSE) -> 1 | N35: 25 | O35: "
B36: 18E-0017Z | C36: " | D36: 25.5 | E36: 0.2 | F36: 177 | H36: 1.872 | I36: 1.861 | J36: =IF(M36<>"",(H36-I36)/M36,"") -> 0.011 | K36: =(F36*(273.15+D36)/273.15)/(M36*N36) -> 7.7409555 | L36: MI_V3 | M36: =VLOOKUP(L36,allgemein!$B$3:$C$13,2,FALSE) -> 1 | N36: 25 | O36: "
B37: 18E-0018Z | C37: " | D37: 24.6 | E37: 0.3 | F37: 177 | H37: 1.894 | I37: 1.883 | J37: =IF(M37<>"",(H37-I37)/M37,"") -> 0.011 | K37: =(F37*(273.15+D37)/273.15)/(M37*N37) -> 7.7176277 | L37: MI_V3 | M37: =VLOOKUP(L37,allgemein!$B$3:$C$13,2,FALSE) -> 1 | N37: 25 | O37: "
B38: 18E-0019Z | C38: FA702716 | D38: 24.6 | E38: 0.4 | F38: 178 | H38: 1.889 | I38: 1.877 | J38: =IF(M38<>"",(H38-I38)/M38,"") -> 0.012 | K38: =(F38*(273.15+D38)/273.15)/(M38*N38) -> 7.7612301 | L38: MI_V3 | M38: =VLOOKUP(L38,allgemein!$B$3:$C$13,2,FALSE) -> 1 | N38: 25 | O38: "
B39: 18E-0020Z | C39: " | D39: 24.6 | E39: 0.3 | F39: 178 | H39: 1.879 | I39: 1.866 | J39: =IF(M39<>"",(H39-I39)/M39,"") -> 0.013 | K39: =(F39*(273.15+D39)/273.15)/(M39*N39) -> 7.7612301 | L39: MI_V3 | M39: =VLOOKUP(L39,allgemein!$B$3:$C$13,2,FALSE) -> 1 | N39: 25 | O39: "
B40: 18E-0021Z | C40: " | D40: 24.6 | E40: 0.4 | F40: 177 | H40: 1.89 | I40: 1.873 | J40: =IF(M40<>"",(H40-I40)/M40,"") -> 0.017 | K40: =(F40*(273.15+D40)/273.15)/(M40*N40) -> 7.7176277 | L40: MI_V3 | M40: =VLOOKUP(L40,allgemein!$B$3:$C$13,2,FALSE) -> 1 | N40: 25 | O40: "
... B61: 18E-0042Z | C61: " | D61: 27.1 | E61: 0.5 | F61: 177 | H61: 1.852 | I61: 1.84 | J61: =IF(M61<>"",(H61-I61)/M61,"") -> 0.012 | K61: =(F61*(273.15+D61)/273.15)/(M61*N61) -> 7.7824272 | L61: MI_V3 | M61: =VLOOKUP(L61,allgemein!$B$3:$C$13,2,FALSE) -> 1 | N61: 25 | O61: "
B62: 18E-0043Z | C62: " | D62: 28.1 | E62: 0.6 | F62: 177 | H62: 1.837 | I62: 1.827 | J62: =IF(M62<>"",(H62-I62)/M62,"") -> 0.01 | K62: =(F62*(273.15+D62)/273.15)/(M62*N62) -> 7.8083471 | L62: MI_V3 | M62: =VLOOKUP(L62,allgemein!$B$3:$C$13,2,FALSE) -> 1 | N62: 25 | O62: " | Q62: Messung erfolgte bei Wassertemp. 40°
B63: 18E-0044Z | C63: " | D63: 25.8 | E63: 0.3 | F63: 177 | H63: 1.874 | I63: 1.864 | J63: =IF(M63<>"",(H63-I63)/M63,"") -> 0.01 | K63: =(F63*(273.15+D63)/273.15)/(M63*N63) -> 7.7487315 | L63: MI_V3 | M63: =VLOOKUP(L63,allgemein!$B$3:$C$13,2,FALSE) -> 1 | N63: 25 | O63: "
B64: 18E-0045Z | C64: " | D64: 25.8 | E64: 0.1 | F64: 177 | H64: 1.866 | I64: 1.853 | J64: =IF(M64<>"",(H64-I64)/M64,"") -> 0.013 | K64: =(F64*(273.15+D64)/273.15)/(M64*N64) -> 7.7487315 | L64: MI_V3 | M64: =VLOOKUP(L64,allgemein!$B$3:$C$13,2,FALSE) -> 1 | N64: 25 | O64: "
B65: 18E-0046Z | C65: " | D65: 25.8 | E65: 0.2 | F65: 176 | H65: 1.866 | I65: 1.853 | J65: =IF(M65<>"",(H65-I65)/M65,"") -> 0.013 | K65: =(F65*(273.15+D65)/273.15)/(M65*N65) -> 7.7049533 | L65: MI_V3 | M65: =VLOOKUP(L65,allgemein!$B$3:$C$13,2,FALSE) -> 1 | N65: 25 | O65: "
B66: 18E-0047Z | C66: " | D66: 25.8 | E66: 0.2 | F66: 177 | H66: 1.867 | I66: 1.857 | J66: =IF(M66<>"",(H66-I66)/M66,"") -> 0.01 | K66: =(F66*(273.15+D66)/273.15)/(M66*N66) -> 7.7487315 | L66: MI_V3 | M66: =VLOOKUP(L66,allgemein!$B$3:$C$13,2,FALSE) -> 1 | N66: 25 | O66: "
B67: 18E-0048Z | C67: " | D67: 25.8 | E67: 0.2 | F67: 178 | H67: 1.883 | I67: 1.871 | J67: =IF(M67<>"",(H67-I67)/M67,"") -> 0.012 | K67: =(F67*(273.15+D67)/273.15)/(M67*N67) -> 7.7925096 | L67: MI_V3 | M67: =VLOOKUP(L67,allgemein!$B$3:$C$13,2,FALSE) -> 1 | N67: 25 | O67: "
B68: 18E-0049Z | C68: " | D68: 25.8 | E68: 0 | F68: 177 | H68: 1.856 | I68: 1.845 | J68: =IF(M68<>"",(H68-I68)/M68,"") -> 0.011 | K68: =(F68*(273.15+D68)/273.15)/(M68*N68) -> 7.7487315 | L68: MI_V3 | M68: =VLOOKUP(L68,allgemein!$B$3:$C$13,2,FALSE) -> 1 | N68: 25 | O68: "
B69: 18E-0050Z | C69: " | D69: 25.5 | E69: 0.7 | F69: 177 | H69: 1.864 | I69: 1.853 | J69: =IF(M69<>"",(H69-I69)/M69,"") -> 0.011 | K69: =(F69*(273.15+D69)/273.15)/(M69*N69) -> 7.7409555 | L69: MI_V3 | M69: =VLOOKUP(L69,allgemein!$B$3:$C$13,2,FALSE) -> 1 | N69: 25 | O69: "
B70: 18E-0051Z | C70: FA703431 | D70: 25.5 | E70: 0.4 | F70: 176 | H70: 1.885 | I70: 1.873 | J70: =IF(M70<>"",(H70-I70)/M70,"") -> 0.012 | K70: =(F70*(273.15+D70)/273.15)/(M70*N70) -> 7.6972213 | L70: MI_V3 | M70: =VLOOKUP(L70,allgemein!$B$3:$C$13,2,FALSE) -> 1 | N70: 25 | O70: "
B71: 18E-0052Z | C71: FA703711 | D71: 25.9 | E71: 0.5 | F71: 285 | H71: 1.862 | I71: 1.848 | J71: =IF(M71<>"",(H71-I71)/M71,"") -> 0.014 | K71: =(F71*(273.15+D71)/273.15)/(M71*N71) -> 7.8005903 | L71: MU1 | M71: =VLOOKUP(L71,allgemein!$B$3:$C$13,2,FALSE) -> 1 | N71: 40 | O71: FA703597 | P71: B-09_16
B72: 18E-0053Z | C72: " | D72: 25.8 | E72: 0.3 | F72: 285 | H72: 1.858 | I72: 1.842 | J72: =IF(M72<>"",(H72-I72)/M72,"") -> 0.016 | K72: =(F72*(273.15+D72)/273.15)/(M72*N72) -> 7.7979819 | L72: MU1 | M72: =VLOOKUP(L72,allgemein!$B$3:$C$13,2,FALSE) -> 1 | N72: 40 | O72: " | P72: B-09_18
B73: 18E-0054Z | C73: " | D73: 25.9 | E73: 0.5 | F73: 284 | H73: 1.851 | I73: 1.837 | J73: =IF(M73<>"",(H73-I73)/M73,"") -> 0.014 | K73: =(F73*(273.15+D73)/273.15)/(M73*N73) -> 7.7732198 | L73: MU1 | M73: =VLOOKUP(L73,allgemein!$B$3:$C$13,2,FALSE) -> 1 | N73: 40 | O73: " | P73: B-09_22
B74: 18E-0055Z | C74: " | D74: 26.2 | E74: 0.6 | F74: 285 | H74: 1.863 | I74: 1.848 | J74: =IF(M74<>"",(H74-I74)/M74,"") -> 0.015 | K74: =(F74*(273.15+D74)/273.15)/(M74*N74) -> 7.8084157 | L74: MU1 | M74: =VLOOKUP(L74,allgemein!$B$3:$C$13,2,FALSE) -> 1 | N74: 40 | O74: " | P74: B-09_23
B75: 18E-0056Z | C75: " | D75: 26.5 | E75: 0.2 | F75: 284 | H75: 1.841 | I75: 1.826 | J75: =IF(M75<>"",(H75-I75)/M75,"") -> 0.015 | K75: =(F75*(273.15+D75)/273.15)/(M75*N75) -> 7.7888157 | L75: MU1 | M75: =VLOOKUP(L75,allgemein!$B$3:$C$13,2,FALSE) -> 1 | N75: 40 | O75: FA703756 | P75: B-09_27
B76: 18E-0057Z | C76: " | D76: 26.5 | E76: 0.4 | F76: 286 | H76: 1.855 | I76: 1.84 | J76: =IF(M76<>"",(H76-I76)/M76,"") -> 0.015 | K76: =(F76*(273.15+D76)/273.15)/(M76*N76) -> 7.8436665 | L76: MU1 | M76: =VLOOKUP(L76,allgemein!$B$3:$C$13,2,FALSE) -> 1 | N76: 40 | O76: " | P76: B-09_30
B77: 18E-0058Z | C77: " | D77: 25.9 | E77: 1 | F77: 284 | H77: 1.845 | I77: 1.834 | J77: =IF(M77<>"",(H77-I77)/M77,"") -> 0.011 | K77: =(F77*(273.15+D77)/273.15)/(M77*N77) -> 7.7732198 | L77: MU1 | M77: =VLOOKUP(L77,allgemein!$B$3:$C$13,2,FALSE) -> 1 | N77: 40 | O77: " | P77: B-09_31
B78: 18E-0059Z | C78: " | D78: 26.6 | E78: 0.8 | F78: 285 | H78: 1.858 | I78: 1.847 | J78: =IF(M78<>"",(H78-I78)/M78,"") -> 0.011 | K78: =(F78*(273.15+D78)/273.15)/(M78*N78) -> 7.8188495 | L78: MU1 | M78: =VLOOKUP(L78,allgemein!$B$3:$C$13,2,FALSE) -> 1 | N78: 40 | O78: " | P78: B-09_34
B79: 18E-0060Z | C79: " | D79: 26.9 | E79: 0.4 | F79: 286 | H79: 1.848 | I79: 1.834 | J79: =IF(M79<>"",(H79-I79)/M79,"") -> 0.014 | K79: =(F79*(273.15+D79)/273.15)/(M79*N79) -> 7.8541369 | L79: MU1 | M79: =VLOOKUP(L79,allgemein!$B$3:$C$13,2,FALSE) -> 1 | N79: 40 | O79: " | P79: B-09_35
B80: 18E-0061Z | C80: FA703712 | D80: 28.2 | E80: 1 | F80: 856 | G80: 1.84 | H80: 5.53 | I80: 5.491 | J80: =IF(M80<>"",(H80-I80)/M80,"") -> 0.013 | K80: =(F80*(273.15+D80)/273.15)/(M80*N80) -> 7.8697785 | L80: MU3 | M80: =VLOOKUP(L80,allgemein!$B$3:$C$13,2,FALSE) -> 3 | N80: 40 | O80: FA703642 | P80: B-09_20 | Q80: Wassertemp.= 41°
C81: " | G81: 1.84 | P81: B-07_67
C82: " | G82: 1.85 | P82: B-07_74
B83: 18E-0062Z | C83: " | D83: 27.6 | E83: 0.8 | F83: 857 | G83: 1.842 | H83: 5.532 | I83: 5.489 | J83: =IF(M83<>"",(H83-I83)/M83,"") -> 0.014333333 | K83: =(F83*(273.15+D83)/273.15)/(M83*N83) -> 7.8632848 | L83: MU3 | M83: =VLOOKUP(L83,allgemein!$B$3:$C$13,2,FALSE) -> 3 | N83: 40 | O83: " | P83: B-09_47
C84: " | G84: 1.84 | P84: B-07_78
C85: " | G85: 1.85 | P85: B-09_79
B87: Reparaturen
B88: M2-1604-088 | C88: FA703682 | D88: 28 | E88: 0 | F88: 570 | G88: 1.837 | H88: 3.712 | I88: 3.656 | J88: =IF(M88<>"",(H88-I88)/M88,"") -> 0.028 | K88: =(F88*(273.15+D88)/273.15)/(M88*N88) -> 7.8553679 | L88: MU2 | M88: =VLOOKUP(L88,allgemein!$B$3:$C$13,2,FALSE) -> 2 | N88: 40 | O88: FA703939
C89: " | G89: 1.875 | P89: D-09_07
B90: " | C90: " | D90: 24 | E90: 0 | F90: 568 | G90: 1.869 | H90: 3.762 | I90: 3.716 | J90: =IF(M90<>"",(H90-I90)/M90,"") -> 0.023 | K90: =(F90*(273.15+D90)/273.15)/(M90*N90) -> 7.7238331 | L90: MU2 | M90: =VLOOKUP(L90,allgemein!$B$3:$C$13,2,FALSE) -> 2 | N90: 40
C91: " | G91: 1.893
B92: " | C92: " | Q92: O-Elektr. Abtauschen !?
C93: "
B94: 16L-0014Z | C94: " | D94: 26.5 | E94: 0.1 | F94: 851 | G94: 1.86 | H94: 5.581 | I94: 5.545 | J94: =IF(M94<>"",(H94-I94)/M94,"") -> 0.012 | K94: =(F94*(273.15+D94)/273.15)/(M94*N94) -> 7.7796739 | L94: MU3 | M94: =VLOOKUP(L94,allgemein!$B$3:$C$13,2,FALSE) -> 3 | N94: 40 | O94: FA703935
C95: " | G95: 1.865
C96: " | G96: 1.856
B97: 17J-0003Z | C97: " | D97: 27.8 | E97: 0.7 | F97: 283 | H97: 1.852 | I97: 1.84 | J97: =IF(M97<>"",(H97-I97)/M97,"") -> 0.012 | K97: =(F97*(273.15+D97)/273.15)/(M97*N97) -> 7.7950622 | L97: MU1 | M97: =VLOOKUP(L97,allgemein!$B$3:$C$13,2,FALSE) -> 1 | N97: 40 | O97: FA703937
B98: 17J-0004Z | C98: " | D98: 28.3 | E98: 0.1 | F98: 284 | H98: 1.836 | I98: 1.821 | J98: =IF(M98<>"",(H98-I98)/M98,"") -> 0.015 | K98: =(F98*(273.15+D98)/273.15)/(M98*N98) -> 7.8356031 | L98: MU1 | M98: =VLOOKUP(L98,allgemein!$B$3:$C$13,2,FALSE) -> 1 | N98: 40 | O98: "
B99: 18B-0047Z | C99: FA703432 | D99: 27 | E99: 0.8 | F99: 846 | G99: 1.796 | H99: 5.429 | I99: 5.391 | J99: =IF(M99<>"",(H99-I99)/M99,"") -> 0.012666667 | K99: =(F99*(273.15+D99)/273.15)/(M99*N99) -> 7.7468699 | L99: MU3 | M99: =VLOOKUP(L99,allgemein!$B$3:$C$13,2,FALSE) -> 3 | N99: 40 | O99: FA703938 | P99: D-09_25 | Q99: (Gasleck)
C100: " | G100: 1.813 | J100: =IF(M100<>"",(H100-I100)/M100,"") | P100: B-07_54
C101: " | G101: 1.82 | J101: =IF(M101<>"",(H101-I101)/M101,"") | P101: D-07_33
B102: 18B-0047Z | C102: FA703682 | D102: 27.2 | E102: 0.5 | F102: 850 | G102: 1.827 | H102: 5.504 | I102: 5.464 | J102: =IF(M102<>"",(H102-I102)/M102,"") -> 0.013333333 | K102: =(F102*(273.15+D102)/273.15)/(M102*N102) -> 7.7886845 | L102: MU3 | M102: =VLOOKUP(L102,allgemein!$B$3:$C$13,2,FALSE) -> 3 | N102: 40 | O102: " | Q102: neue Mem.
G103: 1.832
G104: 1.845
B105: 16H-0029Z | C105: FA702672 | D105: 24.6 | E105: 0.8 | F105: 177 | H105: 1.906 | I105: 1.898 | J105: =IF(M105<>"",(H105-I105)/M105,"") -> 0.008 | K105: =(F105*(273.15+D105)/273.15)/(M105*N105) -> 7.7176277 | L105: MI_V3 | M105: =VLOOKUP(L105,allgemein!$B$3:$C$13,2,FALSE) -> 1 | N105: 25 | O105: FA703936
B106: 17E-0035Z | C106: " | D106: 24.6 | E106: 0.3 | F106: 178 | H106: 1.908 | I106: 1.895 | J106: =IF(M106<>"",(H106-I106)/M106,"") -> 0.013 | K106: =(F106*(273.15+D106)/273.15)/(M106*N106) -> 7.7612301 | L106: MI_V3 | M106: =VLOOKUP(L106,allgemein!$B$3:$C$13,2,FALSE) -> 1 | N106: 25 | O106: FA703940
B112: Test- Ref.Zelle | D112: 23.6 | E112: 0 | F112: 844 | G112: 1.824 | H112: 5.52 | I112: 5.468 | J112: =IF(M112<>"",(H112-I112)/M112,"") -> 0.017333333 | K112: =(F112*(273.15+D112)/273.15)/(M112*N112) -> 7.6410092 | L112: MU3 | M112: =VLOOKUP(L112,allgemein!$B$3:$C$13,2,FALSE) -> 3 | N112: 40 | Q112: neue O-Elektr
G113: 1.83
G114: 1.866
B115: Test- Ref.Zelle | D115: 24.8 | E115: 0 | F115: 847 | G115: 1.82 | H115: 5.573 | I115: 5.472 | J115: =IF(M115<>"",(H115-I115)/M115,"") -> 0.033666667 | K115: =(F115*(273.15+D115)/273.15)/(M115*N115) -> 7.6991778 | L115: MU3 | M115: =VLOOKUP(L115,allgemein!$B$3:$C$13,2,FALSE) -> 3 | N115: 40 | Q115: alte O-Elektr.
G116: 1.827
G117: 1.927

Sheet Jun
B3: Cell # | C3: Membran # ¦ Batch # | D3: Temp Gas / [°C] | E3: Temp Kat T1-T2 / [°C] | F3: Gasfluss / [sccm / min] | G3: Membrane V @ 13 bar/[V] | H3: Cell V @ 13 bar/[V] | I3: Cell V @ 0 bar [V] | J3: Voltage Diff. / [V] | K3: H2 Prod / [nmL/A] | L3: Typ | M3: Anzahl Layer | N3: Strom / [A] | O3: FA # | P3: Elektrode | Q3: Bemerkungen | R3: Visum | S3: Jahr: | T3: 2018
B4: 18F-0001Z | C4: FA703712 | D4: 27.4 | E4: 1 | F4: 570 | G4: 1.852 | H4: 3.699 | I4: 3.672 | J4: =IF(M4<>"",(H4-I4)/M4,"") -> 0.0135 | K4: =(F4*(273.15+D4)/273.15)/(M4*N4) -> 7.8397172 | L4: MU2 | M4: =VLOOKUP(L4,allgemein!$B$3:$C$13,2,FALSE) -> 2 | N4: 40 | O4: FA703836 | P4: B-09-41
C5: " | G5: 1.847 | P5: B-07-58
B6: 18F-0002Z | C6: " | D6: 27.1 | E6: 1.1 | F6: 569 | G6: 1.847 | H6: 3.701 | I6: 3.678 | J6: =IF(M6<>"",(H6-I6)/M6,"") -> 0.0115 | K6: =(F6*(273.15+D6)/273.15)/(M6*N6) -> 7.8181517 | L6: MU2 | M6: =VLOOKUP(L6,allgemein!$B$3:$C$13,2,FALSE) -> 2 | N6: 40 | O6: " | P6: B-09-49
C7: " | G7: 1.854 | P7: B-07-69
B8: 18F-0003Z | C8: " | D8: 26.2 | E8: 0.7 | F8: 564 | G8: 1.855 | H8: 3.709 | I8: 3.69 | J8: =IF(M8<>"",(H8-I8)/M8,"") -> 0.0095 | K8: =(F8*(273.15+D8)/273.15)/(M8*N8) -> 7.7262219 | L8: MU2 | M8: =VLOOKUP(L8,allgemein!$B$3:$C$13,2,FALSE) -> 2 | N8: 40 | O8: " | P8: B-09-42
C9: " | G9: 1.854 | P9: B-07-72
B10: 18F-0004Z | C10: " | D10: 26.8 | E10: 0.3 | F10: 569 | G10: 1.849 | H10: 3.693 | I10: 3.667 | J10: =IF(M10<>"",(H10-I10)/M10,"") -> 0.013 | K10: =(F10*(273.15+D10)/273.15)/(M10*N10) -> 7.81034 | L10: MU2 | M10: =VLOOKUP(L10,allgemein!$B$3:$C$13,2,FALSE) -> 2 | N10: 40 | O10: " | P10: B-09-43
C11: " | G11: 1.844 | P11: B-07-77
B12: 18F-0005Z | C12: " | D12: 26.3 | E12: 0.2 | F12: 568 | G12: 1.846 | H12: 3.699 | I12: 3.676 | J12: =IF(M12<>"",(H12-I12)/M12,"") -> 0.0115 | K12: =(F12*(273.15+D12)/273.15)/(M12*N12) -> 7.7836171 | L12: MU2 | M12: =VLOOKUP(L12,allgemein!$B$3:$C$13,2,FALSE) -> 2 | N12: 40 | O12: " | P12: B-09-44
C13: " | G13: 1.853 | P13: B-07-119
B14: 18F-0006Z-R | C14: " | D14: 27.1 | E14: 0.1 | F14: 285 | H14: 1.88 | I14: 1.868 | J14: =IF(M14<>"",(H14-I14)/M14,"") -> 0.012 | K14: =(F14*(273.15+D14)/273.15)/(M14*N14) -> 7.8318918 | L14: MA_V1 | M14: =VLOOKUP(L14,allgemein!$B$3:$C$13,2,FALSE) -> 1 | N14: 40 | O14: FA704146 | Q14: Fa. Schmid. Neuh.
B15: 18F-0007Z-R | C15: " | D15: 27.1 | E15: 0.1 | F15: 284 | H15: 1.889 | I15: 1.877 | J15: =IF(M15<>"",(H15-I15)/M15,"") -> 0.012 | K15: =(F15*(273.15+D15)/273.15)/(M15*N15) -> 7.8044115 | L15: MA_V1 | M15: =VLOOKUP(L15,allgemein!$B$3:$C$13,2,FALSE) -> 1 | N15: 40 | O15: "
B16: 18F-0008Z-R | C16: " | D16: 27.1 | E16: 0.1 | F16: 284 | H16: 1.892 | I16: 1.88 | J16: =IF(M16<>"",(H16-I16)/M16,"") -> 0.012 | K16: =(F16*(273.15+D16)/273.15)/(M16*N16) -> 7.8044115 | L16: MA_V1 | M16: =VLOOKUP(L16,allgemein!$B$3:$C$13,2,FALSE) -> 1 | N16: 40 | O16: "
B17: 18F-0009Z-R | C17: " | D17: 27.1 | E17: 0 | F17: 285 | H17: 1.885 | I17: 1.873 | J17: =IF(M17<>"",(H17-I17)/M17,"") -> 0.012 | K17: =(F17*(273.15+D17)/273.15)/(M17*N17) -> 7.8318918 | L17: MA_V1 | M17: =VLOOKUP(L17,allgemein!$B$3:$C$13,2,FALSE) -> 1 | N17: 40 | O17: "
B18: 18F-0010Z-R | C18: FA703870 | D18: 27.2 | E18: 0 | F18: 284 | H18: 1.873 | I18: 1.86 | J18: =IF(M18<>"",(H18-I18)/M18,"") -> 0.013 | K18: =(F18*(273.15+D18)/273.15)/(M18*N18) -> 7.8070108 | L18: MA_V1 | M18: =VLOOKUP(L18,allgemein!$B$3:$C$13,2,FALSE) -> 1 | N18: 40 | O18: "
B19: 18F-0011Z-R | C19: " | D19: 27.2 | E19: 0 | F19: 284 | H19: 1.869 | I19: 1.855 | J19: =IF(M19<>"",(H19-I19)/M19,"") -> 0.014 | K19: =(F19*(273.15+D19)/273.15)/(M19*N19) -> 7.8070108 | L19: MA_V1 | M19: =VLOOKUP(L19,allgemein!$B$3:$C$13,2,FALSE) -> 1 | N19: 40 | Q19: Anfrage Vroni
B20: 18F-0012Z-R | C20: " | D20: 27.2 | E20: 0 | F20: 282 | H20: 1.877 | I20: 1.864 | J20: =IF(M20<>"",(H20-I20)/M20,"") -> 0.013 | K20: =(F20*(273.15+D20)/273.15)/(M20*N20) -> 7.7520319 | L20: MA_V2 | M20: =VLOOKUP(L20,allgemein!$B$3:$C$13,2,FALSE) -> 1 | N20: 40 | Q20: Fa. Schmid. Neuh.
B21: 18F-0013Z | C21: " | D21: 26.9 | E21: 1.2 | F21: 856 | G21: 1.837 | H21: 5.532 | I21: 5.491 | J21: =IF(M21<>"",(H21-I21)/M21,"") -> 0.013666667 | K21: =(F21*(273.15+D21)/273.15)/(M21*N21) -> 7.8358289 | L21: MU3 | M21: =VLOOKUP(L21,allgemein!$B$3:$C$13,2,FALSE) -> 3 | N21: 40 | O21: FA703642 | P21: B-09-36
C22: " | G22: 1.843 | P22: B-07-55
C23: " | G23: 1.852 | P23: B-07-130
B24: 18F-0014Z | C24: " | D24: 26.4 | E24: 1.1 | F24: 854 | G24: 1.847 | H24: 5.529 | I24: 5.486 | J24: =IF(M24<>"",(H24-I24)/M24,"") -> 0.014333333 | K24: =(F24*(273.15+D24)/273.15)/(M24*N24) -> 7.8044939 | L24: MU3 | M24: =VLOOKUP(L24,allgemein!$B$3:$C$13,2,FALSE) -> 3 | N24: 40 | O24: " | P24: B-09-38
C25: " | G25: 1.841 | P25: B-07-133
C26: " | G26: 1.841 | P26: B-07-144
B27: 18F-0015Z | C27: " | D27: 27.7 | E27: 1.1 | F27: 856 | G27: 1.816 | H27: 5.467 | I27: 5.424 | J27: =IF(M27<>"",(H27-I27)/M27,"") -> 0.014333333 | K27: =(F27*(273.15+D27)/273.15)/(M27*N27) -> 7.856721 | L27: MU3 | M27: =VLOOKUP(L27,allgemein!$B$3:$C$13,2,FALSE) -> 3 | N27: 40 | O27: " | P27: B-09-39
C28: " | G28: 1.826 | P28: B-07-152
C29: " | G29: 1.825 | P29: B-07-155
B30: 18F-0016Z | C30: " | D30: 25.9 | E30: 0.6 | F30: 284 | H30: 1.862 | I30: 1.849 | J30: =IF(M30<>"",(H30-I30)/M30,"") -> 0.013 | K30: =(F30*(273.15+D30)/273.15)/(M30*N30) -> 7.7732198 | L30: MU1 | M30: =VLOOKUP(L30,allgemein!$B$3:$C$13,2,FALSE) -> 1 | N30: 40 | O30: FA703756 | P30: B-09-37
B31: 18F-0017Z | C31: " | D31: 26.2 | E31: 0.9 | F31: 285 | H31: 1.836 | I31: 1.822 | J31: =IF(M31<>"",(H31-I31)/M31,"") -> 0.014 | K31: =(F31*(273.15+D31)/273.15)/(M31*N31) -> 7.8084157 | L31: MU1 | M31: =VLOOKUP(L31,allgemein!$B$3:$C$13,2,FALSE) -> 1 | N31: 40 | O31: " | P31: B-09-40
B32: 18F-0018Z | C32: " | D32: 26.4 | E32: 0.7 | F32: 283 | H32: 1.866 | I32: 1.855 | J32: =IF(M32<>"",(H32-I32)/M32,"") -> 0.011 | K32: =(F32*(273.15+D32)/273.15)/(M32*N32) -> 7.7588001 | L32: MU1 | M32: =VLOOKUP(L32,allgemein!$B$3:$C$13,2,FALSE) -> 1 | N32: 40 | O32: " | P32: B-09-45
B33: 18F-0019Z | C33: " | D33: 26.4 | E33: 0.4 | F33: 284 | H33: 1.845 | I33: 1.828 | J33: =IF(M33<>"",(H33-I33)/M33,"") -> 0.017 | K33: =(F33*(273.15+D33)/273.15)/(M33*N33) -> 7.7862164 | L33: MU1 | M33: =VLOOKUP(L33,allgemein!$B$3:$C$13,2,FALSE) -> 1 | N33: 40 | O33: " | P33: B-09-46
B34: 18F-0020Z | C34: " | D34: 26.5 | E34: 0.4 | F34: 284 | H34: 1.871 | I34: 1.857 | J34: =IF(M34<>"",(H34-I34)/M34,"") -> 0.014 | K34: =(F34*(273.15+D34)/273.15)/(M34*N34) -> 7.7888157 | L34: MU1 | M34: =VLOOKUP(L34,allgemein!$B$3:$C$13,2,FALSE) -> 1 | N34: 40 | O34: " | P34: B-09-48
B35: 18F-0021Z | C35: FA703431 | D35: 25 | E35: 0.3 | F35: 178 | H35: 1.881 | I35: 1.87 | J35: =IF(M35<>"",(H35-I35)/M35,"") -> 0.011 | K35: =(F35*(273.15+D35)/273.15)/(M35*N35) -> 7.7716566 | L35: MI_V3 | M35: =VLOOKUP(L35,allgemein!$B$3:$C$13,2,FALSE) -> 1 | N35: 25 | O35: FA703970
B36: 18F-0022Z | C36: " | D36: 25.1 | E36: 0.3 | F36: 177 | H36: 1.88 | I36: 1.869 | J36: =IF(M36<>"",(H36-I36)/M36,"") -> 0.011 | K36: =(F36*(273.15+D36)/273.15)/(M36*N36) -> 7.7305876 | L36: MI_V3 | M36: =VLOOKUP(L36,allgemein!$B$3:$C$13,2,FALSE) -> 1 | N36: 25 | O36: "
B37: 18F-0023Z | C37: " | D37: 25.2 | E37: 0.4 | F37: 177 | H37: 1.884 | I37: 1.873 | J37: =IF(M37<>"",(H37-I37)/M37,"") -> 0.011 | K37: =(F37*(273.15+D37)/273.15)/(M37*N37) -> 7.7331796 | L37: MI_V3 | M37: =VLOOKUP(L37,allgemein!$B$3:$C$13,2,FALSE) -> 1 | N37: 25 | O37: "
B38: 18F-0024Z | C38: " | D38: 25.2 | E38: 0.8 | F38: 177 | H38: 1.888 | I38: 1.879 | J38: =IF(M38<>"",(H38-I38)/M38,"") -> 0.009 | K38: =(F38*(273.15+D38)/273.15)/(M38*N38) -> 7.7331796 | L38: MI_V3 | M38: =VLOOKUP(L38,allgemein!$B$3:$C$13,2,FALSE) -> 1 | N38: 25 | O38: "
A39: 25.3 | B39: 18F-0025Z | C39: " | D39: 25.3 | E39: 0.3 | F39: 177 | H39: 1.859 | I39: 1.845 | J39: =IF(M39<>"",(H39-I39)/M39,"") -> 0.014 | K39: =(F39*(273.15+D39)/273.15)/(M39*N39) -> 7.7357716 | L39: MI_V3 | M39: =VLOOKUP(L39,allgemein!$B$3:$C$13,2,FALSE) -> 1 | N39: 25 | O39: "
B40: 18F-0026Z | C40: " | D40: 25.5 | E40: 0.3 | F40: 178 | H40: 1.875 | I40: 1.862 | J40: =IF(M40<>"",(H40-I40)/M40,"") -> 0.013 | K40: =(F40*(273.15+D40)/273.15)/(M40*N40) -> 7.7846897 | L40: MI_V3 | M40: =VLOOKUP(L40,allgemein!$B$3:$C$13,2,FALSE) -> 1 | N40: 25 | O40: "
B41: 18F-0027Z | C41: " | D41: 25.6 | E41: 0.3 | F41: 178 | H41: 1.874 | I41: 1.862 | J41: =IF(M41<>"",(H41-I41)/M41,"") -> 0.012 | K41: =(F41*(273.15+D41)/273.15)/(M41*N41) -> 7.7872964 | L41: MI_V3 | M41: =VLOOKUP(L41,allgemein!$B$3:$C$13,2,FALSE) -> 1 | N41: 25 | O41: "
B42: 18F-0028Z | C42: " | D42: 25.8 | E42: 0.3 | F42: 177 | H42: 1.865 | I42: 1.855 | J42: =IF(M42<>"",(H42-I42)/M42,"") -> 0.01 | K42: =(F42*(273.15+D42)/273.15)/(M42*N42) -> 7.7487315 | L42: MI_V3 | M42: =VLOOKUP(L42,allgemein!$B$3:$C$13,2,FALSE) -> 1 | N42: 25 | O42: "
B43: 18F-0029Z | C43: " | D43: 27.5 | E43: 0.4 | F43: 867 | G43: 1.78 | H43: 7.11 | I43: 7.05 | J43: =IF(M43<>"",(H43-I43)/M43,"") -> 0.015 | K43: =(F43*(273.15+D43)/273.15)/(M43*N43) -> 7.9523934 | L43: MU4 | M43: =VLOOKUP(L43,allgemein!$B$3:$C$13,2,FALSE) -> 4 | N43: 30 | O43: FA704101 | P43: B-09 2.12 | Q43: 30A/ max cell voltage von 7 auf 9
C44: " | G44: 1.776 | P44: B-07-141
C45: " | G45: 1.78 | P45: B-07-142
C46: FA703871 | G46: 1.776 | P46: B-07-145
B47: 18F-0030Z | C47: " | D47: 26.8 | E47: 0.5 | F47: 870 | G47: 1.772 | H47: 7.1 | I47: 7.03 | J47: =IF(M47<>"",(H47-I47)/M47,"") -> 0.0175 | K47: =(F47*(273.15+D47)/273.15)/(M47*N47) -> 7.9613308 | L47: MU4 | M47: =VLOOKUP(L47,allgemein!$B$3:$C$13,2,FALSE) -> 4 | N47: 30 | O47: " | P47: B-09- 2 13 | Q47: 30A/ max cell voltage von 7 auf 9
C48: " | G48: 1.773 | P48: B-07-135
C49: " | G49: 1.77 | P49: B-07-139
C50: " | G50: 1.782 | P50: D-07- 3 90 | Q50: 20667/16185
B51: 18F-0031Z | C51: " | D51: 25.7 | E51: 0 | F51: 567 | G51: 1.828 | H51: 3.665 | I51: 3.637 | J51: =IF(M51<>"",(H51-I51)/M51,"") -> 0.014 | K51: =(F51*(273.15+D51)/273.15)/(M51*N51) -> 7.7543451 | L51: MU2 | M51: =VLOOKUP(L51,allgemein!$B$3:$C$13,2,FALSE) -> 2 | N51: 40 | O51: FA703836 | P51: B-09 2 43
C52: " | G52: 1.837 | P52: B-07-138
B53: 18F-0032Z | C53: " | D53: 27.8 | E53: 1.1 | F53: 571 | G53: 1.825 | H53: 3.65 | I53: 3.621 | J53: =IF(M53<>"",(H53-I53)/M53,"") -> 0.0145 | K53: =(F53*(273.15+D53)/273.15)/(M53*N53) -> 7.8639232 | L53: MU2 | M53: =VLOOKUP(L53,allgemein!$B$3:$C$13,2,FALSE) -> 2 | N53: 40 | O53: " | P53: B-09 2 26
C54: " | G54: 1.825 | P54: B-07-150
B55: 18F-0033Z | C55: " | D55: 26.6 | E55: 1.8 | F55: 567 | G55: 1.841 | H55: 3.674 | I55: 3.653 | J55: =IF(M55<>"",(H55-I55)/M55,"") -> 0.0105 | K55: =(F55*(273.15+D55)/273.15)/(M55*N55) -> 7.7776977 | L55: MU2 | M55: =VLOOKUP(L55,allgemein!$B$3:$C$13,2,FALSE) -> 2 | N55: 40 | O55: " | P55: B-09 2 42
C56: " | G56: 1.833 | P56: B-07-154
B57: 18F-0034Z | C57: " | D57: 26.7 | E57: 0.5 | F57: 284 | H57: 1.838 | I57: 1.814 | J57: =IF(M57<>"",(H57-I57)/M57,"") -> 0.024 | K57: =(F57*(273.15+D57)/273.15)/(M57*N57) -> 7.7940143 | L57: MU1 | M57: =VLOOKUP(L57,allgemein!$B$3:$C$13,2,FALSE) -> 1 | N57: 40 | O57: FA703756 | P57: B-09 2 14
B58: " | C58: " | D58: 25.3 | E58: 0.5 | F58: 284 | H58: 1.848 | I58: 1.824 | J58: =IF(M58<>"",(H58-I58)/M58,"") -> 0.024 | K58: =(F58*(273.15+D58)/273.15)/(M58*N58) -> 7.757624 | L58: MU1 | M58: =VLOOKUP(L58,allgemein!$B$3:$C$13,2,FALSE) -> 1 | N58: 40 | P58: "
B59: 18F-0035Z | C59: " | D59: 26.6 | E59: 0.5 | F59: 284 | H59: 1.831 | I59: 1.814 | J59: =IF(M59<>"",(H59-I59)/M59,"") -> 0.017 | K59: =(F59*(273.15+D59)/273.15)/(M59*N59) -> 7.791415 | L59: MU1 | M59: =VLOOKUP(L59,allgemein!$B$3:$C$13,2,FALSE) -> 1 | N59: 40 | O59: " | P59: B-09 2 15
B60: 18F-0036Z | C60: " | D60: 26.5 | E60: 0.3 | F60: 284 | H60: 1.856 | I60: 1.817 | J60: =IF(M60<>"",(H60-I60)/M60,"") -> 0.039 | K60: =(F60*(273.15+D60)/273.15)/(M60*N60) -> 7.7888157 | L60: MU1 | M60: =VLOOKUP(L60,allgemein!$B$3:$C$13,2,FALSE) -> 1 | N60: 40 | O60: " | P60: B-09 2 17
B61: " | C61: " | H61: 1.883 | I61: 1.847 | J61: =IF(M61<>"",(H61-I61)/M61,"") -> 0.036 | L61: MU1 | M61: =VLOOKUP(L61,allgemein!$B$3:$C$13,2,FALSE) -> 1 | N61: 40 | P61: "
B62: " | C62: " | H62: 1.889 | I62: 1.861 | J62: =IF(M62<>"",(H62-I62)/M62,"") -> 0.028 | L62: MU1 | M62: =VLOOKUP(L62,allgemein!$B$3:$C$13,2,FALSE) -> 1 | N62: 40 | P62: B-09 2 16
B63: " | C63: " | H63: 1.889 | I63: 1.861 | J63: =IF(M63<>"",(H63-I63)/M63,"") -> 0.028 | L63: MU1 | M63: =VLOOKUP(L63,allgemein!$B$3:$C$13,2,FALSE) -> 1 | N63: 40 | P63: "
B64: " | C64: B24-0414 | E64: 7.7 | H64: 1.949 | I64: 1.933 | J64: =IF(M64<>"",(H64-I64)/M64,"") -> 0.016 | L64: MU1 | M64: =VLOOKUP(L64,allgemein!$B$3:$C$13,2,FALSE) -> 1 | N64: 40 | P64: " | Q64: alte Vers. Mem. (ungespült)
B65: " | C65: " | E65: 9 | H65: 1.943 | I65: 1.924 | J65: =IF(M65<>"",(H65-I65)/M65,"") -> 0.019 | L65: MU1 | M65: =VLOOKUP(L65,allgemein!$B$3:$C$13,2,FALSE) -> 1 | N65: 40 | P65: B-09 2 17 | Q65: "
B66: " | C66: FA703871 | H66: 1.866 | I66: 1.839 | J66: =IF(M66<>"",(H66-I66)/M66,"") -> 0.027 | L66: MU1 | M66: =VLOOKUP(L66,allgemein!$B$3:$C$13,2,FALSE) -> 1 | N66: 40 | P66: " | Q66: andere Mem.
B67: " | C67: FA703947 | H67: 1.865 | I67: 1.843 | J67: =IF(M67<>"",(H67-I67)/M67,"") -> 0.022 | L67: MU1 | M67: =VLOOKUP(L67,allgemein!$B$3:$C$13,2,FALSE) -> 1 | N67: 40 | P67: " | Q67: neuste Vers. Mem.
B68: " | C68: " | E68: 5.9 | H68: 1.86 | I68: 1.843 | J68: =IF(M68<>"",(H68-I68)/M68,"") -> 0.017 | L68: MU1 | M68: =VLOOKUP(L68,allgemein!$B$3:$C$13,2,FALSE) -> 1 | N68: 40 | P68: B-09 2 16 | Q68: " + tausch H-Elektr-.
B69: " | C69: " | E69: 9.1 | H69: 1.858 | I69: 1.841 | J69: =IF(M69<>"",(H69-I69)/M69,"") -> 0.017 | L69: MU1 | M69: =VLOOKUP(L69,allgemein!$B$3:$C$13,2,FALSE) -> 1 | N69: 40 | P69: "
B70: " | C70: " | D70: 28.1 | E70: 0.1 | F70: 283 | H70: 1.826 | I70: 1.811 | J70: =IF(M70<>"",(H70-I70)/M70,"") -> 0.015 | K70: =(F70*(273.15+D70)/273.15)/(M70*N70) -> 7.8028327 | L70: MU1 | M70: =VLOOKUP(L70,allgemein!$B$3:$C$13,2,FALSE) -> 1 | N70: 40 | P70: "
B71: 18F-0037Z | C71: FA703871 | D71: 26.4 | E71: 0.1 | F71: 283 | H71: 1.835 | I71: 1.818 | J71: =IF(M71<>"",(H71-I71)/M71,"") -> 0.017 | K71: =(F71*(273.15+D71)/273.15)/(M71*N71) -> 7.7588001 | L71: MU1 | M71: =VLOOKUP(L71,allgemein!$B$3:$C$13,2,FALSE) -> 1 | N71: 40 | O71: " | P71: B-09 2 50
B72: 18F-0038Z | C72: FA703431 | D72: 25.8 | E72: 0.4 | F72: 177 | H72: 1.873 | I72: 1.861 | J72: =IF(M72<>"",(H72-I72)/M72,"") -> 0.012 | K72: =(F72*(273.15+D72)/273.15)/(M72*N72) -> 7.7487315 | L72: MI_V3 | M72: =VLOOKUP(L72,allgemein!$B$3:$C$13,2,FALSE) -> 1 | N72: 25 | O72: FA703970
B73: 18F-0039Z | C73: " | D73: 25.7 | E73: 0.3 | F73: 178 | H73: 1.885 | I73: 1.871 | J73: =IF(M73<>"",(H73-I73)/M73,"") -> 0.014 | K73: =(F73*(273.15+D73)/273.15)/(M73*N73) -> 7.789903 | L73: MI_V3 | M73: =VLOOKUP(L73,allgemein!$B$3:$C$13,2,FALSE) -> 1 | N73: 25 | O73: "
B74: 18F-0040Z | C74: " | D74: 25.6 | E74: 0.5 | F74: 177 | H74: 1.88 | I74: 1.87 | J74: =IF(M74<>"",(H74-I74)/M74,"") -> 0.01 | K74: =(F74*(273.15+D74)/273.15)/(M74*N74) -> 7.7435475 | L74: MI_V3 | M74: =VLOOKUP(L74,allgemein!$B$3:$C$13,2,FALSE) -> 1 | N74: 25 | O74: "
B75: 18F-0041Z | C75: " | D75: 25.6 | E75: 0.3 | F75: 177 | H75: 1.879 | I75: 1.866 | J75: =IF(M75<>"",(H75-I75)/M75,"") -> 0.013 | K75: =(F75*(273.15+D75)/273.15)/(M75*N75) -> 7.7435475 | L75: MI_V3 | M75: =VLOOKUP(L75,allgemein!$B$3:$C$13,2,FALSE) -> 1 | N75: 25 | O75: "
B76: 18F-0042Z | C76: " | D76: 25.6 | E76: 0.4 | F76: 177 | H76: 1.889 | I76: 1.877 | J76: =IF(M76<>"",(H76-I76)/M76,"") -> 0.012 | K76: =(F76*(273.15+D76)/273.15)/(M76*N76) -> 7.7435475 | L76: MI_V3 | M76: =VLOOKUP(L76,allgemein!$B$3:$C$13,2,FALSE) -> 1 | N76: 25 | O76: "
B77: 18F-0043Z | C77: " | D77: 25.6 | E77: 0.4 | F77: 178 | H77: 1.894 | I77: 1.882 | J77: =IF(M77<>"",(H77-I77)/M77,"") -> 0.012 | K77: =(F77*(273.15+D77)/273.15)/(M77*N77) -> 7.7872964 | L77: MI_V3 | M77: =VLOOKUP(L77,allgemein!$B$3:$C$13,2,FALSE) -> 1 | N77: 25 | O77: "
B78: 18F-0044Z | C78: " | D78: 25.6 | E78: 0.4 | F78: 178 | H78: 1.897 | I78: 1.886 | J78: =IF(M78<>"",(H78-I78)/M78,"") -> 0.011 | K78: =(F78*(273.15+D78)/273.15)/(M78*N78) -> 7.7872964 | L78: MI_V3 | M78: =VLOOKUP(L78,allgemein!$B$3:$C$13,2,FALSE) -> 1 | N78: 25 | O78: "
B79: 18F-0045Z | C79: FA703871 | D79: 27.7 | E79: 0.6 | F79: 871 | G79: 1.772 | H79: 7.11 | I79: 7.02 | J79: =IF(M79<>"",(H79-I79)/M79,"") -> 0.0225 | K79: =(F79*(273.15+D79)/273.15)/(M79*N79) -> 7.9943972 | L79: MU4 | M79: =VLOOKUP(L79,allgemein!$B$3:$C$13,2,FALSE) -> 4 | N79: 30 | O79: FA704101 | P79: B-09 2.51 | Q79: 30A/ max cell voltage von 7 auf 9
C80: " | G80: 1.768 | P80: 20667/1685 5
C81: " | G81: 1.771 | P81: 20667/1685 25
C82: " | G82: 1.801 | P82: 20667/1685 51 | Q82: 0.023/ 1.801 = C.S. i.O.
B83: 18F-0046Z | C83: FA703911 | D83: 27.9 | E83: 0.6 | F83: 871 | G83: 1.77 | H83: 7.09 | I83: 7.03 | J83: =IF(M83<>"",(H83-I83)/M83,"") -> 0.015 | K83: =(F83*(273.15+D83)/273.15)/(M83*N83) -> 7.9997117 | L83: MU4 | M83: =VLOOKUP(L83,allgemein!$B$3:$C$13,2,FALSE) -> 4 | N83: 30 | O83: " | P83: B-09 2.52 | Q83: 30A/ max cell voltage von 7 auf 9
C84: " | G84: 1.774 | P84: 20667/1685 35
C85: " | G85: 1.776 | P85: 20667/1685 50
C86: " | G86: 1.773 | P86: B-07-30
B87: 18F-0047Z | C87: " | D87: 27 | E87: 1.2 | F87: 869 | G87: 1.782 | H87: 7.13 | I87: 7.06 | J87: =IF(M87<>"",(H87-I87)/M87,"") -> 0.0175 | K87: =(F87*(273.15+D87)/273.15)/(M87*N87) -> 7.9574822 | L87: MU4 | M87: =VLOOKUP(L87,allgemein!$B$3:$C$13,2,FALSE) -> 4 | N87: 30 | O87: " | P87: B-09 2.50 | Q87: 30A/ max cell voltage von 7 auf 9
C88: " | G88: 1.778 | P88: B-07-01
C89: " | G89: 1.785 | P89: B-07-31
C90: " | G90: 1.783 | P90: B-07-40
B91: 18F-0048Z | C91: " | D91: 26.5 | E91: 1.1 | F91: 870 | G91: 1.779 | H91: 7.12 | I91: 7.05 | J91: =IF(M91<>"",(H91-I91)/M91,"") -> 0.0175 | K91: =(F91*(273.15+D91)/273.15)/(M91*N91) -> 7.9533681 | L91: MU4 | M91: =VLOOKUP(L91,allgemein!$B$3:$C$13,2,FALSE) -> 4 | N91: 30 | O91: " | P91: B-09 2.53 | Q91: 30A/ max cell voltage von 7 auf 9
C92: " | G92: 1.778 | P92: B-07-37
C93: " | G93: 1.779 | P93: B-07-44
C94: " | G94: 1.786 | P94: B-07-50
B95: 18F-0049Z | C95: FA703431 | D95: 25.6 | E95: 0.3 | F95: 177 | H95: 1.877 | I95: 1.864 | J95: =IF(M95<>"",(H95-I95)/M95,"") -> 0.013 | K95: =(F95*(273.15+D95)/273.15)/(M95*N95) -> 7.7435475 | L95: MI_V3 | M95: =VLOOKUP(L95,allgemein!$B$3:$C$13,2,FALSE) -> 1 | N95: 25 | O95: FA703970
B96: 18F-0050Z | C96: " | D96: 25.6 | E96: 0.2 | F96: 177 | H96: 1.879 | I96: 1.863 | J96: =IF(M96<>"",(H96-I96)/M96,"") -> 0.016 | K96: =(F96*(273.15+D96)/273.15)/(M96*N96) -> 7.7435475 | L96: MI_V3 | M96: =VLOOKUP(L96,allgemein!$B$3:$C$13,2,FALSE) -> 1 | N96: 25 | O96: "
B97: 18F-0051Z | C97: " | D97: 25.7 | E97: 0.3 | F97: 177 | H97: 1.87 | I97: 1.858 | J97: =IF(M97<>"",(H97-I97)/M97,"") -> 0.012 | K97: =(F97*(273.15+D97)/273.15)/(M97*N97) -> 7.7461395 | L97: MI_V3 | M97: =VLOOKUP(L97,allgemein!$B$3:$C$13,2,FALSE) -> 1 | N97: 25 | O97: "
B98: 18F-0052Z | C98: 702776 | D98: 25.8 | E98: 0.3 | F98: 177 | H98: 1.873 | I98: 1.859 | J98: =IF(M98<>"",(H98-I98)/M98,"") -> 0.014 | K98: =(F98*(273.15+D98)/273.15)/(M98*N98) -> 7.7487315 | L98: MI_V3 | M98: =VLOOKUP(L98,allgemein!$B$3:$C$13,2,FALSE) -> 1 | N98: 25 | O98: " | Q98: Mem. neue Besprühung
B99: 18F-0053Z | C99: " | D99: 25.9 | E99: 0.2 | F99: 177 | H99: 1.87 | I99: 1.857 | J99: =IF(M99<>"",(H99-I99)/M99,"") -> 0.013 | K99: =(F99*(273.15+D99)/273.15)/(M99*N99) -> 7.7513234 | L99: MI_V3 | M99: =VLOOKUP(L99,allgemein!$B$3:$C$13,2,FALSE) -> 1 | N99: 25 | O99: "
B100: 18F-0054Z | C100: " | D100: 26.4 | E100: 0.6 | F100: 177 | H100: 1.877 | I100: 1.867 | J100: =IF(M100<>"",(H100-I100)/M100,"") -> 0.01 | K100: =(F100*(273.15+D100)/273.15)/(M100*N100) -> 7.7642834 | L100: MI_V3 | M100: =VLOOKUP(L100,allgemein!$B$3:$C$13,2,FALSE) -> 1 | N100: 25 | O100: "
B101: 18F-0055Z | C101: " | D101: 26.8 | E101: 0.4 | F101: 177 | H101: 1.869 | I101: 1.857 | J101: =IF(M101<>"",(H101-I101)/M101,"") -> 0.012 | K101: =(F101*(273.15+D101)/273.15)/(M101*N101) -> 7.7746513 | L101: MI_V3 | M101: =VLOOKUP(L101,allgemein!$B$3:$C$13,2,FALSE) -> 1 | N101: 25 | O101: "
B102: 18F-0056Z | C102: " | D102: 26.1 | E102: 0.5 | F102: 177 | H102: 1.875 | I102: 1.864 | J102: =IF(M102<>"",(H102-I102)/M102,"") -> 0.011 | K102: =(F102*(273.15+D102)/273.15)/(M102*N102) -> 7.7565074 | L102: MI_V3 | M102: =VLOOKUP(L102,allgemein!$B$3:$C$13,2,FALSE) -> 1 | N102: 25 | O102: "
...

Sheet Jul
B3: Cell # | C3: Membran # ¦ Batch # | D3: Temp Gas / [°C] | E3: Temp Kat T1-T2 / [°C] | F3: Gasfluss / [sccm / min] | G3: Membrane V @ 13 bar/[V] | H3: Cell V @ 13 bar/[V] | I3: Cell V @ 0 bar [V] | J3: Voltage Diff. / [V] | K3: H2 Prod / [nmL/A] | L3: Typ | M3: Anzahl Layer | N3: Strom / [A] | O3: FA # | P3: Elektrode | R3: Bemerkungen | S3: Visum | T3: Jahr: | U3: 2018
B4: 18G-0001Z | C4: 702776 | D4: 26.6 | E4: 0.3 | F4: 178 | H4: 1.879 | I4: 1.868 | J4: =IF(M4<>"",(H4-I4)/M4,"") -> 0.011 | K4: =(F4*(273.15+D4)/273.15)/(M4*N4) -> 7.8133626 | L4: MI_V3 | M4: =VLOOKUP(L4,allgemein!$B$3:$C$13,2,FALSE) -> 1 | N4: 25 | O4: 704065
B5: 18G-0002Z | C5: " | D5: 26.7 | E5: 0.1 | F5: 178 | H5: 1.871 | I5: 1.856 | J5: =IF(M5<>"",(H5-I5)/M5,"") -> 0.015 | K5: =(F5*(273.15+D5)/273.15)/(M5*N5) -> 7.8159692 | L5: MI_V3 | M5: =VLOOKUP(L5,allgemein!$B$3:$C$13,2,FALSE) -> 1 | N5: 25 | O5: "
B6: 18G-0003Z | C6: " | D6: 26.8 | E6: 0.4 | F6: 178 | H6: 1.876 | I6: 1.864 | J6: =IF(M6<>"",(H6-I6)/M6,"") -> 0.012 | K6: =(F6*(273.15+D6)/273.15)/(M6*N6) -> 7.8185759 | L6: MI_V3 | M6: =VLOOKUP(L6,allgemein!$B$3:$C$13,2,FALSE) -> 1 | N6: 25 | O6: "
B7: 18G-0004Z | C7: " | D7: 26.8 | E7: 0.3 | F7: 178 | H7: 1.886 | I7: 1.874 | J7: =IF(M7<>"",(H7-I7)/M7,"") -> 0.012 | K7: =(F7*(273.15+D7)/273.15)/(M7*N7) -> 7.8185759 | L7: MI_V3 | M7: =VLOOKUP(L7,allgemein!$B$3:$C$13,2,FALSE) -> 1 | N7: 25 | O7: "
B8: 18G-0005Z | C8: " | D8: 26.9 | E8: 0.4 | F8: 178 | H8: 1.886 | I8: 1.875 | J8: =IF(M8<>"",(H8-I8)/M8,"") -> 0.011 | K8: =(F8*(273.15+D8)/273.15)/(M8*N8) -> 7.8211825 | L8: MI_V3 | M8: =VLOOKUP(L8,allgemein!$B$3:$C$13,2,FALSE) -> 1 | N8: 25 | O8: "
B9: 18G-0006Z | C9: " | D9: 27.1 | E9: 0.2 | F9: 178 | H9: 1.875 | I9: 1.862 | J9: =IF(M9<>"",(H9-I9)/M9,"") -> 0.013 | K9: =(F9*(273.15+D9)/273.15)/(M9*N9) -> 7.8263958 | L9: MI_V3 | M9: =VLOOKUP(L9,allgemein!$B$3:$C$13,2,FALSE) -> 1 | N9: 25 | O9: "
B10: 18G-0007Z | C10: " | D10: 27.2 | E10: 0.2 | F10: 177 | H10: 1.877 | I10: 1.865 | J10: =IF(M10<>"",(H10-I10)/M10,"") -> 0.012 | K10: =(F10*(273.15+D10)/273.15)/(M10*N10) -> 7.7850192 | L10: MI_V3 | M10: =VLOOKUP(L10,allgemein!$B$3:$C$13,2,FALSE) -> 1 | N10: 25 | O10: "
B11: 18G-0008Z | C11: 702777 | D11: 27.5 | E11: 0 | F11: 178 | H11: 1.869 | I11: 1.855 | J11: =IF(M11<>"",(H11-I11)/M11,"") -> 0.014 | K11: =(F11*(273.15+D11)/273.15)/(M11*N11) -> 7.8368223 | L11: MI_V3 | M11: =VLOOKUP(L11,allgemein!$B$3:$C$13,2,FALSE) -> 1 | N11: 25 | O11: "
B12: 18G-0009Z | C12: " | D12: 25.9 | E12: 0.3 | F12: 178 | H12: 1.877 | I12: 1.864 | J12: =IF(M12<>"",(H12-I12)/M12,"") -> 0.013 | K12: =(F12*(273.15+D12)/273.15)/(M12*N12) -> 7.7951162 | L12: MI_V3 | M12: =VLOOKUP(L12,allgemein!$B$3:$C$13,2,FALSE) -> 1 | N12: 25 | O12: "
B13: 18G-0010Z | C13: " | D13: 25.9 | E13: 0.4 | F13: 178 | H13: 1.873 | I13: 1.86 | J13: =IF(M13<>"",(H13-I13)/M13,"") -> 0.013 | K13: =(F13*(273.15+D13)/273.15)/(M13*N13) -> 7.7951162 | L13: MI_V3 | M13: =VLOOKUP(L13,allgemein!$B$3:$C$13,2,FALSE) -> 1 | N13: 25 | O13: "
B14: 18G-0011Z | C14: " | D14: 25.8 | E14: 0.7 | F14: 177 | H14: 1.88 | I14: 1.87 | J14: =IF(M14<>"",(H14-I14)/M14,"") -> 0.01 | K14: =(F14*(273.15+D14)/273.15)/(M14*N14) -> 7.7487315 | L14: MI_V3 | M14: =VLOOKUP(L14,allgemein!$B$3:$C$13,2,FALSE) -> 1 | N14: 25 | O14: "
B15: 18G-0012Z | C15: " | D15: 25.8 | E15: 0.2 | F15: 178 | H15: 1.86 | I15: 1.847 | J15: =IF(M15<>"",(H15-I15)/M15,"") -> 0.013 | K15: =(F15*(273.15+D15)/273.15)/(M15*N15) -> 7.7925096 | L15: MI_V3 | M15: =VLOOKUP(L15,allgemein!$B$3:$C$13,2,FALSE) -> 1 | N15: 25 | O15: "
B16: 18G-0013Z | C16: " | D16: 25.8 | E16: 0.5 | F16: 177 | H16: 1.862 | I16: 1.851 | J16: =IF(M16<>"",(H16-I16)/M16,"") -> 0.011 | K16: =(F16*(273.15+D16)/273.15)/(M16*N16) -> 7.7487315 | L16: MI_V3 | M16: =VLOOKUP(L16,allgemein!$B$3:$C$13,2,FALSE) -> 1 | N16: 25 | O16: "
B17: 18G-0014Z | C17: " | D17: 25.8 | E17: 0.3 | F17: 177 | H17: 1.867 | I17: 1.855 | J17: =IF(M17<>"",(H17-I17)/M17,"") -> 0.012 | K17: =(F17*(273.15+D17)/273.15)/(M17*N17) -> 7.7487315 | L17: MI_V3 | M17: =VLOOKUP(L17,allgemein!$B$3:$C$13,2,FALSE) -> 1 | N17: 25 | O17: "
B18: 18G-0015Z | C18: " | D18: 25.7 | E18: 0.2 | F18: 177 | H18: 1.879 | I18: 1.864 | J18: =IF(M18<>"",(H18-I18)/M18,"") -> 0.015 | K18: =(F18*(273.15+D18)/273.15)/(M18*N18) -> 7.7461395 | L18: MI_V3 | M18: =VLOOKUP(L18,allgemein!$B$3:$C$13,2,FALSE) -> 1 | N18: 25 | O18: "
B19: 18G-0016Z | C19: " | D19: 25.6 | E19: 0.2 | F19: 178 | H19: 1.872 | I19: 1.859 | J19: =IF(M19<>"",(H19-I19)/M19,"") -> 0.013 | K19: =(F19*(273.15+D19)/273.15)/(M19*N19) -> 7.7872964 | L19: MI_V3 | M19: =VLOOKUP(L19,allgemein!$B$3:$C$13,2,FALSE) -> 1 | N19: 25 | O19: "
B22: 18G-0017Z-R | C22: FA703871 | D22: 26.1 | E22: 14.8 | F22: 276 | H22: 1.898 | I22: 1.889 | J22: =IF(M22<>"",(H22-I22)/M22,"") -> 0.009 | K22: =(F22*(273.15+D22)/273.15)/(M22*N22) -> 7.5593081 | L22: SP-H2 | M22: =VLOOKUP(L22,allgemein!$B$3:$C$13,2,FALSE) -> 1 | N22: 40 | O22: FA704194 | R22: Messung vor Spülen
C23: " | D23: 26.8 | E23: 0.8 | F23: 277 | H23: 1.911 | I23: 1.903 | J23: =IF(M23<>"",(H23-I23)/M23,"") -> 0.008 | K23: =(F23*(273.15+D23)/273.15)/(M23*N23) -> 7.6044435 | L23: SP-H2 | M23: =VLOOKUP(L23,allgemein!$B$3:$C$13,2,FALSE) -> 1 | N23: 40 | O23: " | R23: Messung nach Spülen
B24: Test: Membrane mit Sprühanlage MembranBatch FA 704158/ 26.06.18; 03.07.18
C25: Mem. Nr
B26: 18G-0018Z-R | C26: 4 | D26: 26.5 | E26: 0.5 | F26: 278 | H26: 1.923 | I26: 1.909 | J26: =IF(M26<>"",(H26-I26)/M26,"") -> 0.014 | K26: =(F26*(273.15+D26)/273.15)/(M26*N26) -> 7.6242632 | L26: SP-H2 | M26: =VLOOKUP(L26,allgemein!$B$3:$C$13,2,FALSE) -> 1 | N26: 40 | O26: "
B27: 18G-0019Z-R | C27: 5 | D27: 26.4 | E27: 0.7 | F27: 278 | H27: 1.946 | I27: 1.933 | J27: =IF(M27<>"",(H27-I27)/M27,"") -> 0.013 | K27: =(F27*(273.15+D27)/273.15)/(M27*N27) -> 7.6217188 | L27: SP-H2 | M27: =VLOOKUP(L27,allgemein!$B$3:$C$13,2,FALSE) -> 1 | N27: 40 | O27: "
B28: 18G-0020Z | C28: 1 | D28: 27.2 | E28: 0.6 | F28: 283 | H28: 1.856 | I28: 1.842 | J28: =IF(M28<>"",(H28-I28)/M28,"") -> 0.014 | K28: =(F28*(273.15+D28)/273.15)/(M28*N28) -> 7.7795213 | L28: MU1 | M28: =VLOOKUP(L28,allgemein!$B$3:$C$13,2,FALSE) -> 1 | N28: 40 | O28: FA704160 | P28: B-09 2 20
B29: 18G-0021Z | C29: 2 | D29: 27.1 | E29: 0.5 | F29: 284 | H29: 1.861 | I29: 1.843 | J29: =IF(M29<>"",(H29-I29)/M29,"") -> 0.018 | K29: =(F29*(273.15+D29)/273.15)/(M29*N29) -> 7.8044115 | L29: MU1 | M29: =VLOOKUP(L29,allgemein!$B$3:$C$13,2,FALSE) -> 1 | N29: 40 | O29: " | P29: B-09 2 47
B30: 18G-0022Z | C30: 3 | D30: 27 | E30: 0.2 | F30: 284 | H30: 1.87 | I30: 1.835 | J30: =IF(M30<>"",(H30-I30)/M30,"") -> 0.035 | K30: =(F30*(273.15+D30)/273.15)/(M30*N30) -> 7.8018122 | L30: MU1 | M30: =VLOOKUP(L30,allgemein!$B$3:$C$13,2,FALSE) -> 1 | N30: 40 | O30: " | P30: B-09 2 49
B32: 18G-0020Z(mit 18G-0022Z OElectr) | C32: 1 | H32: 1.865 | I32: 1.852 | J32: =IF(M32<>"",(H32-I32)/M32,"") -> 0.013 | K32: =(F32*(273.15+D32)/273.15)/(M32*N32) -> 0 | L32: MU1 | M32: =VLOOKUP(L32,allgemein!$B$3:$C$13,2,FALSE) -> 1 | N32: 40 | O32: "
B33: 18G-0022Z(mit 18G-0020Z OElectr) | C33: 3 | H33: 1.875 | I33: 1.835 | J33: =IF(M33<>"",(H33-I33)/M33,"") -> 0.04 | K33: =(F33*(273.15+D33)/273.15)/(M33*N33) -> 0 | L33: MU1 | M33: =VLOOKUP(L33,allgemein!$B$3:$C$13,2,FALSE) -> 1 | N33: 40 | O33: "
B35: 18G-0020Z | C35: 3 | D35: (incl FD) | H35: 1.906 | I35: 1.847 | J35: =IF(M35<>"",(H35-I35)/M35,"") -> 0.059 | L35: MU1 | M35: =VLOOKUP(L35,allgemein!$B$3:$C$13,2,FALSE) -> 1 | N35: 40 | O35: "
C36: 3 | D36: (incl FD) | H36: 1.903 | I36: 1.845 | J36: =IF(M36<>"",(H36-I36)/M36,"") -> 0.058 | L36: MU1 | M36: =VLOOKUP(L36,allgemein!$B$3:$C$13,2,FALSE) -> 1 | N36: 40
B37: 18G-0022Z | C37: 1 | D37: (incl FD) | H37: 1.865 | I37: 1.852 | J37: =IF(M37<>"",(H37-I37)/M37,"") -> 0.013 | L37: MU1 | M37: =VLOOKUP(L37,allgemein!$B$3:$C$13,2,FALSE) -> 1 | N37: 40 | O37: "
B39: 18G-0020Z | C39: 1 | H39: 1.892 | I39: 1.872 | J39: =IF(M39<>"",(H39-I39)/M39,"") -> 0.02 | K39: =(F39*(273.15+D39)/273.15)/(M39*N39) -> 0 | L39: MU1 | M39: =VLOOKUP(L39,allgemein!$B$3:$C$13,2,FALSE) -> 1 | N39: 40 | O39: "
B40: 18G-0022Z | C40: 3 | H40: 1.881 | I40: 1.859 | J40: =IF(M40<>"",(H40-I40)/M40,"") -> 0.022 | K40: =(F40*(273.15+D40)/273.15)/(M40*N40) -> 0 | L40: MU1 | M40: =VLOOKUP(L40,allgemein!$B$3:$C$13,2,FALSE) -> 1 | N40: 40 | O40: "
C41: 3 | H41: 1.882 | I41: 1.86 | J41: =IF(M41<>"",(H41-I41)/M41,"") -> 0.022 | K41: =(F41*(273.15+D41)/273.15)/(M41*N41) -> 0 | L41: MU1 | M41: =VLOOKUP(L41,allgemein!$B$3:$C$13,2,FALSE) -> 1 | N41: 40
B42: 18G-0020Z | C42: 1 | H42: 1.879 | I42: 1.859 | J42: =IF(M42<>"",(H42-I42)/M42,"") -> 0.02 | K42: =(F42*(273.15+D42)/273.15)/(M42*N42) -> 0 | L42: MU1 | M42: =VLOOKUP(L42,allgemein!$B$3:$C$13,2,FALSE) -> 1 | N42: 40 | O42: "
C43: 7 | D43: 26.2 | E43: 5 | F43: 283 | H43: 1.868 | I43: 1.834 | J43: =IF(M43<>"",(H43-I43)/M43,"") -> 0.034 | K43: =(F43*(273.15+D43)/273.15)/(M43*N43) -> 7.7536198 | L43: MU1 | M43: =VLOOKUP(L43,allgemein!$B$3:$C$13,2,FALSE) -> 1 | N43: 40 | R43: Messung vor Spülen
C44: " | D44: 23.9 | E44: 0 | F44: 285 | H44: 1.857 | I44: 1.833 | J44: =IF(M44<>"",(H44-I44)/M44,"") -> 0.024 | K44: =(F44*(273.15+D44)/273.15)/(M44*N44) -> 7.7484212 | L44: MU1 | M44: =VLOOKUP(L44,allgemein!$B$3:$C$13,2,FALSE) -> 1 | N44: 40 | R44: Messung nach Spülen
C45: " | D45: 23.7 | E45: 0 | F45: 285 | H45: 1.879 | I45: 1.844 | J45: =IF(M45<>"",(H45-I45)/M45,"") -> 0.035 | K45: =(F45*(273.15+D45)/273.15)/(M45*N45) -> 7.7432043 | L45: MU1 | M45: =VLOOKUP(L45,allgemein!$B$3:$C$13,2,FALSE) -> 1 | N45: 40 | Q45: Nachprüfung nach 5 Tg
C46: " | D46: 24 | E46: 0 | F46: 285 | H46: 1.869 | I46: 1.849 | J46: =IF(M46<>"",(H46-I46)/M46,"") -> 0.02 | K46: =(F46*(273.15+D46)/273.15)/(M46*N46) -> 7.7510297 | L46: MU1 | M46: =VLOOKUP(L46,allgemein!$B$3:$C$13,2,FALSE) -> 1 | N46: 40 | Q46: Vlies mit 2T verpresst
B47: 18G-0021Z | C47: 8 | D47: 26.1 | E47: 4.9 | F47: 283 | H47: 1.873 | I47: 1.847 | J47: =IF(M47<>"",(H47-I47)/M47,"") -> 0.026 | K47: =(F47*(273.15+D47)/273.15)/(M47*N47) -> 7.7510297 | L47: MU1 | M47: =VLOOKUP(L47,allgemein!$B$3:$C$13,2,FALSE) -> 1 | N47: 40 | O47: " | R47: Messung vor Spülen
C48: " | D48: 25.6 | E48: 0.1 | F48: 285 | H48: 1.857 | I48: 1.838 | J48: =IF(M48<>"",(H48-I48)/M48,"") -> 0.019 | K48: =(F48*(273.15+D48)/273.15)/(M48*N48) -> 7.792765 | L48: MU1 | M48: =VLOOKUP(L48,allgemein!$B$3:$C$13,2,FALSE) -> 1 | N48: 40 | R48: Messung nach Spülen
B49: 18G-0022Z | C49: 9 | D49: 25.6 | E49: 4.2 | F49: 283 | H49: 1.871 | I49: 1.851 | J49: =IF(M49<>"",(H49-I49)/M49,"") -> 0.02 | K49: =(F49*(273.15+D49)/273.15)/(M49*N49) -> 7.7380789 | L49: MU1 | M49: =VLOOKUP(L49,allgemein!$B$3:$C$13,2,FALSE) -> 1 | N49: 40 | O49: " | R49: Messung vor Spülen
C50: " | D50: 25.8 | E50: 0.2 | F50: 284 | H50: 1.863 | I50: 1.846 | J50: =IF(M50<>"",(H50-I50)/M50,"") -> 0.017 | K50: =(F50*(273.15+D50)/273.15)/(M50*N50) -> 7.7706205 | L50: MU1 | M50: =VLOOKUP(L50,allgemein!$B$3:$C$13,2,FALSE) -> 1 | N50: 40 | R50: Messung nach Spülen
B51: 18G-0023Z | C51: 10 | D51: 26.8 | E51: 0.4 | F51: 283 | H51: 1.848 | I51: 1.83 | J51: =IF(M51<>"",(H51-I51)/M51,"") -> 0.018 | K51: =(F51*(273.15+D51)/273.15)/(M51*N51) -> 7.7691607 | L51: MU1 | M51: =VLOOKUP(L51,allgemein!$B$3:$C$13,2,FALSE) -> 1 | N51: 40 | O51: " | P51: B-09 2 19
B52: 18G-0024Z | C52: FA703912 | D52: 26.7 | E52: 0.2 | F52: 285 | H52: 1.857 | I52: 1.818 | J52: =IF(M52<>"",(H52-I52)/M52,"") -> 0.039 | K52: =(F52*(273.15+D52)/273.15)/(M52*N52) -> 7.821458 | L52: MU1 | M52: =VLOOKUP(L52,allgemein!$B$3:$C$13,2,FALSE) -> 1 | N52: 40 | O52: " | P52: B-09 2 21
D53: 20.4 | E53: 0.3 | F53: 286 | H53: 1.9 | I53: 1.849 | J53: =IF(M53<>"",(H53-I53)/M53,"") -> 0.051 | K53: =(F53*(273.15+D53)/273.15)/(M53*N53) -> 7.6839923 | L53: MU1 | M53: =VLOOKUP(L53,allgemein!$B$3:$C$13,2,FALSE) -> 1 | N53: 40 | Q53: 4 Tg später/ kalt
H54: 1.9 | I54: 1.85 | J54: =IF(M54<>"",(H54-I54)/M54,"") -> 0.05 | K54: =(F54*(273.15+D54)/273.15)/(M54*N54) -> 0 | L54: MU1 | M54: =VLOOKUP(L54,allgemein!$B$3:$C$13,2,FALSE) -> 1 | N54: 40
H55: 1.865 | I55: 1.848 | J55: =IF(M55<>"",(H55-I55)/M55,"") -> 0.017 | K55: =(F55*(273.15+D55)/273.15)/(M55*N55) -> 0 | L55: MU1 | M55: =VLOOKUP(L55,allgemein!$B$3:$C$13,2,FALSE) -> 1 | N55: 40 | Q55: Vlies mit 2T verpresst
D56: 22.9 | E56: 0 | F56: 285 | H56: 1.86 | I56: 1.844 | J56: =IF(M56<>"",(H56-I56)/M56,"") -> 0.016 | K56: =(F56*(273.15+D56)/273.15)/(M56*N56) -> 7.7223366 | L56: MU1 | M56: =VLOOKUP(L56,allgemein!$B$3:$C$13,2,FALSE) -> 1 | N56: 40
B57: 18G-0025Z | C57: " | D57: 26.5 | E57: 0.1 | F57: 284 | H57: 1.84 | I57: 1.819 | J57: =IF(M57<>"",(H57-I57)/M57,"") -> 0.021 | K57: =(F57*(273.15+D57)/273.15)/(M57*N57) -> 7.7888157 | L57: MU1 | M57: =VLOOKUP(L57,allgemein!$B$3:$C$13,2,FALSE) -> 1 | N57: 40 | O57: " | P57: B-09 2 23
B58: 18G-0026Z | C58: FA704170 | D58: 26.3 | E58: 0 | F58: 285 | H58: 1.884 | I58: 1.824 | J58: =IF(M58<>"",(H58-I58)/M58,"") -> 0.06 | K58: =(F58*(273.15+D58)/273.15)/(M58*N58) -> 7.8110242 | L58: MU1 | M58: =VLOOKUP(L58,allgemein!$B$3:$C$13,2,FALSE) -> 1 | N58: 40 | O58: " | P58: B-09 2 24
H59: 1.925 | I59: 1.823 | J59: =IF(M59<>"",(H59-I59)/M59,"") -> 0.102 | K59: =(F59*(273.15+D59)/273.15)/(M59*N59) -> 0 | L59: MU1 | M59: =VLOOKUP(L59,allgemein!$B$3:$C$13,2,FALSE) -> 1 | N59: 40 | Q59: 4 Tg später/ kalt
H60: 1.905 | I60: 1.826 | J60: =IF(M60<>"",(H60-I60)/M60,"") -> 0.079 | K60: =(F60*(273.15+D60)/273.15)/(M60*N60) -> 0 | L60: MU1 | M60: =VLOOKUP(L60,allgemein!$B$3:$C$13,2,FALSE) -> 1 | N60: 40 | Q60: 1.x gel.;angez.
H61: 1.874 | I61: 1.823 | J61: =IF(M61<>"",(H61-I61)/M61,"") -> 0.051 | K61: =(F61*(273.15+D61)/273.15)/(M61*N61) -> 0 | L61: MU1 | M61: =VLOOKUP(L61,allgemein!$B$3:$C$13,2,FALSE) -> 1 | N61: 40 | Q61: 2.x gel.;angez.
H62: 1.872 | I62: 1.823 | J62: =IF(M62<>"",(H62-I62)/M62,"") -> 0.049 | K62: =(F62*(273.15+D62)/273.15)/(M62*N62) -> 0 | L62: MU1 | M62: =VLOOKUP(L62,allgemein!$B$3:$C$13,2,FALSE) -> 1 | N62: 40 | Q62: 3.x gel.;angez.
H63: 1.846 | I63: 1.826 | J63: =IF(M63<>"",(H63-I63)/M63,"") -> 0.02 | K63: =(F63*(273.15+D63)/273.15)/(M63*N63) -> 0 | L63: MU1 | M63: =VLOOKUP(L63,allgemein!$B$3:$C$13,2,FALSE) -> 1 | N63: 40 | Q63: FP gew./4.x gel.;angez.
D64: 26.1 | E64: 0.3 | F64: 284 | H64: 1.85 | I64: 1.83 | J64: =IF(M64<>"",(H64-I64)/M64,"") -> 0.02 | K64: =(F64*(273.15+D64)/273.15)/(M64*N64) -> 7.7784185 | L64: MU1 | M64: =VLOOKUP(L64,allgemein!$B$3:$C$13,2,FALSE) -> 1 | N64: 40 | Q64: 5.x gel./angez.
B65: 18G-0027Z | C65: " | D65: 27.1 | E65: 0.1 | F65: 285 | H65: 1.89 | I65: 1.829 | J65: =IF(M65<>"",(H65-I65)/M65,"") -> 0.061 | K65: =(F65*(273.15+D65)/273.15)/(M65*N65) -> 7.8318918 | L65: MU1 | M65: =VLOOKUP(L65,allgemein!$B$3:$C$13,2,FALSE) -> 1 | N65: 40 | O65: " | P65: B-09 2 45
H66: 1.882 | I66: 1.823 | J66: =IF(M66<>"",(H66-I66)/M66,"") -> 0.059 | K66: =(F66*(273.15+D66)/273.15)/(M66*N66) -> 0 | L66: MU1 | M66: =VLOOKUP(L66,allgemein!$B$3:$C$13,2,FALSE) -> 1 | N66: 40
H67: 1.939 | I67: 1.832 | J67: =IF(M67<>"",(H67-I67)/M67,"") -> 0.107 | K67: =(F67*(273.15+D67)/273.15)/(M67*N67) -> 0 | L67: MU1 | M67: =VLOOKUP(L67,allgemein!$B$3:$C$13,2,FALSE) -> 1 | N67: 40 | Q67: 4 Tg später/ kalt
H68: 1.904 | I68: 1.842 | J68: =IF(M68<>"",(H68-I68)/M68,"") -> 0.062 | K68: =(F68*(273.15+D68)/273.15)/(M68*N68) -> 0 | L68: MU1 | M68: =VLOOKUP(L68,allgemein!$B$3:$C$13,2,FALSE) -> 1 | N68: 40 | Q68: 1.x gel.;angez.
H69: 1.886 | I69: 1.837 | J69: =IF(M69<>"",(H69-I69)/M69,"") -> 0.049 | K69: =(F69*(273.15+D69)/273.15)/(M69*N69) -> 0 | L69: MU1 | M69: =VLOOKUP(L69,allgemein!$B$3:$C$13,2,FALSE) -> 1 | N69: 40 | Q69: 2.x gel.;angez.
H70: 1.876 | I70: 1.835 | J70: =IF(M70<>"",(H70-I70)/M70,"") -> 0.041 | K70: =(F70*(273.15+D70)/273.15)/(M70*N70) -> 0 | L70: MU1 | M70: =VLOOKUP(L70,allgemein!$B$3:$C$13,2,FALSE) -> 1 | N70: 40 | Q70: 3.x gel.;angez.
H71: 1.864 | I71: 1.834 | J71: =IF(M71<>"",(H71-I71)/M71,"") -> 0.03 | K71: =(F71*(273.15+D71)/273.15)/(M71*N71) -> 0 | L71: MU1 | M71: =VLOOKUP(L71,allgemein!$B$3:$C$13,2,FALSE) -> 1 | N71: 40 | Q71: 4.x gel.;angez.
D72: 26.3 | E72: 0.3 | F72: 284 | H72: 1.854 | I72: 1.836 | J72: =IF(M72<>"",(H72-I72)/M72,"") -> 0.018 | K72: =(F72*(273.15+D72)/273.15)/(M72*N72) -> 7.7836171 | L72: MU1 | M72: =VLOOKUP(L72,allgemein!$B$3:$C$13,2,FALSE) -> 1 | N72: 40 | Q72: FP gew./5.x gel.;angez.
B73: 18G-0028Z | C73: " | D73: 27 | E73: 0 | F73: 285 | H73: 1.852 | I73: 1.826 | J73: =IF(M73<>"",(H73-I73)/M73,"") -> 0.026 | K73: =(F73*(273.15+D73)/273.15)/(M73*N73) -> 7.8292834 | L73: MU1 | M73: =VLOOKUP(L73,allgemein!$B$3:$C$13,2,FALSE) -> 1 | N73: 40 | O73: " | P73: B-09 2 46
D74: 24.5 | E74: 0.1 | F74: 284 | H74: 1.861 | I74: 1.845 | J74: =IF(M74<>"",(H74-I74)/M74,"") -> 0.016 | K74: =(F74*(273.15+D74)/273.15)/(M74*N74) -> 7.7368296 | L74: MU1 | M74: =VLOOKUP(L74,allgemein!$B$3:$C$13,2,FALSE) -> 1 | N74: 40 | Q74: Vlies mit 2T verpresst
B75: 18G-0029Z | C75: " | D75: 26.7 | E75: 0 | F75: 285 | H75: 1.897 | I75: 1.831 | J75: =IF(M75<>"",(H75-I75)/M75,"") -> 0.066 | K75: =(F75*(273.15+D75)/273.15)/(M75*N75) -> 7.821458 | L75: MU1 | M75: =VLOOKUP(L75,allgemein!$B$3:$C$13,2,FALSE) -> 1 | N75: 40 | O75: " | P75: B-09 2 50
D76: 26.1 | E76: 0 | F76: 284 | H76: 1.86 | I76: 1.833 | J76: =IF(M76<>"",(H76-I76)/M76,"") -> 0.027 | K76: =(F76*(273.15+D76)/273.15)/(M76*N76) -> 7.7784185 | L76: MU1 | M76: =VLOOKUP(L76,allgemein!$B$3:$C$13,2,FALSE) -> 1 | N76: 40 | R76: Mem. entfernt, wieder plaziert
D77: 26.9 | E77: 0.2 | F77: 284 | H77: 1.849 | I77: 1.818 | J77: =IF(M77<>"",(H77-I77)/M77,"") -> 0.031 | K77: =(F77*(273.15+D77)/273.15)/(M77*N77) -> 7.7992129 | L77: MU1 | M77: =VLOOKUP(L77,allgemein!$B$3:$C$13,2,FALSE) -> 1 | N77: 40 | Q77: 4 Tg später/ kalt
D78: 26.8 | E78: 0.2 | F78: 284 | H78: 1.853 | I78: 1.824 | J78: =IF(M78<>"",(H78-I78)/M78,"") -> 0.029 | K78: =(F78*(273.15+D78)/273.15)/(M78*N78) -> 7.7966136 | L78: MU1 | M78: =VLOOKUP(L78,allgemein!$B$3:$C$13,2,FALSE) -> 1 | N78: 40 | Q78: 1.x gel.;angez.
D79: 26.5 | E79: 0.2 | F79: 284 | H79: 1.85 | I79: 1.83 | J79: =IF(M79<>"",(H79-I79)/M79,"") -> 0.02 | K79: =(F79*(273.15+D79)/273.15)/(M79*N79) -> 7.7888157 | L79: MU1 | M79: =VLOOKUP(L79,allgemein!$B$3:$C$13,2,FALSE) -> 1 | N79: 40 | Q79: FP gew./2.x gel.;angez.
D80: 25.6 | E80: 0.1 | F80: 284 | H80: 1.864 | I80: 1.846 | J80: =IF(M80<>"",(H80-I80)/M80,"") -> 0.018 | K80: =(F80*(273.15+D80)/273.15)/(M80*N80) -> 7.7654219 | L80: MU1 | M80: =VLOOKUP(L80,allgemein!$B$3:$C$13,2,FALSE) -> 1 | N80: 40 | Q80: Nachprüfung nach 1 Tg
B81: 18G-0030Z | C81: " | D81: 25.6 | E81: 0 | F81: 284 | H81: 1.901 | I81: 1.841 | J81: =IF(M81<>"",(H81-I81)/M81,"") -> 0.06 | K81: =(F81*(273.15+D81)/273.15)/(M81*N81) -> 7.7654219 | L81: MU1 | M81: =VLOOKUP(L81,allgemein!$B$3:$C$13,2,FALSE) -> 1 | N81: 40 | O81: " | P81: B-09 2 48 | R81: "
D82: 27.6 | E82: 0.2 | F82: 284 | H82: 1.881 | I82: 1.834 | J82: =IF(M82<>"",(H82-I82)/M82,"") -> 0.047 | K82: =(F82*(273.15+D82)/273.15)/(M82*N82) -> 7.817408 | L82: MU1 | M82: =VLOOKUP(L82,allgemein!$B$3:$C$13,2,FALSE) -> 1 | N82: 40 | R82: Mem. entfernt, wieder plaziert
H83: 1.891 | I83: 1.848 | J83: =IF(M83<>"",(H83-I83)/M83,"") -> 0.043 | K83: =(F83*(273.15+D83)/273.15)/(M83*N83) -> 0 | L83: MU1 | M83: =VLOOKUP(L83,allgemein!$B$3:$C$13,2,FALSE) -> 1 | N83: 40
C84: FA703912 | H84: 1.871 | I84: 1.84 | J84: =IF(M84<>"",(H84-I84)/M84,"") -> 0.031 | K84: =(F84*(273.15+D84)/273.15)/(M84*N84) -> 0 | L84: MU1 | M84: =VLOOKUP(L84,allgemein!$B$3:$C$13,2,FALSE) -> 1 | N84: 40
C85: FA704170 | H85: 1.86 | I85: 1.84 | J85: =IF(M85<>"",(H85-I85)/M85,"") -> 0.02 | K85: =(F85*(273.15+D85)/273.15)/(M85*N85) -> 0 | L85: MU1 | M85: =VLOOKUP(L85,allgemein!$B$3:$C$13,2,FALSE) -> 1 | N85: 40
C86: " | D86: 23.3 | E86: 0.3 | F86: 283 | H86: 1.856 | I86: 1.838 | J86: =IF(M86<>"",(H86-I86)/M86,"") -> 0.018 | K86: =(F86*(273.15+D86)/273.15)/(M86*N86) -> 7.6785054 | L86: MU1 | M86: =VLOOKUP(L86,allgemein!$B$3:$C$13,2,FALSE) -> 1 | N86: 40
H87: 1.846 | I87: 1.827 | J87: =IF(M87<>"",(H87-I87)/M87,"") -> 0.019 | K87: =(F87*(273.15+D87)/273.15)/(M87*N87) -> 0 | L87: MU1 | M87: =VLOOKUP(L87,allgemein!$B$3:$C$13,2,FALSE) -> 1 | N87: 40 | Q87: 4 Tg später/ kalt
B88: 18G-0031Z | C88: FA704170 | D88: 25.2 | E88: 0 | F88: 284 | H88: 1.861 | I88: 1.845 | J88: =IF(M88<>"",(H88-I88)/M88,"") -> 0.016 | K88: =(F88*(273.15+D88)/273.15)/(M88*N88) -> 7.7550247 | L88: MU1 | M88: =VLOOKUP(L88,allgemein!$B$3:$C$13,2,FALSE) -> 1 | N88: 40 | O88: " | P88: B-09 2 17
D89: 25.1 | E89: 0 | F89: 285 | H89: 1.857 | I89: 1.84 | J89: =IF(M89<>"",(H89-I89)/M89,"") -> 0.017 | K89: =(F89*(273.15+D89)/273.15)/(M89*N89) -> 7.7797227 | L89: MU1 | M89: =VLOOKUP(L89,allgemein!$B$3:$C$13,2,FALSE) -> 1 | N89: 40 | Q89: Nachprüfung nach 5 Tg
B90: 18G-0032Z | C90: " | D90: 27.5 | E90: 0 | F90: 284 | H90: 1.84 | I90: 1.82 | J90: =IF(M90<>"",(H90-I90)/M90,"") -> 0.02 | K90: =(F90*(273.15+D90)/273.15)/(M90*N90) -> 7.8148087 | L90: MU1 | M90: =VLOOKUP(L90,allgemein!$B$3:$C$13,2,FALSE) -> 1 | N90: 40 | O90: " | P90: B-09 2 34 | Q90: Mem. Variante 3 | R90: Vlies mit 1.8T auf 0.78 verpresst
B91: 18G-0033Z | C91: " | D91: 27.8 | E91: 0.2 | F91: 284 | H91: 1.842 | I91: 1.825 | J91: =IF(M91<>"",(H91-I91)/M91,"") -> 0.017 | K91: =(F91*(273.15+D91)/273.15)/(M91*N91) -> 7.8226066 | L91: MU1 | M91: =VLOOKUP(L91,allgemein!$B$3:$C$13,2,FALSE) -> 1 | N91: 40 | O91: " | P91: B-09 2 56 | Q91: " | R91: Vlies mit 1.8T auf 0.78 verpresst
B92: 18G-0034Z-R | C92: FA703911 | D92: 27.4 | E92: 0 | F92: 285 | H92: 1.874 | I92: 1.861 | J92: =IF(M92<>"",(H92-I92)/M92,"") -> 0.013 | K92: =(F92*(273.15+D92)/273.15)/(M92*N92) -> 7.8397172 | L92: MA_V1 | M92: =VLOOKUP(L92,allgemein!$B$3:$C$13,2,FALSE) -> 1 | N92: 40 | O92: FA704193
B93: 18G-0035Z-R | C93: " | D93: 27.4 | E93: 0.1 | F93: 285 | H93: 1.872 | I93: 1.859 | J93: =IF(M93<>"",(H93-I93)/M93,"") -> 0.013 | K93: =(F93*(273.15+D93)/273.15)/(M93*N93) -> 7.8397172 | L93: MA_V1 | M93: =VLOOKUP(L93,allgemein!$B$3:$C$13,2,FALSE) -> 1 | N93: 40 | O93: "
B94: 18G-0036Z-R | C94: FA703912 | D94: 27.5 | E94: 0.3 | F94: 284 | H94: 1.891 | I94: 1.879 | J94: =IF(M94<>"",(H94-I94)/M94,"") -> 0.012 | K94: =(F94*(273.15+D94)/273.15)/(M94*N94) -> 7.8148087 | L94: MA_V1 | M94: =VLOOKUP(L94,allgemein!$B$3:$C$13,2,FALSE) -> 1 | N94: 40 | O94: "
B95: 18G-0037Z-R | C95: " | D95: 27.5 | E95: 0.3 | F95: 284 | H95: 1.88 | I95: 1.867 | J95: =IF(M95<>"",(H95-I95)/M95,"") -> 0.013 | K95: =(F95*(273.15+D95)/273.15)/(M95*N95) -> 7.8148087 | L95: MA_V1 | M95: =VLOOKUP(L95,allgemein!$B$3:$C$13,2,FALSE) -> 1 | N95: 40 | O95: "
B96: 18G-0038Z-R | C96: " | D96: 27.5 | E96: 0.7 | F96: 282 | H96: 1.882 | I96: 1.874 | J96: =IF(M96<>"",(H96-I96)/M96,"") -> 0.008 | K96: =(F96*(273.15+D96)/273.15)/(M96*N96) -> 7.7597748 | L96: MA_V1 | M96: =VLOOKUP(L96,allgemein!$B$3:$C$13,2,FALSE) -> 1 | N96: 40 | O96: "
B97: 18G-0039Z-R | C97: " | D97: 27.5 | E97: 0.1 | F97: 285 | H97: 1.885 | I97: 1.873 | J97: =IF(M97<>"",(H97-I97)/M97,"") -> 0.012 | K97: =(F97*(273.15+D97)/273.15)/(M97*N97) -> 7.8423256 | L97: MA_V1 | M97: =VLOOKUP(L97,allgemein!$B$3:$C$13,2,FALSE) -> 1 | N97: 40 | O97: "
B98: 18G-0040Z-R | C98: " | D98: 27.7 | E98: 0.1 | F98: 284 | H98: 1.877 | I98: 1.866 | J98: =IF(M98<>"",(H98-I98)/M98,"") -> 0.011 | K98: =(F98*(273.15+D98)/273.15)/(M98*N98) -> 7.8200073 | L98: MA_V1 | M98: =VLOOKUP(L98,allgemein!$B$3:$C$13,2,FALSE) -> 1 | N98: 40 | O98: "
B99: 18G-0041Z | C99: " | D99: 26.4 | E99: 1 | F99: 865 | G99: 1.79 | H99: 7.16 | I99: 7.09 | J99: =IF(M99<>"",(H99-I99)/M99,"") -> 0.0175 | K99: =(F99*(273.15+D99)/273.15)/(M99*N99) -> 7.9050201 | L99: MU4 | M99: =VLOOKUP(L99,allgemein!$B$3:$C$13,2,FALSE) -> 4 | N99: 30 | O99: FA704101 | Q99: 30A/ max cell voltage von 7 auf 9
C100: " | G100: 1.783
C101: " | G101: 1.785
C102: " | G102: 1.8
B103: 18G-0041Z | C103: " | D103: 29.1 | E103: 1.5 | F103: 860 | G103: 1.774 | H103: 7.1 | I103: 7.03 | J103: =IF(M103<>"",(H103-I103)/M103,"") -> 0.0175 | K103: =(F103*(273.15+D103)/273.15)/(M103*N103) -> 7.9301666 | L103: MU4 | M103: =VLOOKUP(L103,allgemein!$B$3:$C$13,2,FALSE) -> 4 | N103: 30 | O103: " | Q103: 30A/ max cell voltage von 7 auf 9
C104: " | G104: 1.771
C105: " | G105: 1.771
C106: " | G106: 1.78
B107: 18G-0042Z | C107: " | D107: 26 | E107: 0.6 | F107: 870 | G107: 1.812 | H107: 7.2 | I107: 7.12 | J107: =IF(M107<>"",(H107-I107)/M107,"") -> 0.02 | K107: =(F107*(273.15+D107)/273.15)/(M107*N107) -> 7.940097 | L107: MU4 | M107: =VLOOKUP(L107,allgemein!$B$3:$C$13,2,FALSE) -> 4 | N107: 30 | O107: " | Q107: 30A/ max cell voltage von 7 auf 9
...

Sheet Aug
B3: Cell # | C3: Membran # ¦ Batch FA | D3: Temp Gas / [°C] | E3: Temp Kat T1-T2 / [°C] | F3: Gasfluss / [sccm / min] | G3: Membrane V @ 13 bar/[V] | H3: Cell V @ 13 bar/[V] | I3: Cell V @ 0 bar [V] | J3: Voltage Diff. / [V] | K3: H2 Prod / [nmL/A] | L3: Typ | M3: Anzahl Layer | N3: Strom / [A] | O3: FA # | P3: Elektrode | R3: Bemerkungen | S3: Visum | T3: Jahr: | U3: 2018
B4: 18H-0001Z | C4: 704268 | D4: 27.4 | E4: 0 | F4: 178 | H4: 1.869 | I4: 1.851 | J4: =IF(M4<>"",(H4-I4)/M4,"") -> 0.018 | K4: =(F4*(273.15+D4)/273.15)/(M4*N4) -> 7.8342156 | L4: MI_V3 | M4: =VLOOKUP(L4,allgemein!$B$3:$C$13,2,FALSE) -> 1 | N4: 25 | O4: FA704065 | Q4: Besprüh. Varante3
B5: 18H-0002Z | C5: " | D5: 27.4 | E5: 0.1 | F5: 177 | H5: 1.854 | I5: 1.839 | J5: =IF(M5<>"",(H5-I5)/M5,"") -> 0.015 | K5: =(F5*(273.15+D5)/273.15)/(M5*N5) -> 7.7902032 | L5: MI_V3 | M5: =VLOOKUP(L5,allgemein!$B$3:$C$13,2,FALSE) -> 1 | N5: 25 | O5: " | Q5: "
B6: 18H-0003Z | C6: " | D6: 27.4 | E6: 0.1 | F6: 178 | H6: 1.848 | I6: 1.832 | J6: =IF(M6<>"",(H6-I6)/M6,"") -> 0.016 | K6: =(F6*(273.15+D6)/273.15)/(M6*N6) -> 7.8342156 | L6: MI_V3 | M6: =VLOOKUP(L6,allgemein!$B$3:$C$13,2,FALSE) -> 1 | N6: 25 | O6: " | Q6: "
B7: 18H-0004Z | C7: 702777 | D7: 27.4 | E7: 0.3 | F7: 178 | H7: 1.88 | I7: 1.868 | J7: =IF(M7<>"",(H7-I7)/M7,"") -> 0.012 | K7: =(F7*(273.15+D7)/273.15)/(M7*N7) -> 7.8342156 | L7: MI_V3 | M7: =VLOOKUP(L7,allgemein!$B$3:$C$13,2,FALSE) -> 1 | N7: 25 | O7: "
B8: 18H-0005Z | C8: " | D8: 27.4 | E8: 0.2 | F8: 178 | H8: 1.884 | I8: 1.869 | J8: =IF(M8<>"",(H8-I8)/M8,"") -> 0.015 | K8: =(F8*(273.15+D8)/273.15)/(M8*N8) -> 7.8342156 | L8: MI_V3 | M8: =VLOOKUP(L8,allgemein!$B$3:$C$13,2,FALSE) -> 1 | N8: 25 | O8: "
B9: 18H-0006Z | C9: " | D9: 27.4 | E9: 0.2 | F9: 177 | H9: 1.89 | I9: 1.877 | J9: =IF(M9<>"",(H9-I9)/M9,"") -> 0.013 | K9: =(F9*(273.15+D9)/273.15)/(M9*N9) -> 7.7902032 | L9: MI_V3 | M9: =VLOOKUP(L9,allgemein!$B$3:$C$13,2,FALSE) -> 1 | N9: 25 | O9: FA702368
B10: 18H-0007Z | C10: " | D10: 27.4 | E10: 0.1 | F10: 177 | H10: 1.885 | I10: 1.869 | J10: =IF(M10<>"",(H10-I10)/M10,"") -> 0.016 | K10: =(F10*(273.15+D10)/273.15)/(M10*N10) -> 7.7902032 | L10: MI_V3 | M10: =VLOOKUP(L10,allgemein!$B$3:$C$13,2,FALSE) -> 1 | N10: 25 | O10: "
B11: 18H-0008Z | C11: " | D11: 27.2 | E11: 0.1 | F11: 177 | H11: 1.888 | I11: 1.875 | J11: =IF(M11<>"",(H11-I11)/M11,"") -> 0.013 | K11: =(F11*(273.15+D11)/273.15)/(M11*N11) -> 7.7850192 | L11: MI_V3 | M11: =VLOOKUP(L11,allgemein!$B$3:$C$13,2,FALSE) -> 1 | N11: 25 | O11: "
B12: 18H-0009Z | C12: " | D12: 27 | E12: 0.2 | F12: 178 | H12: 1.885 | I12: 1.873 | J12: =IF(M12<>"",(H12-I12)/M12,"") -> 0.012 | K12: =(F12*(273.15+D12)/273.15)/(M12*N12) -> 7.8237891 | L12: MI_V3 | M12: =VLOOKUP(L12,allgemein!$B$3:$C$13,2,FALSE) -> 1 | N12: 25 | O12: "
B13: 18H-0010Z | C13: 702778 | D13: 26.9 | E13: 0.1 | F13: 178 | H13: 1.858 | I13: 1.845 | J13: =IF(M13<>"",(H13-I13)/M13,"") -> 0.013 | K13: =(F13*(273.15+D13)/273.15)/(M13*N13) -> 7.8211825 | L13: MI_V3 | M13: =VLOOKUP(L13,allgemein!$B$3:$C$13,2,FALSE) -> 1 | N13: 25 | O13: "
B14: 18H-0011Z | C14: " | D14: 26.8 | E14: 0.1 | F14: 178 | H14: 1.866 | I14: 1.853 | J14: =IF(M14<>"",(H14-I14)/M14,"") -> 0.013 | K14: =(F14*(273.15+D14)/273.15)/(M14*N14) -> 7.8185759 | L14: MI_V3 | M14: =VLOOKUP(L14,allgemein!$B$3:$C$13,2,FALSE) -> 1 | N14: 25 | O14: "
B15: 18H-0012Z | C15: " | D15: 26.7 | E15: 0.1 | F15: 178 | H15: 1.866 | I15: 1.85 | J15: =IF(M15<>"",(H15-I15)/M15,"") -> 0.016 | K15: =(F15*(273.15+D15)/273.15)/(M15*N15) -> 7.8159692 | L15: MI_V3 | M15: =VLOOKUP(L15,allgemein!$B$3:$C$13,2,FALSE) -> 1 | N15: 25 | O15: "
B16: 18H-0013Z | C16: " | D16: 26.8 | E16: 0.1 | F16: 177 | H16: 1.875 | I16: 1.859 | J16: =IF(M16<>"",(H16-I16)/M16,"") -> 0.016 | K16: =(F16*(273.15+D16)/273.15)/(M16*N16) -> 7.7746513 | L16: MI_V3 | M16: =VLOOKUP(L16,allgemein!$B$3:$C$13,2,FALSE) -> 1 | N16: 25 | O16: "
B17: 18H-0014Z | C17: " | D17: 26.7 | E17: 0 | F17: 178 | H17: 1.867 | I17: 1.85 | J17: =IF(M17<>"",(H17-I17)/M17,"") -> 0.017 | K17: =(F17*(273.15+D17)/273.15)/(M17*N17) -> 7.8159692 | L17: MI_V3 | M17: =VLOOKUP(L17,allgemein!$B$3:$C$13,2,FALSE) -> 1 | N17: 25 | O17: "
B18: 18H-0015Z | C18: " | D18: 26.7 | E18: 0 | F18: 177 | H18: 1.882 | I18: 1.868 | J18: =IF(M18<>"",(H18-I18)/M18,"") -> 0.014 | K18: =(F18*(273.15+D18)/273.15)/(M18*N18) -> 7.7720593 | L18: MI_V3 | M18: =VLOOKUP(L18,allgemein!$B$3:$C$13,2,FALSE) -> 1 | N18: 25 | O18: "
B19: 18H-0016Z | C19: " | D19: 26.5 | E19: 0 | F19: 177 | H19: 1.874 | I19: 1.863 | J19: =IF(M19<>"",(H19-I19)/M19,"") -> 0.011 | K19: =(F19*(273.15+D19)/273.15)/(M19*N19) -> 7.7668753 | L19: MI_V3 | M19: =VLOOKUP(L19,allgemein!$B$3:$C$13,2,FALSE) -> 1 | N19: 25 | O19: "
B20: 18H-0017Z | C20: " | D20: 27.1 | E20: 0.2 | F20: 178 | H20: 1.88 | I20: 1.867 | J20: =IF(M20<>"",(H20-I20)/M20,"") -> 0.013 | K20: =(F20*(273.15+D20)/273.15)/(M20*N20) -> 7.8263958 | L20: MI_V3 | M20: =VLOOKUP(L20,allgemein!$B$3:$C$13,2,FALSE) -> 1 | N20: 25 | O20: "
B21: 18H-0018Z | C21: " | D21: 27.1 | E21: 0.2 | F21: 177 | H21: 1.869 | I21: 1.854 | J21: =IF(M21<>"",(H21-I21)/M21,"") -> 0.015 | K21: =(F21*(273.15+D21)/273.15)/(M21*N21) -> 7.7824272 | L21: MI_V3 | M21: =VLOOKUP(L21,allgemein!$B$3:$C$13,2,FALSE) -> 1 | N21: 25 | O21: "
B22: 18H-0019Z | C22: " | D22: 27 | E22: 0.2 | F22: 177 | H22: 1.86 | I22: 1.847 | J22: =IF(M22<>"",(H22-I22)/M22,"") -> 0.013 | K22: =(F22*(273.15+D22)/273.15)/(M22*N22) -> 7.7798353 | L22: MI_V3 | M22: =VLOOKUP(L22,allgemein!$B$3:$C$13,2,FALSE) -> 1 | N22: 25 | O22: "
B23: 18H-0020Z | C23: " | D23: 27 | E23: 0.6 | F23: 177 | H23: 1.868 | I23: 1.857 | J23: =IF(M23<>"",(H23-I23)/M23,"") -> 0.011 | K23: =(F23*(273.15+D23)/273.15)/(M23*N23) -> 7.7798353 | L23: MI_V3 | M23: =VLOOKUP(L23,allgemein!$B$3:$C$13,2,FALSE) -> 1 | N23: 25 | O23: "
B24: 18H-0021Z | C24: " | D24: 27 | E24: 0.1 | F24: 178 | H24: 1.866 | I24: 1.85 | J24: =IF(M24<>"",(H24-I24)/M24,"") -> 0.016 | K24: =(F24*(273.15+D24)/273.15)/(M24*N24) -> 7.8237891 | L24: MI_V3 | M24: =VLOOKUP(L24,allgemein!$B$3:$C$13,2,FALSE) -> 1 | N24: 25 | O24: "
B25: 18H-0022Z | C25: " | D25: 27 | E25: 0.1 | F25: 177 | H25: 1.872 | I25: 1.858 | J25: =IF(M25<>"",(H25-I25)/M25,"") -> 0.014 | K25: =(F25*(273.15+D25)/273.15)/(M25*N25) -> 7.7798353 | L25: MI_V3 | M25: =VLOOKUP(L25,allgemein!$B$3:$C$13,2,FALSE) -> 1 | N25: 25 | O25: "
... B30: 18H-0027Z | C30: " | D30: 25.6 | E30: 0.2 | F30: 177 | H30: 1.874 | I30: 1.862 | J30: =IF(M30<>"",(H30-I30)/M30,"") -> 0.012 | K30: =(F30*(273.15+D30)/273.15)/(M30*N30) -> 7.7435475 | L30: MI_V3 | M30: =VLOOKUP(L30,allgemein!$B$3:$C$13,2,FALSE) -> 1 | N30: 25 | O30: "
B31: 18H-0028Z | C31: 703430 | D31: 25.5 | E31: 0.1 | F31: 176 | H31: 1.856 | I31: 1.844 | J31: =IF(M31<>"",(H31-I31)/M31,"") -> 0.012 | K31: =(F31*(273.15+D31)/273.15)/(M31*N31) -> 7.6972213 | L31: MI_V3 | M31: =VLOOKUP(L31,allgemein!$B$3:$C$13,2,FALSE) -> 1 | N31: 25 | O31: "
B32: 18H-0029Z | C32: " | D32: 24.9 | E32: 0.3 | F32: 177 | H32: 1.86 | I32: 1.848 | J32: =IF(M32<>"",(H32-I32)/M32,"") -> 0.012 | K32: =(F32*(273.15+D32)/273.15)/(M32*N32) -> 7.7254036 | L32: MI_V3 | M32: =VLOOKUP(L32,allgemein!$B$3:$C$13,2,FALSE) -> 1 | N32: 25 | O32: "
B33: 18H-0030Z | C33: " | D33: 25.1 | E33: 0.3 | F33: 177 | H33: 1.871 | I33: 1.861 | J33: =IF(M33<>"",(H33-I33)/M33,"") -> 0.01 | K33: =(F33*(273.15+D33)/273.15)/(M33*N33) -> 7.7305876 | L33: MI_V3 | M33: =VLOOKUP(L33,allgemein!$B$3:$C$13,2,FALSE) -> 1 | N33: 25 | O33: "
B34: 18H-0031Z | C34: " | D34: 25.2 | E34: 0.1 | F34: 177 | H34: 1.864 | I34: 1.852 | J34: =IF(M34<>"",(H34-I34)/M34,"") -> 0.012 | K34: =(F34*(273.15+D34)/273.15)/(M34*N34) -> 7.7331796 | L34: MI_V3 | M34: =VLOOKUP(L34,allgemein!$B$3:$C$13,2,FALSE) -> 1 | N34: 25 | O34: "
B35: 18H-0032Z | C35: " | D35: 25.1 | E35: 0.4 | F35: 177 | H35: 1.861 | I35: 1.852 | J35: =IF(M35<>"",(H35-I35)/M35,"") -> 0.009 | K35: =(F35*(273.15+D35)/273.15)/(M35*N35) -> 7.7305876 | L35: MI_V3 | M35: =VLOOKUP(L35,allgemein!$B$3:$C$13,2,FALSE) -> 1 | N35: 25 | O35: "
B36: 18H-0033Z-R | C36: 703947 | D36: 26.4 | E36: 0.3 | F36: 284 | H36: 1.886 | I36: 1.876 | J36: =IF(M36<>"",(H36-I36)/M36,"") -> 0.01 | K36: =(F36*(273.15+D36)/273.15)/(M36*N36) -> 7.7862164 | L36: MA_V1 | M36: =VLOOKUP(L36,allgemein!$B$3:$C$13,2,FALSE) -> 1 | N36: 40 | O36: FA704467
B37: 18H-0034Z-R | C37: " | D37: 25.9 | E37: 0.3 | F37: 286 | H37: 1.902 | I37: 1.891 | J37: =IF(M37<>"",(H37-I37)/M37,"") -> 0.011 | K37: =(F37*(273.15+D37)/273.15)/(M37*N37) -> 7.8279608 | L37: MA_V1 | M37: =VLOOKUP(L37,allgemein!$B$3:$C$13,2,FALSE) -> 1 | N37: 40 | O37: "
B38: 18H-0035Z | C38: 704158 | D38: 27.5 | E38: 0.3 | F38: 569 | G38: 1.825 | H38: 3.671 | I38: 3.648 | J38: =IF(M38<>"",(H38-I38)/M38,"") -> 0.0115 | K38: =(F38*(273.15+D38)/273.15)/(M38*N38) -> 7.8285672 | L38: MU2 | M38: =VLOOKUP(L38,allgemein!$B$3:$C$13,2,FALSE) -> 2 | N38: 40 | O38: FA702163 | P38: B-09 2 18 | Q38: Mem. 1x besprüht
C39: 703947 | G39: 1.846 | O39: " | P39: B-07-106 | Q39: Mem. kleines Punktloch
B40: 18H-0036Z | C40: 704170 | D40: 27.4 | E40: 0.1 | F40: 572 | G40: 1.835 | H40: 3.665 | I40: 3.634 | J40: =IF(M40<>"",(H40-I40)/M40,"") -> 0.0155 | K40: =(F40*(273.15+D40)/273.15)/(M40*N40) -> 7.867225 | L40: MU2 | M40: =VLOOKUP(L40,allgemein!$B$3:$C$13,2,FALSE) -> 2 | N40: 40 | O40: " | P40: B-09 2 22 | Q40: Mem. 3x besprüht | R40: könnte zu wenig NafionLösung
C41: " | G41: 1.83 | O41: " | P41: B-07-107 | Q41: Multi | R41: "
B42: 18H-0037Z | C42: " | D42: 27.4 | E42: 0.1 | F42: 571 | G42: 1.83 | H42: 3.659 | I42: 3.632 | J42: =IF(M42<>"",(H42-I42)/M42,"") -> 0.0135 | K42: =(F42*(273.15+D42)/273.15)/(M42*N42) -> 7.8534711 | L42: MU2 | M42: =VLOOKUP(L42,allgemein!$B$3:$C$13,2,FALSE) -> 2 | N42: 40 | O42: " | P42: B-09 2 25 | R42: "
C43: " | G43: 1.829 | O43: " | P43: B-07-110 | R43: leicht transparent am Rand
B44: 18H-0038Z | C44: " | D44: 27.1 | E44: 0 | F44: 571 | G44: 1.834 | H44: 3.666 | I44: 3.634 | J44: =IF(M44<>"",(H44-I44)/M44,"") -> 0.016 | K44: =(F44*(273.15+D44)/273.15)/(M44*N44) -> 7.845632 | L44: MU2 | M44: =VLOOKUP(L44,allgemein!$B$3:$C$13,2,FALSE) -> 2 | N44: 40 | O44: " | P44: B-09 2 57
C45: " | G45: 1.832 | O45: " | P45: B-07-überarb.
B46: 18H-0039Z | C46: 703430 | D46: 26.4 | E46: 0.2 | F46: 178 | H46: 1.868 | I46: 1.85 | J46: =IF(M46<>"",(H46-I46)/M46,"") -> 0.018 | K46: =(F46*(273.15+D46)/273.15)/(M46*N46) -> 7.8081494 | L46: MI_V3 | M46: =VLOOKUP(L46,allgemein!$B$3:$C$13,2,FALSE) -> 1 | N46: 25 | O46: "
B47: 18H-0040Z | C47: " | D47: 26.5 | E47: 0.6 | F47: 177 | H47: 1.858 | I47: 1.848 | J47: =IF(M47<>"",(H47-I47)/M47,"") -> 0.01 | K47: =(F47*(273.15+D47)/273.15)/(M47*N47) -> 7.7668753 | L47: MI_V3 | M47: =VLOOKUP(L47,allgemein!$B$3:$C$13,2,FALSE) -> 1 | N47: 25 | O47: "
B48: 18H-0041Z | C48: " | D48: 26.4 | E48: 0.1 | F48: 178 | H48: 1.852 | I48: 1.839 | J48: =IF(M48<>"",(H48-I48)/M48,"") -> 0.013 | K48: =(F48*(273.15+D48)/273.15)/(M48*N48) -> 7.8081494 | L48: MI_V3 | M48: =VLOOKUP(L48,allgemein!$B$3:$C$13,2,FALSE) -> 1 | N48: 25 | O48: "
B49: 18H-0042Z | C49: " | D49: 26.2 | E49: 0.6 | F49: 177 | H49: 1.858 | I49: 1.849 | J49: =IF(M49<>"",(H49-I49)/M49,"") -> 0.009 | K49: =(F49*(273.15+D49)/273.15)/(M49*N49) -> 7.7590994 | L49: MI_V3 | M49: =VLOOKUP(L49,allgemein!$B$3:$C$13,2,FALSE) -> 1 | N49: 25 | O49: "
B50: 18H-0043Z | C50: " | D50: 26.4 | E50: 0.4 | F50: 177 | H50: 1.872 | I50: 1.86 | J50: =IF(M50<>"",(H50-I50)/M50,"") -> 0.012 | K50: =(F50*(273.15+D50)/273.15)/(M50*N50) -> 7.7642834 | L50: MI_V3 | M50: =VLOOKUP(L50,allgemein!$B$3:$C$13,2,FALSE) -> 1 | N50: 25 | O50: "
B51: 18H-0044Z | C51: " | D51: 26.8 | E51: 0.4 | F51: 177 | H51: 1.863 | I51: 1.849 | J51: =IF(M51<>"",(H51-I51)/M51,"") -> 0.014 | K51: =(F51*(273.15+D51)/273.15)/(M51*N51) -> 7.7746513 | L51: MI_V3 | M51: =VLOOKUP(L51,allgemein!$B$3:$C$13,2,FALSE) -> 1 | N51: 25 | O51: "
B52: 18H-0045Z | C52: " | D52: 27.4 | E52: 0 | F52: 177 | H52: 1.855 | I52: 1.842 | J52: =IF(M52<>"",(H52-I52)/M52,"") -> 0.013 | K52: =(F52*(273.15+D52)/273.15)/(M52*N52) -> 7.7902032 | L52: MI_V3 | M52: =VLOOKUP(L52,allgemein!$B$3:$C$13,2,FALSE) -> 1 | N52: 25 | O52: "
B53: 18H-0046Z | C53: " | D53: 27.2 | E53: 0.4 | F53: 177 | H53: 1.874 | I53: 1.865 | J53: =IF(M53<>"",(H53-I53)/M53,"") -> 0.009 | K53: =(F53*(273.15+D53)/273.15)/(M53*N53) -> 7.7850192 | L53: MI_V3 | M53: =VLOOKUP(L53,allgemein!$B$3:$C$13,2,FALSE) -> 1 | N53: 25 | O53: " | Q53: Mem. Rand weniger dicht beschichtet
B54: 18H-0047Z | C54: 704464 | D54: 30.5 | E54: 0.1 | F54: 850 | G54: 1.791 | H54: 5.408 | I54: 5.365 | J54: =IF(M54<>"",(H54-I54)/M54,"") -> 0.014333333 | K54: =(F54*(273.15+D54)/273.15)/(M54*N54) -> 7.8742602 | L54: MU3 | M54: =VLOOKUP(L54,allgemein!$B$3:$C$13,2,FALSE) -> 3 | N54: 40 | O54: FA702164
C55: " | G55: 1.805
C56: " | G56: 1.812
B57: 18H-0048Z | C57: " | D57: 29.3 | E57: 0 | F57: 849 | G57: 1.788 | H57: 5.368 | I57: 5.314 | J57: =IF(M57<>"",(H57-I57)/M57,"") -> 0.018 | K57: =(F57*(273.15+D57)/273.15)/(M57*N57) -> 7.8339145 | L57: MU3 | M57: =VLOOKUP(L57,allgemein!$B$3:$C$13,2,FALSE) -> 3 | N57: 40 | O57: "
C58: " | G58: 1.79
C59: " | G59: 1.79
B60: 18H-0049Z | C60: " | D60: 29 | E60: 0.1 | F60: 851 | G60: 1.797 | H60: 5.378 | I60: 5.324 | J60: =IF(M60<>"",(H60-I60)/M60,"") -> 0.018 | K60: =(F60*(273.15+D60)/273.15)/(M60*N60) -> 7.8445802 | L60: MU3 | M60: =VLOOKUP(L60,allgemein!$B$3:$C$13,2,FALSE) -> 3 | N60: 40 | O60: " | P60: 10009-EB42024-20668-16205; 2
C61: " | G61: 1.789
C62: " | G62: 1.792
B63: 18H-0050Z-R | C63: 704158 | D63: 27 | E63: 0 | F63: 277 | H63: 1.908 | I63: 1.895 | J63: =IF(M63<>"",(H63-I63)/M63,"") -> 0.013 | K63: =(F63*(273.15+D63)/273.15)/(M63*N63) -> 7.609514 | L63: SP-H2 | M63: =VLOOKUP(L63,allgemein!$B$3:$C$13,2,FALSE) -> 1 | N63: 40 | O63: FA704538
B64: 18H-0051Z-R | C64: 704464 | D64: 27.3 | E64: 0.1 | F64: 276 | H64: 1.902 | I64: 1.892 | J64: =IF(M64<>"",(H64-I64)/M64,"") -> 0.01 | K64: =(F64*(273.15+D64)/273.15)/(M64*N64) -> 7.5896211 | L64: SP-H2 | M64: =VLOOKUP(L64,allgemein!$B$3:$C$13,2,FALSE) -> 1 | N64: 40 | O64: "
B65: 18H-0052Z-R | C65: " | D65: 27.2 | E65: 0.4 | F65: 276 | H65: 1.927 | I65: 1.918 | J65: =IF(M65<>"",(H65-I65)/M65,"") -> 0.009 | K65: =(F65*(273.15+D65)/273.15)/(M65*N65) -> 7.587095 | L65: SP-H2 | M65: =VLOOKUP(L65,allgemein!$B$3:$C$13,2,FALSE) -> 1 | N65: 40 | O65: "
B66: 18H-0053Z-R | C66: " | D66: 26.8 | E66: 0.1 | F66: 276 | H66: 1.915 | I66: 1.904 | J66: =IF(M66<>"",(H66-I66)/M66,"") -> 0.011 | K66: =(F66*(273.15+D66)/273.15)/(M66*N66) -> 7.5769907 | L66: SP-H2 | M66: =VLOOKUP(L66,allgemein!$B$3:$C$13,2,FALSE) -> 1 | N66: 40 | O66: "
B67: 18H-0054Z-R | C67: " | D67: 26.2 | E67: 0.1 | F67: 274 | H67: 1.917 | I67: 1.908 | J67: =IF(M67<>"",(H67-I67)/M67,"") -> 0.009 | K67: =(F67*(273.15+D67)/273.15)/(M67*N67) -> 7.5070383 | L67: SP-H2 | M67: =VLOOKUP(L67,allgemein!$B$3:$C$13,2,FALSE) -> 1 | N67: 40 | O67: " | Q67: 274 ccm/min tolerierbar Abspr. mit HS
B68: 18H-0055Z-R | C68: " | D68: 27 | E68: 0.5 | F68: 277 | H68: 1.901 | I68: 1.891 | J68: =IF(M68<>"",(H68-I68)/M68,"") -> 0.01 | K68: =(F68*(273.15+D68)/273.15)/(M68*N68) -> 7.609514 | L68: SP-H2 | M68: =VLOOKUP(L68,allgemein!$B$3:$C$13,2,FALSE) -> 1 | N68: 40 | O68: "
B69: 18H-0056Z-R | C69: " | D69: 27.1 | E69: 0.5 | F69: 277 | H69: 1.899 | I69: 1.889 | J69: =IF(M69<>"",(H69-I69)/M69,"") -> 0.01 | K69: =(F69*(273.15+D69)/273.15)/(M69*N69) -> 7.6120492 | L69: SP-H2 | M69: =VLOOKUP(L69,allgemein!$B$3:$C$13,2,FALSE) -> 1 | N69: 40 | O69: "
B70: 18H-0057Z-R | C70: " | D70: 27.1 | E70: 0.5 | F70: 276 | H70: 1.913 | I70: 1.902 | J70: =IF(M70<>"",(H70-I70)/M70,"") -> 0.011 | K70: =(F70*(273.15+D70)/273.15)/(M70*N70) -> 7.5845689 | L70: SP-H2 | M70: =VLOOKUP(L70,allgemein!$B$3:$C$13,2,FALSE) -> 1 | N70: 40 | O70: "
B71: 18H-0058Z-R | C71: " | D71: 27.1 | E71: 0.4 | F71: 277 | H71: 1.92 | I71: 1.91 | J71: =IF(M71<>"",(H71-I71)/M71,"") -> 0.01 | K71: =(F71*(273.15+D71)/273.15)/(M71*N71) -> 7.6120492 | L71: SP-H2 | M71: =VLOOKUP(L71,allgemein!$B$3:$C$13,2,FALSE) -> 1 | N71: 40 | O71: "
B72: 18H-0059Z-R | C72: " | D72: 27.1 | E72: 0.4 | F72: 277 | H72: 1.918 | I72: 1.907 | J72: =IF(M72<>"",(H72-I72)/M72,"") -> 0.011 | K72: =(F72*(273.15+D72)/273.15)/(M72*N72) -> 7.6120492 | L72: SP-H2 | M72: =VLOOKUP(L72,allgemein!$B$3:$C$13,2,FALSE) -> 1 | N72: 40 | O72: "
B74: Reparaturen
B75: 17H-0013Z | C75: 702175 | D75: 24.7 | E75: 0 | F75: 560 | G75: 1.879 | H75: 3.802 | I75: 3.684 | J75: =IF(M75<>"",(H75-I75)/M75,"") -> 0.059 | K75: =(F75*(273.15+D75)/273.15)/(M75*N75) -> 7.6329855 | L75: MU2 | M75: =VLOOKUP(L75,allgemein!$B$3:$C$13,2,FALSE) -> 2 | N75: 40 | O75: FA703939 | Q75: ohne Fehler Angabe
C76: " | G76: 1.923
B77: " | C77: " | D77: 28.7 | E77: 0 | F77: 561 | G77: 1.856 | H77: 3.744 | I77: 3.643 | J77: =IF(M77<>"",(H77-I77)/M77,"") -> 0.0505 | K77: =(F77*(273.15+D77)/273.15)/(M77*N77) -> 7.7493067 | L77: MU2 | M77: =VLOOKUP(L77,allgemein!$B$3:$C$13,2,FALSE) -> 2 | N77: 40 | Q77: nach 2.5h
C78: " | G78: 1.889
B79: " | C79: " | D79: 26.7 | E79: 0 | F79: 562 | G79: 1.837 | H79: 3.671 | I79: 3.659 | J79: =IF(M79<>"",(H79-I79)/M79,"") -> 0.006 | K79: =(F79*(273.15+D79)/273.15)/(M79*N79) -> 7.7116831 | L79: MU2 | M79: =VLOOKUP(L79,allgemein!$B$3:$C$13,2,FALSE) -> 2 | N79: 40 | Q79: Granulat in Wasserkanälen | R79: gereinigt, Vlies ersetzt
C80: " | G80: 1.834
B81: " | C81: " | D81: 27.5 | E81: 0 | F81: 563 | G81: 1.836 | H81: 3.669 | I81: 3.656 | J81: =IF(M81<>"",(H81-I81)/M81,"") -> 0.0065 | K81: =(F81*(273.15+D81)/273.15)/(M81*N81) -> 7.7460164 | L81: MU2 | M81: =VLOOKUP(L81,allgemein!$B$3:$C$13,2,FALSE) -> 2 | N81: 40 | Q81: Nachmessung
C82: " | G82: 1.833

Sheet Sep
B3: Cell # | C3: Membran Batch FA | D3: Temp Gas / [°C] | E3: Temp Kat T1-T2 / [°C] | F3: Gasfluss / [sccm / min] | G3: Membrane V @ 13 bar/[V] | H3: Cell V @ 13 bar/[V] | I3: Cell V @ 0 bar [V] | J3: Voltage Diff. / [V] | K3: H2 Prod / [nmL/A] | L3: Typ | M3: Anzahl Layer | N3: Strom / [A] | O3: FA # | P3: Elektrode | R3: Bemerkungen | S3: Visum | T3: Jahr: | U3: 2018
B4: 18I-0001Z | C4: 703432 | D4: 25.7 | E4: 0.2 | F4: 282 | H4: 1.958 | I4: 1.851 | J4: =IF(M4<>"",(H4-I4)/M4,"") -> 0.107 | K4: =(F4*(273.15+D4)/273.15)/(M4*N4) -> 7.7133169 | L4: MU1 | M4: =VLOOKUP(L4,allgemein!$B$3:$C$13,2,FALSE) -> 1 | N4: 40 | O4: FA704775 | P4: B-09 2 35 | Q4: ohne Spülen/ Membranen aus 18B-0047Z; Gasfluss war nur 846
C5: 703947 | D5: 26.5 | E5: 5.6 | F5: 285 | H5: 1.878 | I5: 1.825 | J5: =IF(M5<>"",(H5-I5)/M5,"") -> 0.053 | K5: =(F5*(273.15+D5)/273.15)/(M5*N5) -> 7.8162411 | L5: MU1 | M5: =VLOOKUP(L5,allgemein!$B$3:$C$13,2,FALSE) -> 1 | N5: 40 | Q5: ohne Spülen/ kalt
C6: 704158 | D6: 24 | E6: 0.3 | F6: 284 | H6: 1.88 | I6: 1.863 | J6: =IF(M6<>"",(H6-I6)/M6,"") -> 0.017 | K6: =(F6*(273.15+D6)/273.15)/(M6*N6) -> 7.7238331 | L6: MU1 | M6: =VLOOKUP(L6,allgemein!$B$3:$C$13,2,FALSE) -> 1 | N6: 40 | Q6: 2x besprüht/ ohne Spülen/ kalt
C7: " | D7: 26 | E7: 0.3 | F7: 283 | H7: 1.869 | I7: 1.854 | J7: =IF(M7<>"",(H7-I7)/M7,"") -> 0.015 | K7: =(F7*(273.15+D7)/273.15)/(M7*N7) -> 7.7484395 | L7: MU1 | M7: =VLOOKUP(L7,allgemein!$B$3:$C$13,2,FALSE) -> 1 | N7: 40
B8: 18I-0002Z | C8: 703432 | D8: 26.5 | E8: 0.8 | F8: 282 | H8: 1.887 | I8: 1.827 | J8: =IF(M8<>"",(H8-I8)/M8,"") -> 0.06 | K8: =(F8*(273.15+D8)/273.15)/(M8*N8) -> 7.7339649 | L8: MU1 | M8: =VLOOKUP(L8,allgemein!$B$3:$C$13,2,FALSE) -> 1 | N8: 40 | O8: " | P8: B-09 2 40 | Q8: ohne Spülen/ Membranen aus 18B-0047Z; Gasfluss war nur 846
C9: 703947 | D9: 26.8 | E9: 4.1 | F9: 284 | H9: 1.849 | I9: 1.825 | J9: =IF(M9<>"",(H9-I9)/M9,"") -> 0.024 | K9: =(F9*(273.15+D9)/273.15)/(M9*N9) -> 7.7966136 | L9: MU1 | M9: =VLOOKUP(L9,allgemein!$B$3:$C$13,2,FALSE) -> 1 | N9: 40 | Q9: ohne Spülen/ kalt
C10: 704158 | D10: 25.5 | E10: 1.5 | F10: 284 | H10: 1.882 | I10: 1.87 | J10: =IF(M10<>"",(H10-I10)/M10,"") -> 0.012 | K10: =(F10*(273.15+D10)/273.15)/(M10*N10) -> 7.7628226 | L10: MU1 | M10: =VLOOKUP(L10,allgemein!$B$3:$C$13,2,FALSE) -> 1 | N10: 40 | Q10: 1x besprüht/ ohne Spülen/ kalt
C11: " | D11: 26.1 | E11: 0.3 | F11: 281 | H11: 1.875 | I11: 1.866 | J11: =IF(M11<>"",(H11-I11)/M11,"") -> 0.009 | K11: =(F11*(273.15+D11)/273.15)/(M11*N11) -> 7.6962521 | L11: MU1 | M11: =VLOOKUP(L11,allgemein!$B$3:$C$13,2,FALSE) -> 1 | N11: 40
B12: 18I-0003Z-R | C12: 704464 | D12: 26.2 | E12: 0.3 | F12: 283 | H12: 1.888 | I12: 1.872 | J12: =IF(M12<>"",(H12-I12)/M12,"") -> 0.016 | K12: =(F12*(273.15+D12)/273.15)/(M12*N12) -> 7.7536198 | L12: MA_V2 | M12: =VLOOKUP(L12,allgemein!$B$3:$C$13,2,FALSE) -> 1 | N12: 40 | O12: FA704534 | P12: mit DB-10059 (14404, Abspr. mit Heinz)/ DB-10224 bei NA
B13: 18I-0004Z-R | C13: " | D13: 26.3 | E13: 0.3 | F13: 282 | H13: 1.891 | I13: 1.875 | J13: =IF(M13<>"",(H13-I13)/M13,"") -> 0.016 | K13: =(F13*(273.15+D13)/273.15)/(M13*N13) -> 7.7288029 | L13: MA_V2 | M13: =VLOOKUP(L13,allgemein!$B$3:$C$13,2,FALSE) -> 1 | N13: 40 | O13: " | P13: "
B14: 18I-0005Z-R | C14: 703947 | D14: 26.4 | E14: 0.2 | F14: 284 | H14: 1.899 | I14: 1.888 | J14: =IF(M14<>"",(H14-I14)/M14,"") -> 0.011 | K14: =(F14*(273.15+D14)/273.15)/(M14*N14) -> 7.7862164 | L14: MA_V2 | M14: =VLOOKUP(L14,allgemein!$B$3:$C$13,2,FALSE) -> 1 | N14: 40 | O14: " | P14: "
B15: 18I-0006Z | C15: 704469 | D15: 25.6 | E15: 0.8 | F15: 852 | G15: 1.801 | H15: 7.187 | I15: 7.16 | J15: =IF(M15<>"",(H15-I15)/M15,"") -> 0.00675 | K15: =(F15*(273.15+D15)/273.15)/(M15*N15) -> 7.7654219 | L15: MU4 | M15: =VLOOKUP(L15,allgemein!$B$3:$C$13,2,FALSE) -> 4 | N15: 30 | O15: FA704101 | Q15: Pl. Lot MKCC3734
C16: " | G16: 1.796 | Q16: "
C17: " | G17: 1.797 | Q17: "
C18: " | G18: 1.793 | Q18: "
B19: 18I-0007Z | C19: " | D19: 24.9 | E19: 1.7 | F19: 852 | G19: 1.798 | H19: 7.18 | I19: 7.15 | J19: =IF(M19<>"",(H19-I19)/M19,"") -> 0.0075 | K19: =(F19*(273.15+D19)/273.15)/(M19*N19) -> 7.7472268 | L19: MU4 | M19: =VLOOKUP(L19,allgemein!$B$3:$C$13,2,FALSE) -> 4 | N19: 30 | O19: " | Q19: "
C20: " | G20: 1.802 | Q20: "
C21: " | G21: 1.8 | Q21: "
C22: " | G22: 1.78 | Q22: Pl. Lot MKCC3809
B23: 18I-0008Z | C23: " | D23: 25.8 | E23: 0.3 | F23: 566 | G23: 1.821 | H23: 3.643 | I23: 3.616 | J23: =IF(M23<>"",(H23-I23)/M23,"") -> 0.0135 | K23: =(F23*(273.15+D23)/273.15)/(M23*N23) -> 7.7432592 | L23: MU2 | M23: =VLOOKUP(L23,allgemein!$B$3:$C$13,2,FALSE) -> 2 | N23: 40 | O23: FA702163
C24: " | G24: 1.822
B25: 18I-0009Z | C25: " | D25: 26.8 | E25: 0.3 | F25: 570 | G25: 1.824 | H25: 3.643 | I25: 3.61 | J25: =IF(M25<>"",(H25-I25)/M25,"") -> 0.0165 | K25: =(F25*(273.15+D25)/273.15)/(M25*N25) -> 7.8240664 | L25: MU2 | M25: =VLOOKUP(L25,allgemein!$B$3:$C$13,2,FALSE) -> 2 | N25: 40 | O25: "
C26: " | G26: 1.819
B27: 18I-0010Z | C27: " | D27: 26.9 | E27: 0.1 | F27: 568 | G27: 1.822 | H27: 3.642 | I27: 3.612 | J27: =IF(M27<>"",(H27-I27)/M27,"") -> 0.015 | K27: =(F27*(273.15+D27)/273.15)/(M27*N27) -> 7.7992129 | L27: MU2 | M27: =VLOOKUP(L27,allgemein!$B$3:$C$13,2,FALSE) -> 2 | N27: 40 | O27: "
C28: " | G28: 1.82
B29: 18I-0011Z | C29: " | D29: 26.7 | E29: 0.2 | F29: 568 | G29: 1.821 | H29: 3.644 | I29: 3.612 | J29: =IF(M29<>"",(H29-I29)/M29,"") -> 0.016 | K29: =(F29*(273.15+D29)/273.15)/(M29*N29) -> 7.7940143 | L29: MU2 | M29: =VLOOKUP(L29,allgemein!$B$3:$C$13,2,FALSE) -> 2 | N29: 40 | O29: "
C30: " | G30: 1.823
B31: 18I-0012Z | C31: " | D31: 26.4 | E31: 0.1 | F31: 568 | G31: 1.823 | H31: 3.649 | I31: 3.621 | J31: =IF(M31<>"",(H31-I31)/M31,"") -> 0.014 | K31: =(F31*(273.15+D31)/273.15)/(M31*N31) -> 7.7862164 | L31: MU2 | M31: =VLOOKUP(L31,allgemein!$B$3:$C$13,2,FALSE) -> 2 | N31: 40 | O31: " | Q31: NL BatchNo SSGA 1701CS
C32: " | G32: 1.826
B33: 18I-0013Z | C33: " | D33: 26.1 | E33: 0.1 | F33: 569 | G33: 1.821 | H33: 3.646 | I33: 3.62 | J33: =IF(M33<>"",(H33-I33)/M33,"") -> 0.013 | K33: =(F33*(273.15+D33)/273.15)/(M33*N33) -> 7.7921129 | L33: MU2 | M33: =VLOOKUP(L33,allgemein!$B$3:$C$13,2,FALSE) -> 2 | N33: 40 | O33: "
C34: " | G34: 1.825
B35: 18I-0014Z | C35: 704470 | D35: 28.4 | E35: 0.1 | F35: 569 | G35: 1.817 | H35: 3.641 | I35: 3.608 | J35: =IF(M35<>"",(H35-I35)/M35,"") -> 0.0165 | K35: =(F35*(273.15+D35)/273.15)/(M35*N35) -> 7.8520021 | L35: MU2 | M35: =VLOOKUP(L35,allgemein!$B$3:$C$13,2,FALSE) -> 2 | N35: 40 | O35: FA704693
C36: " | G36: 1.824
B37: 18I-0015Z | C37: " | D37: 28 | E37: 0.3 | F37: 863 | G37: 1.769 | H37: 7.077 | I37: 7.02 | J37: =IF(M37<>"",(H37-I37)/M37,"") -> 0.01425 | K37: =(F37*(273.15+D37)/273.15)/(M37*N37) -> 7.9288684 | L37: MU4 | M37: =VLOOKUP(L37,allgemein!$B$3:$C$13,2,FALSE) -> 4 | N37: 30 | O37: FA704692
C38: " | G38: 1.77
C39: " | G39: 1.767
C40: " | G40: 1.771
B41: 18I-0016Z | C41: " | D41: 28.4 | E41: 1.5 | F41: 860 | G41: 1.774 | H41: 7.062 | I41: 7.02 | J41: =IF(M41<>"",(H41-I41)/M41,"") -> 0.0105 | K41: =(F41*(273.15+D41)/273.15)/(M41*N41) -> 7.9118006 | L41: MU4 | M41: =VLOOKUP(L41,allgemein!$B$3:$C$13,2,FALSE) -> 4 | N41: 30 | O41: FA704265
C42: " | G42: 1.764
C43: " | G43: 1.762
C44: " | G44: 1.762
B45: 18I-0017Z | C45: " | D45: 28.4 | E45: 0.4 | F45: 866 | G45: 1.772 | H45: 7.09 | I45: 7.02 | J45: =IF(M45<>"",(H45-I45)/M45,"") -> 0.0175 | K45: =(F45*(273.15+D45)/273.15)/(M45*N45) -> 7.9669992 | L45: MU4 | M45: =VLOOKUP(L45,allgemein!$B$3:$C$13,2,FALSE) -> 4 | N45: 30 | O45: "
C46: " | G46: 1.768
C47: " | G47: 1.774
C48: " | G48: 1.772
B49: 18I-0018Z | C49: " | D49: 26.2 | E49: 0.6 | F49: 861 | G49: 1.783 | H49: 7.159 | I49: 7.12 | J49: =IF(M49<>"",(H49-I49)/M49,"") -> 0.00975 | K49: =(F49*(273.15+D49)/273.15)/(M49*N49) -> 7.8632116 | L49: MU4 | M49: =VLOOKUP(L49,allgemein!$B$3:$C$13,2,FALSE) -> 4 | N49: 30 | O49: "
C50: " | G50: 1.794
C51: " | G51: 1.791
C52: " | G52: 1.791 | Q52: Mem. Faden
B53: 18I-0019Z | C53: " | D53: 26.5 | E53: 0 | F53: 854 | G53: 1.827 | H53: 5.474 | I53: 5.428 | J53: =IF(M53<>"",(H53-I53)/M53,"") -> 0.015333333 | K53: =(F53*(273.15+D53)/273.15)/(M53*N53) -> 7.8070993 | L53: MU3 | M53: =VLOOKUP(L53,allgemein!$B$3:$C$13,2,FALSE) -> 3 | N53: 40 | O53: FA704690 | Q53: Mem. Kratzer
C54: 704471 | G54: 1.82
C55: " | G55: 1.827
B56: 18I-0020Z | C56: " | D56: 27.2 | E56: 0.2 | F56: 851 | G56: 1.82 | H56: 5.465 | I56: 5.418 | J56: =IF(M56<>"",(H56-I56)/M56,"") -> 0.015666667 | K56: =(F56*(273.15+D56)/273.15)/(M56*N56) -> 7.7978476 | L56: MU3 | M56: =VLOOKUP(L56,allgemein!$B$3:$C$13,2,FALSE) -> 3 | N56: 40 | O56: "
C57: " | G57: 1.822
C58: " | G58: 1.823
B59: 18I-0021Z | C59: " | D59: 26.4 | E59: 0.3 | F59: 853 | G59: 1.833 | H59: 5.502 | I59: 5.471 | J59: =IF(M59<>"",(H59-I59)/M59,"") -> 0.010333333 | K59: =(F59*(273.15+D59)/273.15)/(M59*N59) -> 7.7953551 | L59: MU3 | M59: =VLOOKUP(L59,allgemein!$B$3:$C$13,2,FALSE) -> 3 | N59: 40 | O59: "
C60: " | G60: 1.835
C61: " | G61: 1.834
B62: 18I-0022Z | C62: " | D62: 27.4 | E62: 0 | F62: 857 | G62: 1.811 | H62: 5.444 | I62: 5.398 | J62: =IF(M62<>"",(H62-I62)/M62,"") -> 0.015333333 | K62: =(F62*(273.15+D62)/273.15)/(M62*N62) -> 7.8580557 | L62: MU3 | M62: =VLOOKUP(L62,allgemein!$B$3:$C$13,2,FALSE) -> 3 | N62: 40 | O62: FA704776
C63: " | G63: 1.822
C64: " | G64: 1.811
B65: 18I-0023Z | C65: " | D65: 27.2 | E65: 0.2 | F65: 865 | G65: 1.796 | H65: 7.142 | I65: 7.08 | J65: =IF(M65<>"",(H65-I65)/M65,"") -> 0.0155 | K65: =(F65*(273.15+D65)/273.15)/(M65*N65) -> 7.9261319 | L65: MU4 | M65: =VLOOKUP(L65,allgemein!$B$3:$C$13,2,FALSE) -> 4 | N65: 30 | O65: FA704265
C66: " | G66: 1.785
C67: " | G67: 1.778
C68: " | G68: 1.783
B69: 18I-0024Z | C69: " | D69: 27 | E69: 0.2 | F69: 868 | G69: 1.78 | H69: 7.122 | I69: 7.06 | J69: =IF(M69<>"",(H69-I69)/M69,"") -> 0.0155 | K69: =(F69*(273.15+D69)/273.15)/(M69*N69) -> 7.9483251 | L69: MU4 | M69: =VLOOKUP(L69,allgemein!$B$3:$C$13,2,FALSE) -> 4 | N69: 30 | O69: "
C70: " | G70: 1.779
C71: " | G71: 1.783
C72: " | G72: 1.78
B73: 18I-0025Z-R | C73: vorhand. | D73: 28.7 | E73: 0.1 | F73: 274 | H73: 1.84 | I73: 1.836 | J73: =IF(M73<>"",(H73-I73)/M73,"") -> 0.004 | K73: =(F73*(273.15+D73)/273.15)/(M73*N73) -> 7.5697327 | L73: MA_V2 | M73: =VLOOKUP(L73,allgemein!$B$3:$C$13,2,FALSE) -> 1 | N73: 40 | O73: 704696 | P73: vormals S/N1405-5021
B74: 18I-0026Z-R | C74: " | D74: 29.2 | E74: 0.1 | F74: 273 | H74: 1.827 | I74: 1.823 | J74: =IF(M74<>"",(H74-I74)/M74,"") -> 0.004 | K74: =(F74*(273.15+D74)/273.15)/(M74*N74) -> 7.5545991 | L74: MA_V2 | M74: =VLOOKUP(L74,allgemein!$B$3:$C$13,2,FALSE) -> 1 | N74: 40 | O74: " | P74: vormals S/N1405-5035
B75: 18I-0027Z | C75: 703430 | D75: 25.7 | E75: 0.1 | F75: 177 | H75: 1.866 | I75: 1.853 | J75: =IF(M75<>"",(H75-I75)/M75,"") -> 0.013 | K75: =(F75*(273.15+D75)/273.15)/(M75*N75) -> 7.7461395 | L75: MI_V3 | M75: =VLOOKUP(L75,allgemein!$B$3:$C$13,2,FALSE) -> 1 | N75: 25 | O75: FA702368
B76: 18I-0028Z | C76: " | D76: 25.8 | E76: 0.1 | F76: 177 | H76: 1.87 | I76: 1.856 | J76: =IF(M76<>"",(H76-I76)/M76,"") -> 0.014 | K76: =(F76*(273.15+D76)/273.15)/(M76*N76) -> 7.7487315 | L76: MI_V3 | M76: =VLOOKUP(L76,allgemein!$B$3:$C$13,2,FALSE) -> 1 | N76: 25 | O76: "
B77: 18I-0029Z | C77: " | D77: 25.8 | E77: 0.1 | F77: 177 | H77: 1.866 | I77: 1.854 | J77: =IF(M77<>"",(H77-I77)/M77,"") -> 0.012 | K77: =(F77*(273.15+D77)/273.15)/(M77*N77) -> 7.7487315 | L77: MI_V3 | M77: =VLOOKUP(L77,allgemein!$B$3:$C$13,2,FALSE) -> 1 | N77: 25 | O77: "
B78: 18I-0030Z | C78: " | D78: 25.8 | E78: 0.3 | F78: 176 | H78: 1.865 | I78: 1.85 | J78: =IF(M78<>"",(H78-I78)/M78,"") -> 0.015 | K78: =(F78*(273.15+D78)/273.15)/(M78*N78) -> 7.7049533 | L78: MI_V3 | M78: =VLOOKUP(L78,allgemein!$B$3:$C$13,2,FALSE) -> 1 | N78: 25 | O78: "
B79: 18I-0031Z | C79: " | D79: 25.9 | E79: 0.2 | F79: 176 | H79: 1.861 | I79: 1.849 | J79: =IF(M79<>"",(H79-I79)/M79,"") -> 0.012 | K79: =(F79*(273.15+D79)/273.15)/(M79*N79) -> 7.7075307 | L79: MI_V3 | M79: =VLOOKUP(L79,allgemein!$B$3:$C$13,2,FALSE) -> 1 | N79: 25 | O79: "
B80: 18I-0032Z | C80: " | D80: 26 | E80: 0.2 | F80: 176 | H80: 1.866 | I80: 1.853 | J80: =IF(M80<>"",(H80-I80)/M80,"") -> 0.013 | K80: =(F80*(273.15+D80)/273.15)/(M80*N80) -> 7.710108 | L80: MI_V3 | M80: =VLOOKUP(L80,allgemein!$B$3:$C$13,2,FALSE) -> 1 | N80: 25 | O80: "
B81: 18I-0033Z | C81: " | D81: 26.4 | E81: 0.3 | F81: 176 | H81: 1.88 | I81: 1.87 | J81: =IF(M81<>"",(H81-I81)/M81,"") -> 0.01 | K81: =(F81*(273.15+D81)/273.15)/(M81*N81) -> 7.7204174 | L81: MI_V3 | M81: =VLOOKUP(L81,allgemein!$B$3:$C$13,2,FALSE) -> 1 | N81: 25 | O81: "
B82: 18I-0034Z | C82: 703561 | D82: 26.6 | E82: 0 | F82: 177 | H82: 1.87 | I82: 1.858 | J82: =IF(M82<>"",(H82-I82)/M82,"") -> 0.012 | K82: =(F82*(273.15+D82)/273.15)/(M82*N82) -> 7.7694673 | L82: MI_V3 | M82: =VLOOKUP(L82,allgemein!$B$3:$C$13,2,FALSE) -> 1 | N82: 25 | O82: "
B83: 18I-0035Z | C83: " | D83: 25.8 | E83: 0.3 | F83: 177 | H83: 1.857 | I83: 1.844 | J83: =IF(M83<>"",(H83-I83)/M83,"") -> 0.013 | K83: =(F83*(273.15+D83)/273.15)/(M83*N83) -> 7.7487315 | L83: MI_V3 | M83: =VLOOKUP(L83,allgemein!$B$3:$C$13,2,FALSE) -> 1 | N83: 25 | O83: "
B84: 18I-0036Z | C84: " | D84: 25.8 | E84: 0.3 | F84: 177 | H84: 1.875 | I84: 1.862 | J84: =IF(M84<>"",(H84-I84)/M84,"") -> 0.013 | K84: =(F84*(273.15+D84)/273.15)/(M84*N84) -> 7.7487315 | L84: MI_V3 | M84: =VLOOKUP(L84,allgemein!$B$3:$C$13,2,FALSE) -> 1 | N84: 25 | O84: "
B85: 18I-0037Z | C85: " | D85: 25.8 | E85: 0.1 | F85: 176 | H85: 1.865 | I85: 1.848 | J85: =IF(M85<>"",(H85-I85)/M85,"") -> 0.017 | K85: =(F85*(273.15+D85)/273.15)/(M85*N85) -> 7.7049533 | L85: MI_V3 | M85: =VLOOKUP(L85,allgemein!$B$3:$C$13,2,FALSE) -> 1 | N85: 25 | O85: "
B86: 18I-0038Z | C86: " | D86: 25.8 | E86: 0.2 | F86: 177 | H86: 1.848 | I86: 1.834 | J86: =IF(M86<>"",(H86-I86)/M86,"") -> 0.014 | K86: =(F86*(273.15+D86)/273.15)/(M86*N86) -> 7.7487315 | L86: MI_V3 | M86: =VLOOKUP(L86,allgemein!$B$3:$C$13,2,FALSE) -> 1 | N86: 25 | O86: "
B87: 18I-0039 | C87: " | D87: 25.9 | E87: 0.2 | F87: 177 | H87: 1.856 | I87: 1.841 | J87: =IF(M87<>"",(H87-I87)/M87,"") -> 0.015 | K87: =(F87*(273.15+D87)/273.15)/(M87*N87) -> 7.7513234 | L87: MI_V3 | M87: =VLOOKUP(L87,allgemein!$B$3:$C$13,2,FALSE) -> 1 | N87: 25 | O87: "
B88: 18I-0040Z | C88: " | D88: 26.1 | E88: 0 | F88: 177 | H88: 1.857 | I88: 1.841 | J88: =IF(M88<>"",(H88-I88)/M88,"") -> 0.016 | K88: =(F88*(273.15+D88)/273.15)/(M88*N88) -> 7.7565074 | L88: MI_V3 | M88: =VLOOKUP(L88,allgemein!$B$3:$C$13,2,FALSE) -> 1 | N88: 25 | O88: "
B89: 18I-0041Z | C89: " | D89: 26 | E89: 0 | F89: 177 | H89: 1.86 | I89: 1.843 | J89: =IF(M89<>"",(H89-I89)/M89,"") -> 0.017 | K89: =(F89*(273.15+D89)/273.15)/(M89*N89) -> 7.7539154 | L89: MI_V3 | M89: =VLOOKUP(L89,allgemein!$B$3:$C$13,2,FALSE) -> 1 | N89: 25 | O89: "
B90: 18I-0042Z | C90: " | D90: 26.1 | E90: 0 | F90: 177 | H90: 1.865 | I90: 1.848 | J90: =IF(M90<>"",(H90-I90)/M90,"") -> 0.017 | K90: =(F90*(273.15+D90)/273.15)/(M90*N90) -> 7.7565074 | L90: MI_V3 | M90: =VLOOKUP(L90,allgemein!$B$3:$C$13,2,FALSE) -> 1 | N90: 25 | O90: "
B91: 18I-0043Z | C91: 704472 | D91: 27.3 | E91: 0.1 | F91: 568 | G91: 1.836 | H91: 3.666 | I91: 3.636 | J91: =IF(M91<>"",(H91-I91)/M91,"") -> 0.015 | K91: =(F91*(273.15+D91)/273.15)/(M91*N91) -> 7.8096101 | L91: MU2 | M91: =VLOOKUP(L91,allgemein!$B$3:$C$13,2,FALSE) -> 2 | N91: 40 | O91: FA704777
C92: " | G92: 1.83
B93: 18I-0044Z | C93: " | D93: 27 | E93: 0 | F93: 569 | G93: 1.834 | H93: 3.668 | I93: 3.636 | J93: =IF(M93<>"",(H93-I93)/M93,"") -> 0.016 | K93: =(F93*(273.15+D93)/273.15)/(M93*N93) -> 7.8155478 | L93: MU2 | M93: =VLOOKUP(L93,allgemein!$B$3:$C$13,2,FALSE) -> 2 | N93: 40 | O93: "
C94: " | G94: 1.834
B95: 18I-0045Z | C95: " | D95: 26.7 | E95: 0.5 | F95: 569 | G95: 1.843 | H95: 3.684 | I95: 3.655 | J95: =IF(M95<>"",(H95-I95)/M95,"") -> 0.0145 | K95: =(F95*(273.15+D95)/273.15)/(M95*N95) -> 7.8077361 | L95: MU2 | M95: =VLOOKUP(L95,allgemein!$B$3:$C$13,2,FALSE) -> 2 | N95: 40 | O95: "
C96: " | G96: 1.841
B100: Reparaturen
B101: 17C-0054Z | C101: 703947 | D101: 28.6 | E101: 0.3 | F101: 855 | G101: 1.833 | H101: 5.498 | I101: 5.465 | J101: =IF(M101<>"",(H101-I101)/M101,"") -> 0.011 | K101: =(F101*(273.15+D101)/273.15)/(M101*N101) -> 7.8710187 | L101: MU3 | M101: =VLOOKUP(L101,allgemein!$B$3:$C$13,2,FALSE) -> 3 | N101: 40 | O101: FA704691
C102: " | G102: 1.828
C103: " | G103: 1.837
B104: 18E-0061Z | C104: 703712 | D104: 25.2 | E104: 0.5 | F104: 850 | G104: 1.816 | H104: 5.454 | I104: 5.428 | J104: =IF(M104<>"",(H104-I104)/M104,"") -> 0.0086666667 | K104: =(F104*(273.15+D104)/273.15)/(M104*N104) -> 7.7368204 | L104: MU3 | M104: =VLOOKUP(L104,allgemein!$B$3:$C$13,2,FALSE) -> 3 | N104: 40 | P104: Test vor Spülen
C105: " | G105: 1.816
...

Sheet Oct
B3: Cell # | C3: Membran Batch FA | D3: Temp Gas / [°C] | E3: Temp Kat T1-T2 / [°C] | F3: Gasfluss / [sccm / min] | G3: Membrane V @ 13 bar/[V] | H3: Cell V @ 13 bar/[V] | I3: Cell V @ 0 bar [V] | J3: Voltage Diff. / [V] | K3: H2 Prod / [nmL/A] | L3: Typ | M3: Anzahl Layer | N3: Strom / [A] | O3: FA # | P3: Elektrode | R3: Bemerkungen | S3: Visum | T3: Jahr: | U3: 2018
B4: 18J-0001 | C4: 703561 | D4: 28.1 | E4: 0.6 | F4: 180 | G4: 1.846 | H4: 1.846 | I4: 1.827 | J4: =IF(M4<>"",(H4-I4)/M4,"") -> 0.019 | K4: =(F4*(273.15+D4)/273.15)/(M4*N4) -> 7.9406919 | L4: MI_V3 | M4: =VLOOKUP(L4,allgemein!$B$3:$C$13,2,FALSE) -> 1 | N4: 25 | O4: FA702368 | R4: sb
B5: 18J-0002 | C5: 703561 | D5: 24.4 | E5: 0.3 | F5: 180 | G5: 1.867 | H5: 1.867 | I5: 1.855 | J5: =IF(M5<>"",(H5-I5)/M5,"") -> 0.012 | K5: =(F5*(273.15+D5)/273.15)/(M5*N5) -> 7.8431631 | L5: MI_V3 | M5: =VLOOKUP(L5,allgemein!$B$3:$C$13,2,FALSE) -> 1 | N5: 25 | O5: FA702368 | R5: sb
B6: 18J-0003 | C6: 703561 | D6: 24.2 | E6: 0.7 | F6: 180 | G6: 1.883 | H6: 1.883 | I6: 1.867 | J6: =IF(M6<>"",(H6-I6)/M6,"") -> 0.016 | K6: =(F6*(273.15+D6)/273.15)/(M6*N6) -> 7.8378913 | L6: MI_V3 | M6: =VLOOKUP(L6,allgemein!$B$3:$C$13,2,FALSE) -> 1 | N6: 25 | O6: FA702368 | R6: sb
B7: 18J-0004 | C7: 703561 | D7: 24.2 | E7: 0.5 | F7: 180 | G7: 1.868 | H7: 1.868 | I7: 1.853 | J7: =IF(M7<>"",(H7-I7)/M7,"") -> 0.015 | K7: =(F7*(273.15+D7)/273.15)/(M7*N7) -> 7.8378913 | L7: MI_V3 | M7: =VLOOKUP(L7,allgemein!$B$3:$C$13,2,FALSE) -> 1 | N7: 25 | O7: FA702368 | R7: sb
B8: 18J-0005 | C8: 703561 | D8: 24.2 | E8: 0.3 | F8: 180 | G8: 1.877 | H8: 1.877 | I8: 1.861 | J8: =IF(M8<>"",(H8-I8)/M8,"") -> 0.016 | K8: =(F8*(273.15+D8)/273.15)/(M8*N8) -> 7.8378913 | L8: MI_V3 | M8: =VLOOKUP(L8,allgemein!$B$3:$C$13,2,FALSE) -> 1 | N8: 25 | O8: FA702368 | R8: sb
B9: 18J-0006 | C9: 703561 | D9: 24.1 | E9: 0.2 | F9: 178 | G9: 1.863 | H9: 1.863 | I9: 1.848 | J9: =IF(M9<>"",(H9-I9)/M9,"") -> 0.015 | K9: =(F9*(273.15+D9)/273.15)/(M9*N9) -> 7.748197 | L9: MI_V3 | M9: =VLOOKUP(L9,allgemein!$B$3:$C$13,2,FALSE) -> 1 | N9: 25 | O9: FA702368 | R9: sb
B10: 18J-0007 | C10: 703561 | D10: 24 | E10: 0.2 | F10: 178 | G10: 1.887 | H10: 1.887 | I10: 1.86 | J10: =IF(M10<>"",(H10-I10)/M10,"") -> 0.027 | K10: =(F10*(273.15+D10)/273.15)/(M10*N10) -> 7.7455903 | L10: MI_V3 | M10: =VLOOKUP(L10,allgemein!$B$3:$C$13,2,FALSE) -> 1 | N10: 25 | O10: FA702368 | R10: sb
B11: 18J-0008 | C11: 703561 | D11: 23.9 | E11: 0.3 | F11: 178 | G11: 1.87 | H11: 1.87 | I11: 1.86 | J11: =IF(M11<>"",(H11-I11)/M11,"") -> 0.01 | K11: =(F11*(273.15+D11)/273.15)/(M11*N11) -> 7.7429837 | L11: MI_V3 | M11: =VLOOKUP(L11,allgemein!$B$3:$C$13,2,FALSE) -> 1 | N11: 25 | O11: FA702368 | R11: sb
B12: 18J-0009 | C12: 703561 | D12: 23.8 | E12: 0.1 | F12: 178 | G12: 1.877 | H12: 1.877 | I12: 1.863 | J12: =IF(M12<>"",(H12-I12)/M12,"") -> 0.014 | K12: =(F12*(273.15+D12)/273.15)/(M12*N12) -> 7.7403771 | L12: MI_V3 | M12: =VLOOKUP(L12,allgemein!$B$3:$C$13,2,FALSE) -> 1 | N12: 25 | O12: FA702368 | R12: sb
B13: 18J-0010 | C13: 704471 | D13: 23.9 | E13: 0.1 | F13: 285 | H13: 1.917 | I13: 1.904 | J13: =IF(M13<>"",(H13-I13)/M13,"") -> 0.013 | K13: =(F13*(273.15+D13)/273.15)/(M13*N13) -> 7.7484212 | L13: MA_V1 | M13: =VLOOKUP(L13,allgemein!$B$3:$C$13,2,FALSE) -> 1 | N13: 40 | O13: FA704848 | R13: sb
B14: 18J-0011 | C14: 704471 | D14: 23.9 | E14: 0 | F14: 283 | H14: 1.927 | I14: 1.911 | J14: =IF(M14<>"",(H14-I14)/M14,"") -> 0.016 | K14: =(F14*(273.15+D14)/273.15)/(M14*N14) -> 7.6940463 | L14: MA_V1 | M14: =VLOOKUP(L14,allgemein!$B$3:$C$13,2,FALSE) -> 1 | N14: 40 | O14: FA704848 | R14: sb
B15: 18J-0012 | C15: 704471 | D15: 23.9 | E15: 0 | F15: 283 | H15: 1.933 | I15: 1.921 | J15: =IF(M15<>"",(H15-I15)/M15,"") -> 0.012 | K15: =(F15*(273.15+D15)/273.15)/(M15*N15) -> 7.6940463 | L15: MA_V1 | M15: =VLOOKUP(L15,allgemein!$B$3:$C$13,2,FALSE) -> 1 | N15: 40 | O15: FA704848 | R15: sb
B16: 18J-0013 | C16: 704471 | D16: 23.9 | E16: 0 | F16: 285 | H16: 1.917 | I16: 1.904 | J16: =IF(M16<>"",(H16-I16)/M16,"") -> 0.013 | K16: =(F16*(273.15+D16)/273.15)/(M16*N16) -> 7.7484212 | L16: MA_V1 | M16: =VLOOKUP(L16,allgemein!$B$3:$C$13,2,FALSE) -> 1 | N16: 40 | O16: FA704848 | R16: sb
B17: 18J-0014 | C17: 704471 | D17: 23.9 | E17: 0.1 | F17: 284 | H17: 1.928 | I17: 1.916 | J17: =IF(M17<>"",(H17-I17)/M17,"") -> 0.012 | K17: =(F17*(273.15+D17)/273.15)/(M17*N17) -> 7.7212338 | L17: MA_V1 | M17: =VLOOKUP(L17,allgemein!$B$3:$C$13,2,FALSE) -> 1 | N17: 40 | O17: FA704848 | R17: sb
B18: 18J-0015 | C18: 704471 | D18: 24.4 | E18: 0 | F18: 284 | H18: 1.908 | I18: 1.896 | J18: =IF(M18<>"",(H18-I18)/M18,"") -> 0.012 | K18: =(F18*(273.15+D18)/273.15)/(M18*N18) -> 7.7342303 | L18: MA_V1 | M18: =VLOOKUP(L18,allgemein!$B$3:$C$13,2,FALSE) -> 1 | N18: 40 | O18: FA704848 | R18: sb
B19: 18J-0016 | C19: 704536 | D19: 24.7 | E19: 0 | F19: 284 | H19: 1.903 | I19: 1.892 | J19: =IF(M19<>"",(H19-I19)/M19,"") -> 0.011 | K19: =(F19*(273.15+D19)/273.15)/(M19*N19) -> 7.7420282 | L19: MA_V1 | M19: =VLOOKUP(L19,allgemein!$B$3:$C$13,2,FALSE) -> 1 | N19: 40 | O19: FA704848 | R19: sb
B20: 18J-0017 | C20: 704536 | D20: 24.9 | E20: 0 | F20: 284 | H20: 1.912 | I20: 1.899 | J20: =IF(M20<>"",(H20-I20)/M20,"") -> 0.013 | K20: =(F20*(273.15+D20)/273.15)/(M20*N20) -> 7.7472268 | L20: MA_V1 | M20: =VLOOKUP(L20,allgemein!$B$3:$C$13,2,FALSE) -> 1 | N20: 40 | O20: FA704848 | R20: sb
B21: 18J-0018 | C21: 704536 | D21: 25.1 | E21: 0 | F21: 282 | H21: 1.91 | I21: 1.898 | J21: =IF(M21<>"",(H21-I21)/M21,"") -> 0.012 | K21: =(F21*(273.15+D21)/273.15)/(M21*N21) -> 7.6978309 | L21: MA_V1 | M21: =VLOOKUP(L21,allgemein!$B$3:$C$13,2,FALSE) -> 1 | N21: 40 | O21: FA704848 | R21: sb
B22: 18J-0019 | C22: 704536 | D22: 25.2 | E22: 0 | F22: 283 | H22: 1.914 | I22: 1.901 | J22: =IF(M22<>"",(H22-I22)/M22,"") -> 0.013 | K22: =(F22*(273.15+D22)/273.15)/(M22*N22) -> 7.7277183 | L22: MA_V1 | M22: =VLOOKUP(L22,allgemein!$B$3:$C$13,2,FALSE) -> 1 | N22: 40 | O22: FA704848 | R22: sb
B23: 18J-0020Z | C23: " | D23: 25.1 | E23: 1.3 | F23: 865 | G23: 1.794 | H23: 7.171 | I23: 7.11 | J23: =IF(M23<>"",(H23-I23)/M23,"") -> 0.01525 | K23: =(F23*(273.15+D23)/273.15)/(M23*N23) -> 7.8707136 | L23: MU4 | M23: =VLOOKUP(L23,allgemein!$B$3:$C$13,2,FALSE) -> 4 | N23: 30 | O23: FA704697
C24: " | G24: 1.793
C25: " | G25: 1.793
C26: " | G26: 1.791
B27: 18J-0021Z | C27: 704473 | D27: 25.2 | E27: 2.6 | F27: 860 | G27: 1.778 | H27: 7.14 | I27: 7.1 | J27: =IF(M27<>"",(H27-I27)/M27,"") -> 0.01 | K27: =(F27*(273.15+D27)/273.15)/(M27*N27) -> 7.8278418 | L27: MU4 | M27: =VLOOKUP(L27,allgemein!$B$3:$C$13,2,FALSE) -> 4 | N27: 30 | O27: "
C28: 704536 | G28: 1.791
C29: 704473 | G29: 1.783
C30: 704473 | G30: 1.788
B31: 18J-0022Z | C31: " | D31: 24.3 | E31: 0 | F31: 569 | G31: 1.837 | H31: 3.672 | I31: 3.644 | J31: =IF(M31<>"",(H31-I31)/M31,"") -> 0.014 | K31: =(F31*(273.15+D31)/273.15)/(M31*N31) -> 7.745243 | L31: MU2 | M31: =VLOOKUP(L31,allgemein!$B$3:$C$13,2,FALSE) -> 2 | N31: 40 | O31: FA703944
C32: " | G32: 1.835
B33: 18J-0023Z | C33: " | D33: 25.9 | E33: 0.2 | F33: 570 | G33: 1.824 | H33: 3.656 | I33: 3.623 | J33: =IF(M33<>"",(H33-I33)/M33,"") -> 0.0165 | K33: =(F33*(273.15+D33)/273.15)/(M33*N33) -> 7.8005903 | L33: MU2 | M33: =VLOOKUP(L33,allgemein!$B$3:$C$13,2,FALSE) -> 2 | N33: 40 | O33: "
C34: " | G34: 1.832
B35: 18J-0024Z | C35: " | D35: 25.6 | E35: 0.4 | F35: 570 | G35: 1.834 | H35: 3.663 | I35: 3.63 | J35: =IF(M35<>"",(H35-I35)/M35,"") -> 0.0165 | K35: =(F35*(273.15+D35)/273.15)/(M35*N35) -> 7.792765 | L35: MU2 | M35: =VLOOKUP(L35,allgemein!$B$3:$C$13,2,FALSE) -> 2 | N35: 40 | O35: "
C36: " | G36: 1.829
B37: 18J-0025Z | C37: 704473 | D37: 25.3 | E37: 0.6 | F37: 570 | G37: 1.833 | H37: 3.671 | I37: 3.647 | J37: =IF(M37<>"",(H37-I37)/M37,"") -> 0.012 | K37: =(F37*(273.15+D37)/273.15)/(M37*N37) -> 7.7849396 | L37: MU2 | M37: =VLOOKUP(L37,allgemein!$B$3:$C$13,2,FALSE) -> 2 | N37: 40 | O37: "
C38: " | G38: 1.838
B39: 18J-0026Z | C39: " | D39: 24.8 | E39: 0.4 | F39: 571 | G39: 1.835 | H39: 3.674 | I39: 3.643 | J39: =IF(M39<>"",(H39-I39)/M39,"") -> 0.0155 | K39: =(F39*(273.15+D39)/273.15)/(M39*N39) -> 7.7855322 | L39: MU2 | M39: =VLOOKUP(L39,allgemein!$B$3:$C$13,2,FALSE) -> 2 | N39: 40 | O39: "
C40: " | G40: 1.839 | P40: Punktloch
B41: 18J-0027Z | C41: " | D41: 24.2 | E41: 0.6 | F41: 571 | G41: 1.839 | H41: 3.682 | I41: 3.66 | J41: =IF(M41<>"",(H41-I41)/M41,"") -> 0.011 | K41: =(F41*(273.15+D41)/273.15)/(M41*N41) -> 7.769854 | L41: MU2 | M41: =VLOOKUP(L41,allgemein!$B$3:$C$13,2,FALSE) -> 2 | N41: 40 | O41: "
C42: " | G42: 1.843
B43: 18J-0028Z | C43: " | D43: 26.5 | E43: 0.6 | F43: 854 | G43: 1.84 | H43: 5.508 | I43: 5.46 | J43: =IF(M43<>"",(H43-I43)/M43,"") -> 0.016 | K43: =(F43*(273.15+D43)/273.15)/(M43*N43) -> 7.8070993 | L43: MU3 | M43: =VLOOKUP(L43,allgemein!$B$3:$C$13,2,FALSE) -> 3 | N43: 40 | O43: FA703945
C44: " | G44: 1.831
C45: " | G45: 1.837
B46: 18J-0029Z | C46: " | D46: 26.1 | E46: 0.7 | F46: 854 | G46: 1.84 | H46: 5.517 | I46: 5.473 | J46: =IF(M46<>"",(H46-I46)/M46,"") -> 0.014666667 | K46: =(F46*(273.15+D46)/273.15)/(M46*N46) -> 7.7966776 | L46: MU3 | M46: =VLOOKUP(L46,allgemein!$B$3:$C$13,2,FALSE) -> 3 | N46: 40 | O46: "
C47: " | G47: 1.839
C48: " | G48: 1.838
B49: 18J-0030Z | C49: " | D49: 25.6 | E49: 0.5 | F49: 863 | G49: 1.798 | H49: 7.16 | I49: 7.09 | J49: =IF(M49<>"",(H49-I49)/M49,"") -> 0.0175 | K49: =(F49*(273.15+D49)/273.15)/(M49*N49) -> 7.8656797 | L49: MU4 | M49: =VLOOKUP(L49,allgemein!$B$3:$C$13,2,FALSE) -> 4 | N49: 30 | O49: FA704265
C50: " | G50: 1.785
C51: " | G51: 1.783
C52: " | G52: 1.794
B53: 18J-0031Z | C53: " | D53: 25.3 | E53: 0.5 | F53: 864 | G53: 1.788 | H53: 7.141 | I53: 7.07 | J53: =IF(M53<>"",(H53-I53)/M53,"") -> 0.01775 | K53: =(F53*(273.15+D53)/273.15)/(M53*N53) -> 7.8668863 | L53: MU4 | M53: =VLOOKUP(L53,allgemein!$B$3:$C$13,2,FALSE) -> 4 | N53: 30 | O53: "
C54: 704474 | G54: 1.778 | P54: Mem. neue Nafionf. N117
C55: " | G55: 1.789 | P55: Batch: 1712FS2138
C56: " | G56: 1.786
B57: 18J-0032Z | C57: " | D57: 25.1 | E57: 0 | F57: 567 | G57: 1.836 | H57: 3.669 | I57: 3.638 | J57: =IF(M57<>"",(H57-I57)/M57,"") -> 0.0155 | K57: =(F57*(273.15+D57)/273.15)/(M57*N57) -> 7.7387768 | L57: MU2 | M57: =VLOOKUP(L57,allgemein!$B$3:$C$13,2,FALSE) -> 2 | N57: 40 | O57: FA703944
C58: " | G58: 1.833
B59: 18J-0033Z | C59: " | D59: 26.5 | E59: 0.2 | F59: 569 | G59: 1.832 | H59: 3.666 | I59: 3.63 | J59: =IF(M59<>"",(H59-I59)/M59,"") -> 0.018 | K59: =(F59*(273.15+D59)/273.15)/(M59*N59) -> 7.8025284 | L59: MU2 | M59: =VLOOKUP(L59,allgemein!$B$3:$C$13,2,FALSE) -> 2 | N59: 40 | O59: "
C60: " | G60: 1.834
B61: 18J-0034Z | C61: " | D61: 26.5 | E61: 0.3 | F61: 568 | G61: 1.83 | H61: 3.658 | I61: 3.626 | J61: =IF(M61<>"",(H61-I61)/M61,"") -> 0.016 | K61: =(F61*(273.15+D61)/273.15)/(M61*N61) -> 7.7888157 | L61: MU2 | M61: =VLOOKUP(L61,allgemein!$B$3:$C$13,2,FALSE) -> 2 | N61: 40 | O61: "
C62: " | G62: 1.828
B63: 18J-0035Z | C63: " | D63: 26.3 | E63: 0 | F63: 569 | G63: 1.83 | H63: 3.655 | I63: 3.624 | J63: =IF(M63<>"",(H63-I63)/M63,"") -> 0.0155 | K63: =(F63*(273.15+D63)/273.15)/(M63*N63) -> 7.7973206 | L63: MU2 | M63: =VLOOKUP(L63,allgemein!$B$3:$C$13,2,FALSE) -> 2 | N63: 40 | O63: "
C64: " | G64: 1.825
B65: 18J-0036Z | C65: " | D65: 26.1 | E65: 0.1 | F65: 568 | G65: 1.83 | H65: 3.656 | I65: 3.628 | J65: =IF(M65<>"",(H65-I65)/M65,"") -> 0.014 | K65: =(F65*(273.15+D65)/273.15)/(M65*N65) -> 7.7784185 | L65: MU2 | M65: =VLOOKUP(L65,allgemein!$B$3:$C$13,2,FALSE) -> 2 | N65: 40 | O65: "
C66: " | G66: 1.826
B67: 18J-0037Z | C67: " | D67: 25.9 | E67: 0.1 | F67: 571 | G67: 1.827 | H67: 3.663 | I67: 3.633 | J67: =IF(M67<>"",(H67-I67)/M67,"") -> 0.015 | K67: =(F67*(273.15+D67)/273.15)/(M67*N67) -> 7.8142756 | L67: MU2 | M67: =VLOOKUP(L67,allgemein!$B$3:$C$13,2,FALSE) -> 2 | N67: 40 | O67: "
C68: " | G68: 1.836
B69: 18J-0038Z | C69: 703561 | D69: 25.1 | E69: 0.2 | F69: 178 | H69: 1.866 | I69: 1.851 | J69: =IF(M69<>"",(H69-I69)/M69,"") -> 0.015 | K69: =(F69*(273.15+D69)/273.15)/(M69*N69) -> 7.7742632 | L69: MI_V3 | M69: =VLOOKUP(L69,allgemein!$B$3:$C$13,2,FALSE) -> 1 | N69: 25 | O69: FA704159
B70: 18J-0039Z | C70: " | D70: 25.3 | E70: 0.2 | F70: 179 | H70: 1.87 | I70: 1.856 | J70: =IF(M70<>"",(H70-I70)/M70,"") -> 0.014 | K70: =(F70*(273.15+D70)/273.15)/(M70*N70) -> 7.8231814 | L70: MI_V3 | M70: =VLOOKUP(L70,allgemein!$B$3:$C$13,2,FALSE) -> 1 | N70: 25 | O70: "
B71: 18J-0040Z | C71: 704143 | D71: 26.1 | E71: 0.2 | F71: 178 | H71: 1.87 | I71: 1.854 | J71: =IF(M71<>"",(H71-I71)/M71,"") -> 0.016 | K71: =(F71*(273.15+D71)/273.15)/(M71*N71) -> 7.8003295 | L71: MI_V3 | M71: =VLOOKUP(L71,allgemein!$B$3:$C$13,2,FALSE) -> 1 | N71: 25 | O71: "
B72: 18J-0041Z | C72: " | D72: 25.6 | E72: 0.2 | F72: 178 | H72: 1.871 | I72: 1.857 | J72: =IF(M72<>"",(H72-I72)/M72,"") -> 0.014 | K72: =(F72*(273.15+D72)/273.15)/(M72*N72) -> 7.7872964 | L72: MI_V3 | M72: =VLOOKUP(L72,allgemein!$B$3:$C$13,2,FALSE) -> 1 | N72: 25 | O72: "
B73: 18J-0042Z | C73: " | D73: 26.5 | E73: 0.2 | F73: 178 | H73: 1.865 | I73: 1.852 | J73: =IF(M73<>"",(H73-I73)/M73,"") -> 0.013 | K73: =(F73*(273.15+D73)/273.15)/(M73*N73) -> 7.810756 | L73: MI_V3 | M73: =VLOOKUP(L73,allgemein!$B$3:$C$13,2,FALSE) -> 1 | N73: 25 | O73: "
B74: 18J-0043Z | C74: " | D74: 26.9 | E74: 0.2 | F74: 178 | H74: 1.849 | I74: 1.833 | J74: =IF(M74<>"",(H74-I74)/M74,"") -> 0.016 | K74: =(F74*(273.15+D74)/273.15)/(M74*N74) -> 7.8211825 | L74: MI_V3 | M74: =VLOOKUP(L74,allgemein!$B$3:$C$13,2,FALSE) -> 1 | N74: 25 | O74: "
B75: 18J-0044Z | C75: " | D75: 27.3 | E75: 0.1 | F75: 178 | H75: 1.85 | I75: 1.834 | J75: =IF(M75<>"",(H75-I75)/M75,"") -> 0.016 | K75: =(F75*(273.15+D75)/273.15)/(M75*N75) -> 7.831609 | L75: MI_V3 | M75: =VLOOKUP(L75,allgemein!$B$3:$C$13,2,FALSE) -> 1 | N75: 25 | O75: "
B76: 18J-0045Z | C76: " | D76: 23.9 | E76: 0.1 | F76: 178 | H76: 1.883 | I76: 1.869 | J76: =IF(M76<>"",(H76-I76)/M76,"") -> 0.014 | K76: =(F76*(273.15+D76)/273.15)/(M76*N76) -> 7.7429837 | L76: MI_V3 | M76: =VLOOKUP(L76,allgemein!$B$3:$C$13,2,FALSE) -> 1 | N76: 25 | O76: "
B77: 18J-0046Z | C77: " | D77: 24 | E77: 0.2 | F77: 174 | H77: 1.904 | I77: 1.892 | J77: =IF(M77<>"",(H77-I77)/M77,"") -> 0.012 | K77: =(F77*(273.15+D77)/273.15)/(M77*N77) -> 7.5715321 | L77: MI_V3 | M77: =VLOOKUP(L77,allgemein!$B$3:$C$13,2,FALSE) -> 1 | N77: 25 | O77: " | P77: Mem. einzelne transp. Stellen; Gasfluss schlecht
B78: " | C78: " | D78: 24.6 | E78: 0.2 | F78: 178 | H78: 1.855 | I78: 1.84 | J78: =IF(M78<>"",(H78-I78)/M78,"") -> 0.015 | K78: =(F78*(273.15+D78)/273.15)/(M78*N78) -> 7.7612301 | L78: MI_V3 | M78: =VLOOKUP(L78,allgemein!$B$3:$C$13,2,FALSE) -> 1 | N78: 25 | O78: " | P78: Mem. gewechselt
B79: 18J-0047Z | C79: " | D79: 24.1 | E79: 0.1 | F79: 178 | H79: 1.879 | I79: 1.862 | J79: =IF(M79<>"",(H79-I79)/M79,"") -> 0.017 | K79: =(F79*(273.15+D79)/273.15)/(M79*N79) -> 7.748197 | L79: MI_V3 | M79: =VLOOKUP(L79,allgemein!$B$3:$C$13,2,FALSE) -> 1 | N79: 25 | O79: " | P79: Faden
B80: 18J-0048Z | C80: " | D80: 24.2 | E80: 0.1 | F80: 177 | H80: 1.872 | I80: 1.856 | J80: =IF(M80<>"",(H80-I80)/M80,"") -> 0.016 | K80: =(F80*(273.15+D80)/273.15)/(M80*N80) -> 7.7072597 | L80: MI_V3 | M80: =VLOOKUP(L80,allgemein!$B$3:$C$13,2,FALSE) -> 1 | N80: 25 | O80: " | P80: am Rand kleines Punktloch
B81: 18J-0049Z | C81: " | D81: 24.5 | E81: 0.1 | F81: 178 | H81: 1.877 | I81: 1.861 | J81: =IF(M81<>"",(H81-I81)/M81,"") -> 0.016 | K81: =(F81*(273.15+D81)/273.15)/(M81*N81) -> 7.7586235 | L81: MI_V3 | M81: =VLOOKUP(L81,allgemein!$B$3:$C$13,2,FALSE) -> 1 | N81: 25 | O81: "
B82: 18J-0050Z | C82: " | D82: 24.7 | E82: 0 | F82: 178 | H82: 1.881 | I82: 1.866 | J82: =IF(M82<>"",(H82-I82)/M82,"") -> 0.015 | K82: =(F82*(273.15+D82)/273.15)/(M82*N82) -> 7.7638367 | L82: MI_V3 | M82: =VLOOKUP(L82,allgemein!$B$3:$C$13,2,FALSE) -> 1 | N82: 25 | O82: "
B83: 18J-0051Z | C83: " | D83: 25.1 | E83: 0 | F83: 177 | H83: 1.872 | I83: 1.856 | J83: =IF(M83<>"",(H83-I83)/M83,"") -> 0.016 | K83: =(F83*(273.15+D83)/273.15)/(M83*N83) -> 7.7305876 | L83: MI_V3 | M83: =VLOOKUP(L83,allgemein!$B$3:$C$13,2,FALSE) -> 1 | N83: 25 | O83: "
B84: 18J-0052Z | C84: " | D84: 25.5 | E84: 0.1 | F84: 178 | H84: 1.874 | I84: 1.862 | J84: =IF(M84<>"",(H84-I84)/M84,"") -> 0.012 | K84: =(F84*(273.15+D84)/273.15)/(M84*N84) -> 7.7846897 | L84: MI_V3 | M84: =VLOOKUP(L84,allgemein!$B$3:$C$13,2,FALSE) -> 1 | N84: 25 | O84: "
B85: 18J-0053Z | C85: 704474 | D85: 25.8 | E85: 0.1 | F85: 853 | G85: 1.836 | H85: 5.51 | I85: 5.468 | J85: =IF(M85<>"",(H85-I85)/M85,"") -> 0.014 | K85: =(F85*(273.15+D85)/273.15)/(M85*N85) -> 7.779741 | L85: MU3 | M85: =VLOOKUP(L85,allgemein!$B$3:$C$13,2,FALSE) -> 3 | N85: 40 | O85: FA703945
C86: " | G86: 1.839
C87: " | G87: 1.835
B88: 18J-0054Z | C88: " | D88: 25.3 | E88: 0.2 | F88: 855 | G88: 1.84 | H88: 5.517 | I88: 5.474 | J88: =IF(M88<>"",(H88-I88)/M88,"") -> 0.014333333 | K88: =(F88*(273.15+D88)/273.15)/(M88*N88) -> 7.7849396 | L88: MU3 | M88: =VLOOKUP(L88,allgemein!$B$3:$C$13,2,FALSE) -> 3 | N88: 40 | O88: "
C89: 704535 | G89: 1.834
C90: " | G90: 1.843
B91: 18J-0055Z | C91: " | D91: 24.8 | E91: 0.1 | F91: 852 | G91: 1.852 | H91: 5.56 | I91: 5.517 | J91: =IF(M91<>"",(H91-I91)/M91,"") -> 0.014333333 | K91: =(F91*(273.15+D91)/273.15)/(M91*N91) -> 7.7446275 | L91: MU3 | M91: =VLOOKUP(L91,allgemein!$B$3:$C$13,2,FALSE) -> 3 | N91: 40 | O91: "
C92: " | G92: 1.854
C93: " | G93: 1.854
B94: 18J-0056Z | C94: " | D94: 26.6 | E94: 0.1 | F94: 858 | G94: 1.84 | H94: 5.511 | I94: 5.463 | J94: =IF(M94<>"",(H94-I94)/M94,"") -> 0.016 | K94: =(F94*(273.15+D94)/273.15)/(M94*N94) -> 7.8462841 | L94: MU3 | M94: =VLOOKUP(L94,allgemein!$B$3:$C$13,2,FALSE) -> 3 | N94: 40 | O94: "
C95: " | G95: 1.832
C96: " | G96: 1.839
B97: 18J-0057Z | C97: " | D97: 26.4 | E97: 0 | F97: 857 | G97: 1.824 | H97: 5.49 | I97: 5.444 | J97: =IF(M97<>"",(H97-I97)/M97,"") -> 0.015333333 | K97: =(F97*(273.15+D97)/273.15)/(M97*N97) -> 7.8319101 | L97: MU3 | M97: =VLOOKUP(L97,allgemein!$B$3:$C$13,2,FALSE) -> 3 | N97: 40 | O97: "
C98: " | G98: 1.83
C99: " | G99: 1.836
B100: 18J-0058Z | C100: " | D100: 26.3 | E100: 0 | F100: 855 | G100: 1.826 | H100: 5.494 | I100: 5.447 | J100: =IF(M100<>"",(H100-I100)/M100,"") -> 0.015666667 | K100: =(F100*(273.15+D100)/273.15)/(M100*N100) -> 7.8110242 | L100: MU3 | M100: =VLOOKUP(L100,allgemein!$B$3:$C$13,2,FALSE) -> 3 | N100: 40 | O100: "
C101: " | G101: 1.836
C102: " | G102: 1.832
...

Sheet Nov
B3: Cell # | C3: Membran Batch FA | D3: Temp Gas / [°C] | E3: Temp Kat T1-T2 / [°C] | F3: Gasfluss / [sccm / min] | G3: Membrane V @ 13 bar/[V] | H3: Cell V @ 13 bar/[V] | I3: Cell V @ 0 bar [V] | J3: Voltage Diff. / [V] | K3: H2 Prod / [nmL/A] | L3: Typ | M3: Anzahl Layer | N3: Strom / [A] | O3: FA # | P3: Bemerkungen | R3: Bemerkungen | S3: Visum | T3: Jahr: | U3: 2018
B4: 18K-0001Z-R | C4: 704474 | D4: 24.2 | E4: 0 | F4: 284 | H4: 1.908 | I4: 1.896 | J4: =IF(M4<>"",(H4-I4)/M4,"") -> 0.012 | K4: =(F4*(273.15+D4)/273.15)/(M4*N4) -> 7.7290317 | L4: MA_V1 | M4: =VLOOKUP(L4,allgemein!$B$3:$C$13,2,FALSE) -> 1 | N4: 40 | O4: FA704917 | P4: Ersatz für 18C-0014Z-R/ Mem. grosses Pt. Loch (Rand)
B5: 18K-0002Z-R | C5: 704536 | D5: 24.3 | E5: 0 | F5: 282 | H5: 1.911 | I5: 1.903 | J5: =IF(M5<>"",(H5-I5)/M5,"") -> 0.008 | K5: =(F5*(273.15+D5)/273.15)/(M5*N5) -> 7.6771829 | L5: MA_V2 | M5: =VLOOKUP(L5,allgemein!$B$3:$C$13,2,FALSE) -> 1 | N5: 40 | O5: FA704916 | P5: Ersatz für 1408-5215/ Mem. ????
B6: 18K-0003Z | C6: 704695 | D6: 24.5 | E6: 0.1 | F6: 285 | H6: 1.868 | I6: 1.844 | J6: =IF(M6<>"",(H6-I6)/M6,"") -> 0.024 | K6: =(F6*(273.15+D6)/273.15)/(M6*N6) -> 7.7640719 | L6: MU1 | M6: =VLOOKUP(L6,allgemein!$B$3:$C$13,2,FALSE) -> 1 | N6: 40 | O6: FA704192
B7: 18K-0004Z | C7: " | D7: 24.6 | E7: 0 | F7: 285 | H7: 1.849 | I7: 1.824 | J7: =IF(M7<>"",(H7-I7)/M7,"") -> 0.025 | K7: =(F7*(273.15+D7)/273.15)/(M7*N7) -> 7.7666804 | L7: MU1 | M7: =VLOOKUP(L7,allgemein!$B$3:$C$13,2,FALSE) -> 1 | N7: 40 | O7: "
B8: 18K-0005Z | C8: " | D8: 24.7 | E8: 0.1 | F8: 285 | H8: 1.862 | I8: 1.837 | J8: =IF(M8<>"",(H8-I8)/M8,"") -> 0.025 | K8: =(F8*(273.15+D8)/273.15)/(M8*N8) -> 7.7692889 | L8: MU1 | M8: =VLOOKUP(L8,allgemein!$B$3:$C$13,2,FALSE) -> 1 | N8: 40 | O8: "
B9: 18K-0006Z | C9: " | D9: 24.8 | E9: 0.1 | F9: 285 | H9: 1.857 | I9: 1.839 | J9: =IF(M9<>"",(H9-I9)/M9,"") -> 0.018 | K9: =(F9*(273.15+D9)/273.15)/(M9*N9) -> 7.7718973 | L9: MU1 | M9: =VLOOKUP(L9,allgemein!$B$3:$C$13,2,FALSE) -> 1 | N9: 40 | O9: "
B10: 18K-0007Z | C10: " | D10: 24.9 | E10: 0.1 | F10: 285 | H10: 1.865 | I10: 1.834 | J10: =IF(M10<>"",(H10-I10)/M10,"") -> 0.031 | K10: =(F10*(273.15+D10)/273.15)/(M10*N10) -> 7.7745058 | L10: MU1 | M10: =VLOOKUP(L10,allgemein!$B$3:$C$13,2,FALSE) -> 1 | N10: 40 | O10: " | P10: Mem. leicht transp. Stellen
B11: " | C11: " | D11: 24.5 | E11: 0.1 | F11: 285 | H11: 1.871 | I11: 1.84 | J11: =IF(M11<>"",(H11-I11)/M11,"") -> 0.031 | K11: =(F11*(273.15+D11)/273.15)/(M11*N11) -> 7.7640719 | L11: MU1 | M11: =VLOOKUP(L11,allgemein!$B$3:$C$13,2,FALSE) -> 1 | N11: 40 | O11: "
B12: " | C12: " | D12: 25.8 | E12: 0 | F12: 284 | H12: 1.868 | I12: 1.831 | J12: =IF(M12<>"",(H12-I12)/M12,"") -> 0.037 | K12: =(F12*(273.15+D12)/273.15)/(M12*N12) -> 7.7706205 | L12: MU1 | M12: =VLOOKUP(L12,allgemein!$B$3:$C$13,2,FALSE) -> 1 | N12: 40 | O12: "
B13: " | C13: " | D13: 23.2 | E13: 0 | F13: 285 | H13: 1.873 | I13: 1.856 | J13: =IF(M13<>"",(H13-I13)/M13,"") -> 0.017 | K13: =(F13*(273.15+D13)/273.15)/(M13*N13) -> 7.730162 | L13: MU1 | M13: =VLOOKUP(L13,allgemein!$B$3:$C$13,2,FALSE) -> 1 | N13: 40 | O13: " | P13: Vliese gew./ H-seitig 0.8mm
B14: " | C14: " | D14: 24.6 | E14: 0 | F14: 285 | H14: 1.855 | I14: 1.84 | J14: =IF(M14<>"",(H14-I14)/M14,"") -> 0.015 | K14: =(F14*(273.15+D14)/273.15)/(M14*N14) -> 7.7666804 | L14: MU1 | M14: =VLOOKUP(L14,allgemein!$B$3:$C$13,2,FALSE) -> 1 | N14: 40 | O14: "
B15: " | C15: " | D15: 25.9 | E15: 0 | F15: 284 | H15: 1.848 | I15: 1.834 | J15: =IF(M15<>"",(H15-I15)/M15,"") -> 0.014 | K15: =(F15*(273.15+D15)/273.15)/(M15*N15) -> 7.7732198 | L15: MU1 | M15: =VLOOKUP(L15,allgemein!$B$3:$C$13,2,FALSE) -> 1 | N15: 40 | O15: " | P15: nach dem Spülen
B16: 18K-0008Z | C16: " | D16: 24.9 | E16: 0.1 | F16: 285 | H16: 1.84 | I16: 1.818 | J16: =IF(M16<>"",(H16-I16)/M16,"") -> 0.022 | K16: =(F16*(273.15+D16)/273.15)/(M16*N16) -> 7.7745058 | L16: MU1 | M16: =VLOOKUP(L16,allgemein!$B$3:$C$13,2,FALSE) -> 1 | N16: 40 | O16: " | P16: Mem. leicht transp. Stellen
B17: 18K-0009Z | C17: " | D17: 25 | E17: 0 | F17: 284 | H17: 1.842 | I17: 1.823 | J17: =IF(M17<>"",(H17-I17)/M17,"") -> 0.019 | K17: =(F17*(273.15+D17)/273.15)/(M17*N17) -> 7.7498261 | L17: MU1 | M17: =VLOOKUP(L17,allgemein!$B$3:$C$13,2,FALSE) -> 1 | N17: 40 | O17: " | P17: Mem. Kratzer
B18: 18K-0010Z | C18: " | D18: 25.2 | E18: 0 | F18: 284 | H18: 1.846 | I18: 1.819 | J18: =IF(M18<>"",(H18-I18)/M18,"") -> 0.027 | K18: =(F18*(273.15+D18)/273.15)/(M18*N18) -> 7.7550247 | L18: MU1 | M18: =VLOOKUP(L18,allgemein!$B$3:$C$13,2,FALSE) -> 1 | N18: 40 | O18: " | P18: Mem. leicht transp. Stellen, Kratzer
B19: 18K-0011Z | C19: " | D19: 27.7 | E19: 0.8 | F19: 851 | G19: 1.833 | H19: 5.506 | I19: 5.482 | J19: =IF(M19<>"",(H19-I19)/M19,"") -> 0.008 | K19: =(F19*(273.15+D19)/273.15)/(M19*N19) -> 7.8108289 | L19: MU3 | M19: =VLOOKUP(L19,allgemein!$B$3:$C$13,2,FALSE) -> 3 | N19: 40 | O19: FA704855
C20: " | G20: 1.828
C21: " | G21: 1.845
B22: 18K-0012Z | C22: " | D22: 25.1 | E22: 0.1 | F22: 570 | G22: 1.83 | H22: 3.642 | I22: 3.613 | J22: =IF(M22<>"",(H22-I22)/M22,"") -> 0.0145 | K22: =(F22*(273.15+D22)/273.15)/(M22*N22) -> 7.7797227 | L22: MU2 | M22: =VLOOKUP(L22,allgemein!$B$3:$C$13,2,FALSE) -> 2 | N22: 40 | O22: FA704854
C23: " | G23: 1.812
B24: 18K-0013Z | C24: " | D24: 24.8 | E24: 0 | F24: 571 | G24: 1.823 | H24: 3.642 | I24: 3.607 | J24: =IF(M24<>"",(H24-I24)/M24,"") -> 0.0175 | K24: =(F24*(273.15+D24)/273.15)/(M24*N24) -> 7.7855322 | L24: MU2 | M24: =VLOOKUP(L24,allgemein!$B$3:$C$13,2,FALSE) -> 2 | N24: 40 | O24: "
C25: " | G25: 1.819
B26: 18K-0014Z | C26: " | D26: 24.3 | E26: 0.2 | F26: 571 | G26: 1.823 | H26: 3.643 | I26: 3.609 | J26: =IF(M26<>"",(H26-I26)/M26,"") -> 0.017 | K26: =(F26*(273.15+D26)/273.15)/(M26*N26) -> 7.7724671 | L26: MU2 | M26: =VLOOKUP(L26,allgemein!$B$3:$C$13,2,FALSE) -> 2 | N26: 40 | O26: "
C27: " | G27: 1.82
B28: 18K-0015Z | C28: 704700 | D28: 25.6 | E28: 0.4 | F28: 868 | G28: 1.778 | H28: 7.096 | I28: 7.03 | J28: =IF(M28<>"",(H28-I28)/M28,"") -> 0.0165 | K28: =(F28*(273.15+D28)/273.15)/(M28*N28) -> 7.9112514 | L28: MU4 | M28: =VLOOKUP(L28,allgemein!$B$3:$C$13,2,FALSE) -> 4 | N28: 30 | O28: FA704856
C29: " | G29: 1.77
C30: " | G30: 1.773
C31: " | G31: 1.775
B32: 18K-0016Z | C32: 704695 | D32: 25.1 | E32: 0 | F32: 284 | H32: 1.843 | I32: 1.824 | J32: =IF(M32<>"",(H32-I32)/M32,"") -> 0.019 | K32: =(F32*(273.15+D32)/273.15)/(M32*N32) -> 7.7524254 | L32: MU1 | M32: =VLOOKUP(L32,allgemein!$B$3:$C$13,2,FALSE) -> 1 | N32: 40 | O32: FA705006 | P32: Mem. leicht transp. Stellen
B33: 18K-0017Z | C33: " | D33: 25.2 | E33: 0 | F33: 284 | H33: 1.833 | I33: 1.818 | J33: =IF(M33<>"",(H33-I33)/M33,"") -> 0.015 | K33: =(F33*(273.15+D33)/273.15)/(M33*N33) -> 7.7550247 | L33: MU1 | M33: =VLOOKUP(L33,allgemein!$B$3:$C$13,2,FALSE) -> 1 | N33: 40 | O33: " | P33: Mem. leicht transp. Stellen
B34: 18K-0018Z | C34: " | D34: 25.3 | E34: 0 | F34: 284 | H34: 1.839 | I34: 1.82 | J34: =IF(M34<>"",(H34-I34)/M34,"") -> 0.019 | K34: =(F34*(273.15+D34)/273.15)/(M34*N34) -> 7.757624 | L34: MU1 | M34: =VLOOKUP(L34,allgemein!$B$3:$C$13,2,FALSE) -> 1 | N34: 40 | O34: " | P34: Mem. Rand knapp
B35: 18K-0019Z | C35: 704700 | D35: 25.5 | E35: 0 | F35: 284 | H35: 1.836 | I35: 1.819 | J35: =IF(M35<>"",(H35-I35)/M35,"") -> 0.017 | K35: =(F35*(273.15+D35)/273.15)/(M35*N35) -> 7.7628226 | L35: MU1 | M35: =VLOOKUP(L35,allgemein!$B$3:$C$13,2,FALSE) -> 1 | N35: 40 | O35: "
B36: 18K-0020Z | C36: " | D36: 25.7 | E36: 0 | F36: 284 | H36: 1.838 | I36: 1.817 | J36: =IF(M36<>"",(H36-I36)/M36,"") -> 0.021 | K36: =(F36*(273.15+D36)/273.15)/(M36*N36) -> 7.7680212 | L36: MU1 | M36: =VLOOKUP(L36,allgemein!$B$3:$C$13,2,FALSE) -> 1 | N36: 40 | O36: "
B37: 18K-0021Z | C37: " | D37: 24.8 | E37: 0.1 | F37: 285 | H37: 1.855 | I37: 1.833 | J37: =IF(M37<>"",(H37-I37)/M37,"") -> 0.022 | K37: =(F37*(273.15+D37)/273.15)/(M37*N37) -> 7.7718973 | L37: MU1 | M37: =VLOOKUP(L37,allgemein!$B$3:$C$13,2,FALSE) -> 1 | N37: 40 | O37: "
B38: 18K-0022Z | C38: " | D38: 24.8 | E38: 0.1 | F38: 285 | H38: 1.852 | I38: 1.828 | J38: =IF(M38<>"",(H38-I38)/M38,"") -> 0.024 | K38: =(F38*(273.15+D38)/273.15)/(M38*N38) -> 7.7718973 | L38: MU1 | M38: =VLOOKUP(L38,allgemein!$B$3:$C$13,2,FALSE) -> 1 | N38: 40 | O38: "
B39: 18K-0023Z | C39: " | D39: 24.7 | E39: 0 | F39: 285 | H39: 1.845 | I39: 1.824 | J39: =IF(M39<>"",(H39-I39)/M39,"") -> 0.021 | K39: =(F39*(273.15+D39)/273.15)/(M39*N39) -> 7.7692889 | L39: MU1 | M39: =VLOOKUP(L39,allgemein!$B$3:$C$13,2,FALSE) -> 1 | N39: 40 | O39: "
B40: 18K-0024Z | C40: " | D40: 24.7 | E40: 0 | F40: 285 | H40: 1.832 | I40: 1.817 | J40: =IF(M40<>"",(H40-I40)/M40,"") -> 0.015 | K40: =(F40*(273.15+D40)/273.15)/(M40*N40) -> 7.7692889 | L40: MU1 | M40: =VLOOKUP(L40,allgemein!$B$3:$C$13,2,FALSE) -> 1 | N40: 40 | O40: "
B41: 18K-0025Z | C41: " | D41: 24.8 | E41: 0 | F41: 285 | H41: 1.853 | I41: 1.832 | J41: =IF(M41<>"",(H41-I41)/M41,"") -> 0.021 | K41: =(F41*(273.15+D41)/273.15)/(M41*N41) -> 7.7718973 | L41: MU1 | M41: =VLOOKUP(L41,allgemein!$B$3:$C$13,2,FALSE) -> 1 | N41: 40 | O41: "
B42: 18K-0026Z | C42: " | D42: 24.9 | E42: 0 | F42: 285 | H42: 1.838 | I42: 1.816 | J42: =IF(M42<>"",(H42-I42)/M42,"") -> 0.022 | K42: =(F42*(273.15+D42)/273.15)/(M42*N42) -> 7.7745058 | L42: MU1 | M42: =VLOOKUP(L42,allgemein!$B$3:$C$13,2,FALSE) -> 1 | N42: 40 | O42: "
B43: 18K-0027Z | C43: " | D43: 25 | E43: 0 | F43: 285 | H43: 1.84 | I43: 1.821 | J43: =IF(M43<>"",(H43-I43)/M43,"") -> 0.019 | K43: =(F43*(273.15+D43)/273.15)/(M43*N43) -> 7.7771142 | L43: MU1 | M43: =VLOOKUP(L43,allgemein!$B$3:$C$13,2,FALSE) -> 1 | N43: 40 | O43: "
B44: 18K-0028Z | C44: " | D44: 24.4 | E44: 0.1 | F44: 284 | H44: 1.86 | I44: 1.843 | J44: =IF(M44<>"",(H44-I44)/M44,"") -> 0.017 | K44: =(F44*(273.15+D44)/273.15)/(M44*N44) -> 7.7342303 | L44: MU1 | M44: =VLOOKUP(L44,allgemein!$B$3:$C$13,2,FALSE) -> 1 | N44: 40 | O44: "
B45: 18K-0029Z | C45: " | D45: 24.4 | E45: 0 | F45: 284 | H45: 1.864 | I45: 1.846 | J45: =IF(M45<>"",(H45-I45)/M45,"") -> 0.018 | K45: =(F45*(273.15+D45)/273.15)/(M45*N45) -> 7.7342303 | L45: MU1 | M45: =VLOOKUP(L45,allgemein!$B$3:$C$13,2,FALSE) -> 1 | N45: 40 | O45: "
B46: 18K-0030Z | C46: " | D46: 24.3 | E46: 0 | F46: 284 | H46: 1.861 | I46: 1.84 | J46: =IF(M46<>"",(H46-I46)/M46,"") -> 0.021 | K46: =(F46*(273.15+D46)/273.15)/(M46*N46) -> 7.731631 | L46: MU1 | M46: =VLOOKUP(L46,allgemein!$B$3:$C$13,2,FALSE) -> 1 | N46: 40 | O46: " | P46: Mem. leicht transp. Stellen
B47: 18K-0031Z | C47: " | D47: 24.3 | E47: 0.1 | F47: 284 | H47: 1.867 | I47: 1.846 | J47: =IF(M47<>"",(H47-I47)/M47,"") -> 0.021 | K47: =(F47*(273.15+D47)/273.15)/(M47*N47) -> 7.731631 | L47: MU1 | M47: =VLOOKUP(L47,allgemein!$B$3:$C$13,2,FALSE) -> 1 | N47: 40 | O47: " | P47: Mem. leicht transp. Stellen
B48: 18K-0032Z | C48: " | D48: 24.2 | E48: 0 | F48: 284 | H48: 1.849 | I48: 1.828 | J48: =IF(M48<>"",(H48-I48)/M48,"") -> 0.021 | K48: =(F48*(273.15+D48)/273.15)/(M48*N48) -> 7.7290317 | L48: MU1 | M48: =VLOOKUP(L48,allgemein!$B$3:$C$13,2,FALSE) -> 1 | N48: 40 | O48: "
B49: 18K-0033Z | C49: 704142 | D49: 23 | E49: 0 | F49: 178 | H49: 1.871 | I49: 1.854 | J49: =IF(M49<>"",(H49-I49)/M49,"") -> 0.017 | K49: =(F49*(273.15+D49)/273.15)/(M49*N49) -> 7.7195241 | L49: MI_V3 | M49: =VLOOKUP(L49,allgemein!$B$3:$C$13,2,FALSE) -> 1 | N49: 25 | O49: FA704918
B50: 18K-0034Z | C50: " | D50: 23.1 | E50: 0.1 | F50: 178 | H50: 1.878 | I50: 1.86 | J50: =IF(M50<>"",(H50-I50)/M50,"") -> 0.018 | K50: =(F50*(273.15+D50)/273.15)/(M50*N50) -> 7.7221307 | L50: MI_V3 | M50: =VLOOKUP(L50,allgemein!$B$3:$C$13,2,FALSE) -> 1 | N50: 25 | O50: "
B51: 18K-0035Z | C51: " | D51: 23.2 | E51: 0.2 | F51: 177 | H51: 1.874 | I51: 1.861 | J51: =IF(M51<>"",(H51-I51)/M51,"") -> 0.013 | K51: =(F51*(273.15+D51)/273.15)/(M51*N51) -> 7.6813399 | L51: MI_V3 | M51: =VLOOKUP(L51,allgemein!$B$3:$C$13,2,FALSE) -> 1 | N51: 25 | O51: "
B52: 18K-0036Z | C52: " | D52: 23.3 | E52: 0.1 | F52: 177 | H52: 1.856 | I52: 1.84 | J52: =IF(M52<>"",(H52-I52)/M52,"") -> 0.016 | K52: =(F52*(273.15+D52)/273.15)/(M52*N52) -> 7.6839319 | L52: MI_V3 | M52: =VLOOKUP(L52,allgemein!$B$3:$C$13,2,FALSE) -> 1 | N52: 25 | O52: "
B53: 18K-0037Z | C53: " | D53: 24 | E53: 0.2 | F53: 177 | H53: 1.86 | I53: 1.846 | J53: =IF(M53<>"",(H53-I53)/M53,"") -> 0.014 | K53: =(F53*(273.15+D53)/273.15)/(M53*N53) -> 7.7020758 | L53: MI_V3 | M53: =VLOOKUP(L53,allgemein!$B$3:$C$13,2,FALSE) -> 1 | N53: 25 | O53: "
B54: 18K-0038Z | C54: " | D54: 24.3 | E54: 0.1 | F54: 177 | H54: 1.855 | I54: 1.838 | J54: =IF(M54<>"",(H54-I54)/M54,"") -> 0.017 | K54: =(F54*(273.15+D54)/273.15)/(M54*N54) -> 7.7098517 | L54: MI_V3 | M54: =VLOOKUP(L54,allgemein!$B$3:$C$13,2,FALSE) -> 1 | N54: 25 | O54: "
B55: 18K-0039Z | C55: " | D55: 24.8 | E55: 0.1 | F55: 176 | H55: 1.85 | I55: 1.834 | J55: =IF(M55<>"",(H55-I55)/M55,"") -> 0.016 | K55: =(F55*(273.15+D55)/273.15)/(M55*N55) -> 7.6791799 | L55: MI_V3 | M55: =VLOOKUP(L55,allgemein!$B$3:$C$13,2,FALSE) -> 1 | N55: 25 | O55: "
B56: 18K-0040Z | C56: " | D56: 25.3 | E56: 0 | F56: 177 | H56: 1.847 | I56: 1.835 | J56: =IF(M56<>"",(H56-I56)/M56,"") -> 0.012 | K56: =(F56*(273.15+D56)/273.15)/(M56*N56) -> 7.7357716 | L56: MI_V3 | M56: =VLOOKUP(L56,allgemein!$B$3:$C$13,2,FALSE) -> 1 | N56: 25 | O56: "
B57: 18K-0041Z | C57: " | D57: 22.1 | E57: 0 | F57: 178 | H57: 1.875 | I57: 1.864 | J57: =IF(M57<>"",(H57-I57)/M57,"") -> 0.011 | K57: =(F57*(273.15+D57)/273.15)/(M57*N57) -> 7.6960644 | L57: MI_V3 | M57: =VLOOKUP(L57,allgemein!$B$3:$C$13,2,FALSE) -> 1 | N57: 25 | O57: "
B58: 18K-0042Z | C58: " | D58: 22.1 | E58: 0 | F58: 179 | H58: 1.87 | I58: 1.857 | J58: =IF(M58<>"",(H58-I58)/M58,"") -> 0.013 | K58: =(F58*(273.15+D58)/273.15)/(M58*N58) -> 7.7393008 | L58: MI_V3 | M58: =VLOOKUP(L58,allgemein!$B$3:$C$13,2,FALSE) -> 1 | N58: 25 | O58: "
B59: 18K-0043Z | C59: " | D59: 22.3 | E59: 0.1 | F59: 178 | H59: 1.871 | I59: 1.856 | J59: =IF(M59<>"",(H59-I59)/M59,"") -> 0.015 | K59: =(F59*(273.15+D59)/273.15)/(M59*N59) -> 7.7012777 | L59: MI_V3 | M59: =VLOOKUP(L59,allgemein!$B$3:$C$13,2,FALSE) -> 1 | N59: 25 | O59: "
B60: 18K-0044Z | C60: " | D60: 22.4 | E60: 0 | F60: 178 | H60: 1.87 | I60: 1.855 | J60: =IF(M60<>"",(H60-I60)/M60,"") -> 0.015 | K60: =(F60*(273.15+D60)/273.15)/(M60*N60) -> 7.7038843 | L60: MI_V3 | M60: =VLOOKUP(L60,allgemein!$B$3:$C$13,2,FALSE) -> 1 | N60: 25 | O60: "
B61: 18K-0045Z | C61: " | D61: 22.7 | E61: 0.1 | F61: 179 | H61: 1.861 | I61: 1.848 | J61: =IF(M61<>"",(H61-I61)/M61,"") -> 0.013 | K61: =(F61*(273.15+D61)/273.15)/(M61*N61) -> 7.7550284 | L61: MI_V3 | M61: =VLOOKUP(L61,allgemein!$B$3:$C$13,2,FALSE) -> 1 | N61: 25 | O61: "
... B68: 18K-0052Z | C68: " | D68: 24.4 | E68: 0 | F68: 177 | H68: 1.871 | I68: 1.855 | J68: =IF(M68<>"",(H68-I68)/M68,"") -> 0.016 | K68: =(F68*(273.15+D68)/273.15)/(M68*N68) -> 7.7124437 | L68: MI_V3 | M68: =VLOOKUP(L68,allgemein!$B$3:$C$13,2,FALSE) -> 1 | N68: 25 | O68: "
B69: 18K-0053Z-R | C69: 705085 | D69: 24.9 | E69: 0 | F69: 276 | H69: 1.916 | I69: 1.905 | J69: =IF(M69<>"",(H69-I69)/M69,"") -> 0.011 | K69: =(F69*(273.15+D69)/273.15)/(M69*N69) -> 7.5289951 | L69: SP-H2 | M69: =VLOOKUP(L69,allgemein!$B$3:$C$13,2,FALSE) -> 1 | N69: 40 | O69: FA705092 | P69: vormals 0236-0202-0312
B70: 18K-0054Z-R | C70: " | D70: 24.8 | E70: 0 | F70: 276 | H70: 1.911 | I70: 1.898 | J70: =IF(M70<>"",(H70-I70)/M70,"") -> 0.013 | K70: =(F70*(273.15+D70)/273.15)/(M70*N70) -> 7.526469 | L70: SP-H2 | M70: =VLOOKUP(L70,allgemein!$B$3:$C$13,2,FALSE) -> 1 | N70: 40 | O70: " | P70: vormals 0236-0203-0312
B71: 18K-0055Z | C71: 704700 | D71: 24.5 | E71: 0 | F71: 860 | G71: 1.846 | H71: 5.539 | I71: 5.484 | J71: =IF(M71<>"",(H71-I71)/M71,"") -> 0.018333333 | K71: =(F71*(273.15+D71)/273.15)/(M71*N71) -> 7.8094759 | L71: MU3 | M71: =VLOOKUP(L71,allgemein!$B$3:$C$13,2,FALSE) -> 3 | N71: 40 | O71: FA705089
C72: " | G72: 1.848
C73: 704701 | G73: 1.845
B74: 18K-0056Z | C74: " | D74: 24.4 | E74: 0 | F74: 855 | G74: 1.834 | H74: 5.512 | I74: 5.456 | J74: =IF(M74<>"",(H74-I74)/M74,"") -> 0.018666667 | K74: =(F74*(273.15+D74)/273.15)/(M74*N74) -> 7.7614635 | L74: MU3 | M74: =VLOOKUP(L74,allgemein!$B$3:$C$13,2,FALSE) -> 3 | N74: 40 | O74: "
C75: " | G75: 1.838
C76: " | G76: 1.84
B77: 18K-0057Z | C77: " | D77: 23.9 | E77: 0 | F77: 857 | G77: 1.843 | H77: 5.544 | I77: 5.49 | J77: =IF(M77<>"",(H77-I77)/M77,"") -> 0.018 | K77: =(F77*(273.15+D77)/273.15)/(M77*N77) -> 7.7665462 | L77: MU3 | M77: =VLOOKUP(L77,allgemein!$B$3:$C$13,2,FALSE) -> 3 | N77: 40 | O77: "
C78: " | G78: 1.856
C79: " | G79: 1.845
B80: 18K-0058Z | C80: " | D80: 24 | E80: 0 | F80: 285 | H80: 1.848 | I80: 1.828 | J80: =IF(M80<>"",(H80-I80)/M80,"") -> 0.02 | K80: =(F80*(273.15+D80)/273.15)/(M80*N80) -> 7.7510297 | L80: MU1 | M80: =VLOOKUP(L80,allgemein!$B$3:$C$13,2,FALSE) -> 1 | N80: 40 | O80: FA705096 | P80: Mem. kleines Punktloch
B81: 18K-0059Z | C81: " | D81: 24 | E81: 0 | F81: 284 | H81: 1.839 | I81: 1.823 | J81: =IF(M81<>"",(H81-I81)/M81,"") -> 0.016 | K81: =(F81*(273.15+D81)/273.15)/(M81*N81) -> 7.7238331 | L81: MU1 | M81: =VLOOKUP(L81,allgemein!$B$3:$C$13,2,FALSE) -> 1 | N81: 40 | O81: " | P81: Mem. Kratzer
B82: 18K-0060Z | C82: " | D82: 25.1 | E82: 0 | F82: 283 | H82: 1.841 | I82: 1.822 | J82: =IF(M82<>"",(H82-I82)/M82,"") -> 0.019 | K82: =(F82*(273.15+D82)/273.15)/(M82*N82) -> 7.7251281 | L82: MU1 | M82: =VLOOKUP(L82,allgemein!$B$3:$C$13,2,FALSE) -> 1 | N82: 40 | O82: "
B83: 18K-0061Z-R | C83: 705085 | D83: 24.6 | E83: 0.1 | F83: 276 | H83: 1.925 | I83: 1.912 | J83: =IF(M83<>"",(H83-I83)/M83,"") -> 0.013 | K83: =(F83*(273.15+D83)/273.15)/(M83*N83) -> 7.5214168 | L83: SP-H2 | M83: =VLOOKUP(L83,allgemein!$B$3:$C$13,2,FALSE) -> 1 | N83: 40 | O83: FA705093 | P83: vormals 0236-0759-2813
B84: 18K-0062Z-R | C84: " | D84: 24.8 | E84: 0.3 | F84: 276 | H84: 1.92 | I84: 1.906 | J84: =IF(M84<>"",(H84-I84)/M84,"") -> 0.014 | K84: =(F84*(273.15+D84)/273.15)/(M84*N84) -> 7.526469 | L84: SP-H2 | M84: =VLOOKUP(L84,allgemein!$B$3:$C$13,2,FALSE) -> 1 | N84: 40 | O84: " | P84: vormals 0236-1342-1615
B85: 18K-0063Z-R | C85: " | D85: 25.1 | E85: 0.2 | F85: 276 | H85: 1.923 | I85: 1.91 | J85: =IF(M85<>"",(H85-I85)/M85,"") -> 0.013 | K85: =(F85*(273.15+D85)/273.15)/(M85*N85) -> 7.5340472 | L85: SP-H2 | M85: =VLOOKUP(L85,allgemein!$B$3:$C$13,2,FALSE) -> 1 | N85: 40 | O85: " | P85: vormals 0236-1468-4115
B86: 18K-0064Z-R | C86: " | D86: 25.3 | E86: 0.3 | F86: 275 | H86: 1.922 | I86: 1.909 | J86: =IF(M86<>"",(H86-I86)/M86,"") -> 0.013 | K86: =(F86*(273.15+D86)/273.15)/(M86*N86) -> 7.5117838 | L86: SP-H2 | M86: =VLOOKUP(L86,allgemein!$B$3:$C$13,2,FALSE) -> 1 | N86: 40 | O86: " | P86: vormals 0236-1585-0716
B87: 18K-0065Z-R | C87: " | D87: 25.7 | E87: 0 | F87: 275 | H87: 1.908 | I87: 1.895 | J87: =IF(M87<>"",(H87-I87)/M87,"") -> 0.013 | K87: =(F87*(273.15+D87)/273.15)/(M87*N87) -> 7.5218515 | L87: SP-H2 | M87: =VLOOKUP(L87,allgemein!$B$3:$C$13,2,FALSE) -> 1 | N87: 40 | O87: " | P87: vormals 0236-1779-0817
B88: 18K-0066Z-R | C88: " | D88: 25.1 | E88: 0.3 | F88: 276 | H88: 1.915 | I88: 1.902 | J88: =IF(M88<>"",(H88-I88)/M88,"") -> 0.013 | K88: =(F88*(273.15+D88)/273.15)/(M88*N88) -> 7.5340472 | L88: SP-H2 | M88: =VLOOKUP(L88,allgemein!$B$3:$C$13,2,FALSE) -> 1 | N88: 40 | O88: " | P88: vormals 0522-0061-3616
B89: 18K-0067Z-R | C89: " | D89: 25.3 | E89: 0.4 | F89: 276 | H89: 1.919 | I89: 1.907 | J89: =IF(M89<>"",(H89-I89)/M89,"") -> 0.012 | K89: =(F89*(273.15+D89)/273.15)/(M89*N89) -> 7.5390994 | L89: SP-H2 | M89: =VLOOKUP(L89,allgemein!$B$3:$C$13,2,FALSE) -> 1 | N89: 40 | O89: " | P89: vormals 0522-0063-3616
B90: 18K-0068Z-R | C90: " | D90: 25.6 | E90: 0.7 | F90: 276 | H90: 1.925 | I90: 1.914 | J90: =IF(M90<>"",(H90-I90)/M90,"") -> 0.011 | K90: =(F90*(273.15+D90)/273.15)/(M90*N90) -> 7.5466776 | L90: SP-H2 | M90: =VLOOKUP(L90,allgemein!$B$3:$C$13,2,FALSE) -> 1 | N90: 40 | O90: " | P90: vormals 0522-0066-3716
B91: 18K-0069Z-R | C91: " | D91: 26 | E91: 0.8 | F91: 275 | H91: 1.91 | I91: 1.896 | J91: =IF(M91<>"",(H91-I91)/M91,"") -> 0.014 | K91: =(F91*(273.15+D91)/273.15)/(M91*N91) -> 7.5294023 | L91: SP-H2 | M91: =VLOOKUP(L91,allgemein!$B$3:$C$13,2,FALSE) -> 1 | N91: 40 | O91: " | P91: vormals 0522-0093-0817
B92: 18K-0070Z-R | C92: " | D92: 26.4 | E92: 0.3 | F92: 275 | H92: 1.914 | I92: 1.902 | J92: =IF(M92<>"",(H92-I92)/M92,"") -> 0.012 | K92: =(F92*(273.15+D92)/273.15)/(M92*N92) -> 7.5394701 | L92: SP-H2 | M92: =VLOOKUP(L92,allgemein!$B$3:$C$13,2,FALSE) -> 1 | N92: 40 | O92: " | P92: vormals 0522-0142-3217
B93: 18K-0071Z-R | C93: 704701 | D93: 24.5 | E93: 0 | F93: 282 | H93: 1.886 | I93: 1.872 | J93: =IF(M93<>"",(H93-I93)/M93,"") -> 0.014 | K93: =(F93*(273.15+D93)/273.15)/(M93*N93) -> 7.6823449 | L93: MA_V1 | M93: =VLOOKUP(L93,allgemein!$B$3:$C$13,2,FALSE) -> 1 | N93: 40 | O93: FA705183 | P93: Mem. kleines Punktloch
B94: 18K-0072Z-R | C94: " | D94: 24.6 | E94: 0.1 | F94: 282 | H94: 1.878 | I94: 1.862 | J94: =IF(M94<>"",(H94-I94)/M94,"") -> 0.016 | K94: =(F94*(273.15+D94)/273.15)/(M94*N94) -> 7.6849259 | L94: MA_V1 | M94: =VLOOKUP(L94,allgemein!$B$3:$C$13,2,FALSE) -> 1 | N94: 40 | O94: "
B95: 18K-0073Z-R | C95: " | D95: 24.6 | E95: 0 | F95: 283 | H95: 1.885 | I95: 1.87 | J95: =IF(M95<>"",(H95-I95)/M95,"") -> 0.015 | K95: =(F95*(273.15+D95)/273.15)/(M95*N95) -> 7.7121774 | L95: MA_V1 | M95: =VLOOKUP(L95,allgemein!$B$3:$C$13,2,FALSE) -> 1 | N95: 40 | O95: "
B96: 18K-0074Z-R | C96: " | D96: 24.7 | E96: 0 | F96: 282 | H96: 1.888 | I96: 1.872 | J96: =IF(M96<>"",(H96-I96)/M96,"") -> 0.016 | K96: =(F96*(273.15+D96)/273.15)/(M96*N96) -> 7.6875069 | L96: MA_V1 | M96: =VLOOKUP(L96,allgemein!$B$3:$C$13,2,FALSE) -> 1 | N96: 40 | O96: "
B97: 18K-0075Z-R | C97: " | D97: 25.5 | E97: 0 | F97: 285 | H97: 1.909 | I97: 1.896 | J97: =IF(M97<>"",(H97-I97)/M97,"") -> 0.013 | K97: =(F97*(273.15+D97)/273.15)/(M97*N97) -> 7.7901565 | L97: MA_V1 | M97: =VLOOKUP(L97,allgemein!$B$3:$C$13,2,FALSE) -> 1 | N97: 40 | O97: "
B98: 18K-0076Z | C98: " | D98: 25.1 | E98: 0.1 | F98: 572 | G98: 1.822 | H98: 3.645 | I98: 3.61 | J98: =IF(M98<>"",(H98-I98)/M98,"") -> 0.0175 | K98: =(F98*(273.15+D98)/273.15)/(M98*N98) -> 7.80702 | L98: MU2 | M98: =VLOOKUP(L98,allgemein!$B$3:$C$13,2,FALSE) -> 2 | N98: 40 | O98: FA705003
C99: " | G99: 1.823
B100: 18K-0077Z | C100: " | D100: 25.1 | E100: 0 | F100: 572 | G100: 1.825 | H100: 3.644 | I100: 3.61 | J100: =IF(M100<>"",(H100-I100)/M100,"") -> 0.017 | K100: =(F100*(273.15+D100)/273.15)/(M100*N100) -> 7.80702 | L100: MU2 | M100: =VLOOKUP(L100,allgemein!$B$3:$C$13,2,FALSE) -> 2 | N100: 40 | O100: "
C101: " | G101: 1.819
B102: 18K-0078Z | C102: " | D102: 24.9 | E102: 0 | F102: 571 | G102: 1.827 | H102: 3.66 | I102: 3.621 | J102: =IF(M102<>"",(H102-I102)/M102,"") -> 0.0195 | K102: =(F102*(273.15+D102)/273.15)/(M102*N102) -> 7.7881452 | L102: MU2 | M102: =VLOOKUP(L102,allgemein!$B$3:$C$13,2,FALSE) -> 2 | N102: 40 | O102: "
C103: " | G103: 1.833
B104: 18K-0079Z | C104: 704782 | D104: 24.6 | E104: 0 | F104: 571 | G104: 1.835 | H104: 3.673 | I104: 3.64 | J104: =IF(M104<>"",(H104-I104)/M104,"") -> 0.0165 | K104: =(F104*(273.15+D104)/273.15)/(M104*N104) -> 7.7803062 | L104: MU2 | M104: =VLOOKUP(L104,allgemein!$B$3:$C$13,2,FALSE) -> 2 | N104: 40 | O104: "
C105: " | G105: 1.838
B106: 18K-0080Z | C106: " | D106: 25.2 | E106: 0 | F106: 572 | G106: 1.828 | H106: 3.659 | I106: 3.627 | J106: =IF(M106<>"",(H106-I106)/M106,"") -> 0.016 | K106: =(F106*(273.15+D106)/273.15)/(M106*N106) -> 7.8096376 | L106: MU2 | M106: =VLOOKUP(L106,allgemein!$B$3:$C$13,2,FALSE) -> 2 | N106: 40 | O106: "
C107: " | G107: 1.831
B115: Reparaturen
...

Sheet Dec
B3: Cell # | C3: Membran Batch FA | D3: Temp Gas / [°C] | E3: Temp Kat T1-T2 / [°C] | F3: Gasfluss / [sccm / min] | G3: Membrane V @ 13 bar/[V] | H3: Cell V @ 13 bar/[V] | I3: Cell V @ 0 bar [V] | J3: Voltage Diff. / [V] | K3: H2 Prod / [nmL/A] | L3: Typ | M3: Anzahl Layer | N3: Strom / [A] | O3: FA # | P3: Bemerkungen | R3: Bemerkungen | S3: Visum | T3: Jahr: | U3: 2018
B4: 18L-0001Z | C4: 704782 | D4: 25.5 | E4: 0 | F4: 570 | G4: 1.849 | H4: 3.685 | I4: 3.656 | J4: =IF(M4<>"",(H4-I4)/M4,"") -> 0.0145 | K4: =(F4*(273.15+D4)/273.15)/(M4*N4) -> 7.7901565 | L4: MU2 | M4: =VLOOKUP(L4,allgemein!$B$3:$C$13,2,FALSE) -> 2 | N4: 40 | O4: FA705003
C5: " | G5: 1.836
B6: 18L-0002Z | C6: " | D6: 25.2 | E6: 0 | F6: 570 | G6: 1.838 | H6: 3.675 | I6: 3.645 | J6: =IF(M6<>"",(H6-I6)/M6,"") -> 0.015 | K6: =(F6*(273.15+D6)/273.15)/(M6*N6) -> 7.7823311 | L6: MU2 | M6: =VLOOKUP(L6,allgemein!$B$3:$C$13,2,FALSE) -> 2 | N6: 40 | O6: "
C7: " | G7: 1.837
B8: 18L-0003Z | C8: " | D8: 24.9 | E8: 0 | F8: 571 | G8: 1.841 | H8: 3.691 | I8: 3.657 | J8: =IF(M8<>"",(H8-I8)/M8,"") -> 0.017 | K8: =(F8*(273.15+D8)/273.15)/(M8*N8) -> 7.7881452 | L8: MU2 | M8: =VLOOKUP(L8,allgemein!$B$3:$C$13,2,FALSE) -> 2 | N8: 40 | O8: "
C9: " | G9: 1.85
B10: 18L-0004Z | C10: " | D10: 25.2 | E10: 0.1 | F10: 571 | G10: 1.858 | H10: 3.705 | I10: 3.671 | J10: =IF(M10<>"",(H10-I10)/M10,"") -> 0.017 | K10: =(F10*(273.15+D10)/273.15)/(M10*N10) -> 7.7959843 | L10: MU2 | M10: =VLOOKUP(L10,allgemein!$B$3:$C$13,2,FALSE) -> 2 | N10: 40 | O10: "
C11: " | G11: 1.847
B12: 18L-0005Z | C12: " | D12: 25 | E12: 0.1 | F12: 572 | G12: 1.844 | H12: 3.69 | I12: 3.658 | J12: =IF(M12<>"",(H12-I12)/M12,"") -> 0.016 | K12: =(F12*(273.15+D12)/273.15)/(M12*N12) -> 7.8044023 | L12: MU2 | M12: =VLOOKUP(L12,allgemein!$B$3:$C$13,2,FALSE) -> 2 | N12: 40 | O12: "
C13: " | G13: 1.846
B14: 18L-0006Z | C14: 703710 | D14: 23.7 | E14: 0.3 | F14: 178 | H14: 1.873 | I14: 1.857 | J14: =IF(M14<>"",(H14-I14)/M14,"") -> 0.016 | K14: =(F14*(273.15+D14)/273.15)/(M14*N14) -> 7.7377705 | L14: MI_V3 | M14: =VLOOKUP(L14,allgemein!$B$3:$C$13,2,FALSE) -> 1 | N14: 25 | O14: FA705087
B15: 18L-0007Z | C15: " | D15: 23.7 | E15: 0 | F15: 178 | H15: 1.878 | I15: 1.859 | J15: =IF(M15<>"",(H15-I15)/M15,"") -> 0.019 | K15: =(F15*(273.15+D15)/273.15)/(M15*N15) -> 7.7377705 | L15: MI_V3 | M15: =VLOOKUP(L15,allgemein!$B$3:$C$13,2,FALSE) -> 1 | N15: 25 | O15: "
B16: 18L-0008Z | C16: " | D16: 23.6 | E16: 0.1 | F16: 178 | H16: 1.87 | I16: 1.855 | J16: =IF(M16<>"",(H16-I16)/M16,"") -> 0.015 | K16: =(F16*(273.15+D16)/273.15)/(M16*N16) -> 7.7351638 | L16: MI_V3 | M16: =VLOOKUP(L16,allgemein!$B$3:$C$13,2,FALSE) -> 1 | N16: 25 | O16: "
B17: 18L-0009Z | C17: " | D17: 23.6 | E17: 0.1 | F17: 177 | H17: 1.862 | I17: 1.851 | J17: =IF(M17<>"",(H17-I17)/M17,"") -> 0.011 | K17: =(F17*(273.15+D17)/273.15)/(M17*N17) -> 7.6917079 | L17: MI_V3 | M17: =VLOOKUP(L17,allgemein!$B$3:$C$13,2,FALSE) -> 1 | N17: 25 | O17: "
B18: 18L-0010Z | C18: " | D18: 23.3 | E18: 0.1 | F18: 177 | H18: 1.879 | I18: 1.866 | J18: =IF(M18<>"",(H18-I18)/M18,"") -> 0.013 | K18: =(F18*(273.15+D18)/273.15)/(M18*N18) -> 7.6839319 | L18: MI_V3 | M18: =VLOOKUP(L18,allgemein!$B$3:$C$13,2,FALSE) -> 1 | N18: 25 | O18: "
B19: 18L-0011Z | C19: " | D19: 23.4 | E19: 0 | F19: 177 | H19: 1.869 | I19: 1.853 | J19: =IF(M19<>"",(H19-I19)/M19,"") -> 0.016 | K19: =(F19*(273.15+D19)/273.15)/(M19*N19) -> 7.6865239 | L19: MI_V3 | M19: =VLOOKUP(L19,allgemein!$B$3:$C$13,2,FALSE) -> 1 | N19: 25 | O19: "
B20: 18L-0012Z | C20: " | D20: 23.4 | E20: 0 | F20: 177 | H20: 1.885 | I20: 1.873 | J20: =IF(M20<>"",(H20-I20)/M20,"") -> 0.012 | K20: =(F20*(273.15+D20)/273.15)/(M20*N20) -> 7.6865239 | L20: MI_V3 | M20: =VLOOKUP(L20,allgemein!$B$3:$C$13,2,FALSE) -> 1 | N20: 25 | O20: "
B21: 18L-0013Z | C21: " | D21: 23.3 | E21: 0.1 | F21: 176 | H21: 1.88 | I21: 1.869 | J21: =IF(M21<>"",(H21-I21)/M21,"") -> 0.011 | K21: =(F21*(273.15+D21)/273.15)/(M21*N21) -> 7.6405199 | L21: MI_V3 | M21: =VLOOKUP(L21,allgemein!$B$3:$C$13,2,FALSE) -> 1 | N21: 25 | O21: "
B22: 18L-0014Z | C22: " | D22: 23.3 | E22: 0 | F22: 177 | H22: 1.883 | I22: 1.867 | J22: =IF(M22<>"",(H22-I22)/M22,"") -> 0.016 | K22: =(F22*(273.15+D22)/273.15)/(M22*N22) -> 7.6839319 | L22: MI_V3 | M22: =VLOOKUP(L22,allgemein!$B$3:$C$13,2,FALSE) -> 1 | N22: 25 | O22: "
B23: 18L-0015Z | C23: " | D23: 23.3 | E23: 0.1 | F23: 177 | H23: 1.868 | I23: 1.853 | J23: =IF(M23<>"",(H23-I23)/M23,"") -> 0.015 | K23: =(F23*(273.15+D23)/273.15)/(M23*N23) -> 7.6839319 | L23: MI_V3 | M23: =VLOOKUP(L23,allgemein!$B$3:$C$13,2,FALSE) -> 1 | N23: 25 | O23: "
B24: 18L-0016Z | C24: " | D24: 23.3 | E24: 0.1 | F24: 177 | H24: 1.88 | I24: 1.865 | J24: =IF(M24<>"",(H24-I24)/M24,"") -> 0.015 | K24: =(F24*(273.15+D24)/273.15)/(M24*N24) -> 7.6839319 | L24: MI_V3 | M24: =VLOOKUP(L24,allgemein!$B$3:$C$13,2,FALSE) -> 1 | N24: 25 | O24: "
