Workbook

Sheet Jan
B3: Cell # | C3: Membran Batch FA | D3: Temp Gas / [°C] | E3: Temp Kat T1-T2 / [°C] | F3: Gasfluss / [sccm / min] | G3: Membrane V @ 13 bar/[V] | H3: Cell V @ 13 bar/[V] | I3: Cell V @ 0 bar [V] | J3: Voltage Diff. / [V] | K3: H2 Prod / [nmL/A] | L3: Typ | M3: Anzahl Layer | N3: Strom / [A] | O3: FA # | P3: Bemerkungen | R3: Bemerkungen | S3: Visum | T3: Jahr: | U3: 2019
B4: 19A-0001Z | C4: 704932 | D4: 26 | E4: 0 | F4: 861 | G4: 1.839 | H4: 5.515 | I4: 5.462 | J4: =IF(M4<>"",(H4-I4)/M4,"") -> 0.017666667 | K4: =(F4*(273.15+D4)/273.15)/(M4*N4) -> 7.8579581 | L4: MU3 | M4: =VLOOKUP(L4,allgemein!$B$3:$C$13,2,FALSE) -> 3 | N4: 40 | O4: FA496318
C5: " | G5: 1.838
C6: " | G6: 1.838
B7: 19A-0002Z | C7: 704933 | D7: 25.6 | E7: 0 | F7: 861 | G7: 1.845 | H7: 5.523 | I7: 5.465 | J7: =IF(M7<>"",(H7-I7)/M7,"") -> 0.019333333 | K7: =(F7*(273.15+D7)/273.15)/(M7*N7) -> 7.847451 | L7: MU3 | M7: =VLOOKUP(L7,allgemein!$B$3:$C$13,2,FALSE) -> 3 | N7: 40 | O7: "
C8: " | G8: 1.835
C9: " | G9: 1.843
B10: 19A-0003Z | C10: " | D10: 25 | E10: 0 | F10: 858 | G10: 1.85 | H10: 5.535 | I10: 5.49 | J10: =IF(M10<>"",(H10-I10)/M10,"") -> 0.015 | K10: =(F10*(273.15+D10)/273.15)/(M10*N10) -> 7.8044023 | L10: MU3 | M10: =VLOOKUP(L10,allgemein!$B$3:$C$13,2,FALSE) -> 3 | N10: 40 | O10: "
C11: " | G11: 1.841
C12: " | G12: 1.844 | P12: Mem. O-seitig feine, silbrige Ablagerung
B13: 19A-0004Z | C13: 704694 | D13: 23.7 | E13: 0.1 | F13: 178 | H13: 1.878 | I13: 1.864 | J13: =IF(M13<>"",(H13-I13)/M13,"") -> 0.014 | K13: =(F13*(273.15+D13)/273.15)/(M13*N13) -> 7.7377705 | L13: MI_V3 | M13: =VLOOKUP(L13,[1]allgemein!$B$3:$C$13,2,FALSE) -> 1 | N13: 25 | O13: FA496305
B14: 19A-0005Z | C14: " | D14: 23.9 | E14: 0.2 | F14: 177 | H14: 1.879 | I14: 1.864 | J14: =IF(M14<>"",(H14-I14)/M14,"") -> 0.015 | K14: =(F14*(273.15+D14)/273.15)/(M14*N14) -> 7.6994838 | L14: MI_V3 | M14: =VLOOKUP(L14,[1]allgemein!$B$3:$C$13,2,FALSE) -> 1 | N14: 25 | O14: "
B15: 19A-0006Z | C15: " | D15: 24.2 | E15: 0.2 | F15: 177 | H15: 1.877 | I15: 1.858 | J15: =IF(M15<>"",(H15-I15)/M15,"") -> 0.019 | K15: =(F15*(273.15+D15)/273.15)/(M15*N15) -> 7.7072597 | L15: MI_V3 | M15: =VLOOKUP(L15,[1]allgemein!$B$3:$C$13,2,FALSE) -> 1 | N15: 25 | O15: " | P15: Mem. Blasen/ Kratzer
B16: 19A-0007Z | C16: " | D16: 24.5 | E16: 0.1 | F16: 177 | H16: 1.865 | I16: 1.85 | J16: =IF(M16<>"",(H16-I16)/M16,"") -> 0.015 | K16: =(F16*(273.15+D16)/273.15)/(M16*N16) -> 7.7150357 | L16: MI_V3 | M16: =VLOOKUP(L16,[1]allgemein!$B$3:$C$13,2,FALSE) -> 1 | N16: 25 | O16: " | P16: H-Elektr. alt
B17: 19A-0008Z | C17: " | D17: 25 | E17: 0.2 | F17: 177 | H17: 1.867 | I17: 1.85 | J17: =IF(M17<>"",(H17-I17)/M17,"") -> 0.017 | K17: =(F17*(273.15+D17)/273.15)/(M17*N17) -> 7.7279956 | L17: MI_V3 | M17: =VLOOKUP(L17,[1]allgemein!$B$3:$C$13,2,FALSE) -> 1 | N17: 25 | O17: " | P17: Mem. Blasen/ Kratzer
B18: 19A-0009Z | C18: " | D18: 25.6 | E18: 0.2 | F18: 177 | H18: 1.857 | I18: 1.842 | J18: =IF(M18<>"",(H18-I18)/M18,"") -> 0.015 | K18: =(F18*(273.15+D18)/273.15)/(M18*N18) -> 7.7435475 | L18: MI_V3 | M18: =VLOOKUP(L18,[1]allgemein!$B$3:$C$13,2,FALSE) -> 1 | N18: 25 | O18: " | P18: "
B19: 19A-0010Z | C19: " | D19: 26.3 | E19: 0.3 | F19: 177 | H19: 1.858 | I19: 1.844 | J19: =IF(M19<>"",(H19-I19)/M19,"") -> 0.014 | K19: =(F19*(273.15+D19)/273.15)/(M19*N19) -> 7.7616914 | L19: MI_V3 | M19: =VLOOKUP(L19,[1]allgemein!$B$3:$C$13,2,FALSE) -> 1 | N19: 25 | O19: " | P19: "
B20: 19A-0011Z | C20: 704781 | D20: 27.2 | E20: 0.2 | F20: 177 | H20: 1.866 | I20: 1.848 | J20: =IF(M20<>"",(H20-I20)/M20,"") -> 0.018 | K20: =(F20*(273.15+D20)/273.15)/(M20*N20) -> 7.7850192 | L20: MI_V3 | M20: =VLOOKUP(L20,[1]allgemein!$B$3:$C$13,2,FALSE) -> 1 | N20: 25 | O20: " | P20: "
B21: 19A-0012Z | C21: 704933 | D21: 25.8 | E21: 0 | F21: 869 | G21: 1.795 | H21: 7.18 | I21: 7.11 | J21: =IF(M21<>"",(H21-I21)/M21,"") -> 0.0175 | K21: =(F21*(273.15+D21)/273.15)/(M21*N21) -> 7.9256681 | L21: MU4 | M21: =VLOOKUP(L21,[1]allgemein!$B$3:$C$13,2,FALSE) -> 4 | N21: 30 | O21: FA496319
C22: " | G22: 1.793
C23: " | G23: 1.797
C24: " | G24: 1.795
B25: 19A-0013Z | C25: " | D25: 26 | E25: 0 | F25: 869 | G25: 1.784 | H25: 7.148 | I25: 7.09 | J25: =IF(M25<>"",(H25-I25)/M25,"") -> 0.0145 | K25: =(F25*(273.15+D25)/273.15)/(M25*N25) -> 7.9309705 | L25: MU4 | M25: =VLOOKUP(L25,[1]allgemein!$B$3:$C$13,2,FALSE) -> 4 | N25: 30 | O25: "
C26: " | G26: 1.786
C27: " | G27: 1.788
C28: " | G28: 1.79
B29: 19A-0014Z | C29: " | D29: 25.5 | E29: 0 | F29: 870 | G29: 1.801 | H29: 7.208 | I29: 7.15 | J29: =IF(M29<>"",(H29-I29)/M29,"") -> 0.0145 | K29: =(F29*(273.15+D29)/273.15)/(M29*N29) -> 7.9268259 | L29: MU4 | M29: =VLOOKUP(L29,[1]allgemein!$B$3:$C$13,2,FALSE) -> 4 | N29: 30 | O29: "
C30: " | G30: 1.802
C31: " | G31: 1.802
C32: " | G32: 1.803
B33: 19A-0015Z | C33: " | D33: 25.5 | E33: 0 | F33: 866 | G33: 1.808 | H33: 7.233 | I33: 7.17 | J33: =IF(M33<>"",(H33-I33)/M33,"") -> 0.01575 | K33: =(F33*(273.15+D33)/273.15)/(M33*N33) -> 7.8903807 | L33: MU4 | M33: =VLOOKUP(L33,[1]allgemein!$B$3:$C$13,2,FALSE) -> 4 | N33: 30 | O33: "
C34: " | G34: 1.816
C35: 704937 | G35: 1.805
C36: " | G36: 1.804
B37: 19A-0016Z | C37: " | D37: 24.5 | E37: 0.1 | F37: 853 | G37: 1.795 | H37: 7.157 | I37: 7.1 | J37: =IF(M37<>"",(H37-I37)/M37,"") -> 0.01425 | K37: =(F37*(273.15+D37)/273.15)/(M37*N37) -> 7.7459104 | L37: MU4 | M37: =VLOOKUP(L37,[1]allgemein!$B$3:$C$13,2,FALSE) -> 4 | N37: 30 | O37: " | P37: TDK Netzteil
C38: " | G38: 1.783
C39: " | G39: 1.788
C40: " | G40: 1.791
B41: " | C41: " | D41: 24.7 | E41: 0.2 | F41: 1143 | G41: 1.829 | H41: 7.308 | I41: 7.25 | J41: =IF(M41<>"",(H41-I41)/M41,"") -> 0.0145 | K41: =(F41*(273.15+D41)/273.15)/(M41*N41) -> 7.7897343 | L41: MU4 | M41: =VLOOKUP(L41,[1]allgemein!$B$3:$C$13,2,FALSE) -> 4 | N41: 40 | O41: "
C42: " | G42: 1.821
C43: " | G43: 1.827
C44: " | G44: 1.831
B45: 19A-0017Z | C45: " | D45: 24.2 | E45: 0.1 | F45: 855 | G45: 1.841 | H45: 5.52 | I45: 5.471 | J45: =IF(M45<>"",(H45-I45)/M45,"") -> 0.016333333 | K45: =(F45*(273.15+D45)/273.15)/(M45*N45) -> 7.7562466 | L45: MU3 | M45: =VLOOKUP(L45,allgemein!$B$3:$C$13,2,FALSE) -> 3 | N45: 40 | O45: FA496318
C46: " | G46: 1.848
C47: " | G47: 1.831
B48: 19A-0018Z | C48: " | D48: 24 | E48: 0 | F48: 281 | H48: 1.88 | I48: 1.835 | J48: =IF(M48<>"",(H48-I48)/M48,"") -> 0.045 | K48: =(F48*(273.15+D48)/273.15)/(M48*N48) -> 7.6422433 | L48: MU1 | M48: =VLOOKUP(L48,allgemein!$B$3:$C$13,2,FALSE) -> 1 | N48: 40 | O48: FA496315
C49: " | D49: 24.3 | E49: 0.1 | F49: 281 | H49: 1.871 | I49: 1.843 | J49: =IF(M49<>"",(H49-I49)/M49,"") -> 0.028 | K49: =(F49*(273.15+D49)/273.15)/(M49*N49) -> 7.6499588 | L49: MU1 | M49: =VLOOKUP(L49,allgemein!$B$3:$C$13,2,FALSE) -> 1 | N49: 40 | O49: " | P49: geöffnet/ wieder verschraubt
B50: 19A-0019Z | C50: " | D50: 23.6 | E50: 0 | F50: 281 | H50: 1.879 | I50: 1.85 | J50: =IF(M50<>"",(H50-I50)/M50,"") -> 0.029 | K50: =(F50*(273.15+D50)/273.15)/(M50*N50) -> 7.6319559 | L50: MU1 | M50: =VLOOKUP(L50,allgemein!$B$3:$C$13,2,FALSE) -> 1 | N50: 40 | O50: "
B51: 19A-0020Z | C51: " | D51: 25.1 | E51: 0.4 | F51: 282 | H51: 1.862 | I51: 1.836 | J51: =IF(M51<>"",(H51-I51)/M51,"") -> 0.026 | K51: =(F51*(273.15+D51)/273.15)/(M51*N51) -> 7.6978309 | L51: MU1 | M51: =VLOOKUP(L51,allgemein!$B$3:$C$13,2,FALSE) -> 1 | N51: 40 | O51: "
B52: 19A-0021Z | C52: " | D52: 25.2 | E52: 0.4 | F52: 281 | H52: 1.846 | I52: 1.827 | J52: =IF(M52<>"",(H52-I52)/M52,"") -> 0.019 | K52: =(F52*(273.15+D52)/273.15)/(M52*N52) -> 7.6731054 | L52: MU1 | M52: =VLOOKUP(L52,allgemein!$B$3:$C$13,2,FALSE) -> 1 | N52: 40 | O52: "
B53: 19A-0022Z | C53: " | D53: 25.3 | E53: 0.2 | F53: 282 | H53: 1.839 | I53: 1.814 | J53: =IF(M53<>"",(H53-I53)/M53,"") -> 0.025 | K53: =(F53*(273.15+D53)/273.15)/(M53*N53) -> 7.7029929 | L53: MU1 | M53: =VLOOKUP(L53,allgemein!$B$3:$C$13,2,FALSE) -> 1 | N53: 40 | O53: "
B54: 19A-0023Z | C54: " | D54: 25.3 | E54: 0.3 | F54: 281 | H54: 1.847 | I54: 1.825 | J54: =IF(M54<>"",(H54-I54)/M54,"") -> 0.022 | K54: =(F54*(273.15+D54)/273.15)/(M54*N54) -> 7.6756773 | L54: MU1 | M54: =VLOOKUP(L54,allgemein!$B$3:$C$13,2,FALSE) -> 1 | N54: 40 | O54: "
B55: 19A-0024Z | C55: " | D55: 25.3 | E55: 0.2 | F55: 281 | H55: 1.846 | I55: 1.818 | J55: =IF(M55<>"",(H55-I55)/M55,"") -> 0.028 | K55: =(F55*(273.15+D55)/273.15)/(M55*N55) -> 7.6756773 | L55: MU1 | M55: =VLOOKUP(L55,allgemein!$B$3:$C$13,2,FALSE) -> 1 | N55: 40 | O55: "
B56: 19A-0025Z | C56: " | D56: 25.3 | E56: 0.2 | F56: 281 | H56: 1.839 | I56: 1.816 | J56: =IF(M56<>"",(H56-I56)/M56,"") -> 0.023 | K56: =(F56*(273.15+D56)/273.15)/(M56*N56) -> 7.6756773 | L56: MU1 | M56: =VLOOKUP(L56,allgemein!$B$3:$C$13,2,FALSE) -> 1 | N56: 40 | O56: "
B57: 19A-0026Z | C57: " | D57: 25.2 | E57: 0.1 | F57: 281 | H57: 1.869 | I57: 1.823 | J57: =IF(M57<>"",(H57-I57)/M57,"") -> 0.046 | K57: =(F57*(273.15+D57)/273.15)/(M57*N57) -> 7.6731054 | L57: MU1 | M57: =VLOOKUP(L57,allgemein!$B$3:$C$13,2,FALSE) -> 1 | N57: 40 | O57: "
C58: " | D58: 24.4 | E58: 0.2 | F58: 281 | H58: 1.873 | I58: 1.849 | J58: =IF(M58<>"",(H58-I58)/M58,"") -> 0.024 | K58: =(F58*(273.15+D58)/273.15)/(M58*N58) -> 7.6525307 | L58: MU1 | M58: =VLOOKUP(L58,allgemein!$B$3:$C$13,2,FALSE) -> 1 | N58: 40 | O58: " | P58: geöffnet/ wieder verschraubt
B59: 19A-0027Z | C59: " | D59: 25.2 | E59: 0.1 | F59: 281 | H59: 1.828 | I59: 1.806 | J59: =IF(M59<>"",(H59-I59)/M59,"") -> 0.022 | K59: =(F59*(273.15+D59)/273.15)/(M59*N59) -> 7.6731054 | L59: MU1 | M59: =VLOOKUP(L59,allgemein!$B$3:$C$13,2,FALSE) -> 1 | N59: 40 | O59: "
B60: 19A-0028Z | C60: 704781 | D60: 24.6 | E60: 0.1 | F60: 173 | H60: 1.843 | I60: 1.828 | J60: =IF(M60<>"",(H60-I60)/M60,"") -> 0.015 | K60: =(F60*(273.15+D60)/273.15)/(M60*N60) -> 7.543218 | L60: MI_V3 | M60: =VLOOKUP(L60,[1]allgemein!$B$3:$C$13,2,FALSE) -> 1 | N60: 25 | O60: FA496305
B61: 19A-0029Z | C61: " | D61: 25.4 | E61: 0.3 | F61: 174 | H61: 1.85 | I61: 1.832 | J61: =IF(M61<>"",(H61-I61)/M61,"") -> 0.018 | K61: =(F61*(273.15+D61)/273.15)/(M61*N61) -> 7.6072048 | L61: MI_V3 | M61: =VLOOKUP(L61,[1]allgemein!$B$3:$C$13,2,FALSE) -> 1 | N61: 25 | O61: " | P61: nach 9 und 12 Min
B62: 19A-0030Z | C62: " | D62: 25.6 | E62: 0.2 | F62: 173 | H62: 1.841 | I62: 1.825 | J62: =IF(M62<>"",(H62-I62)/M62,"") -> 0.016 | K62: =(F62*(273.15+D62)/273.15)/(M62*N62) -> 7.5685521 | L62: MI_V3 | M62: =VLOOKUP(L62,[1]allgemein!$B$3:$C$13,2,FALSE) -> 1 | N62: 25 | O62: "
B63: 19A-0031Z | C63: " | D63: 25.6 | E63: 0.2 | F63: 173 | H63: 1.83 | I63: 1.815 | J63: =IF(M63<>"",(H63-I63)/M63,"") -> 0.015 | K63: =(F63*(273.15+D63)/273.15)/(M63*N63) -> 7.5685521 | L63: MI_V3 | M63: =VLOOKUP(L63,[1]allgemein!$B$3:$C$13,2,FALSE) -> 1 | N63: 25 | O63: "
B64: 19A-0032Z | C64: " | D64: 25.4 | E64: 0.1 | F64: 174 | H64: 1.829 | I64: 1.813 | J64: =IF(M64<>"",(H64-I64)/M64,"") -> 0.016 | K64: =(F64*(273.15+D64)/273.15)/(M64*N64) -> 7.6072048 | L64: MI_V3 | M64: =VLOOKUP(L64,[1]allgemein!$B$3:$C$13,2,FALSE) -> 1 | N64: 25 | O64: "
B65: 19A-0033Z | C65: 704781 | D65: 24.6 | E65: 0.2 | F65: 173 | H65: 1.847 | I65: 1.833 | J65: =IF(M65<>"",(H65-I65)/M65,"") -> 0.014 | K65: =(F65*(273.15+D65)/273.15)/(M65*N65) -> 7.543218 | L65: MI_V3 | M65: =VLOOKUP(L65,[1]allgemein!$B$3:$C$13,2,FALSE) -> 1 | N65: 25 | O65: "
B66: 19A-0034Z | C66: " | D66: 24.6 | E66: 0.1 | F66: 173 | H66: 1.834 | I66: 1.822 | J66: =IF(M66<>"",(H66-I66)/M66,"") -> 0.012 | K66: =(F66*(273.15+D66)/273.15)/(M66*N66) -> 7.543218 | L66: MI_V3 | M66: =VLOOKUP(L66,[1]allgemein!$B$3:$C$13,2,FALSE) -> 1 | N66: 25 | O66: "
B67: 19A-0035Z | C67: " | D67: 24.5 | E67: 0.1 | F67: 173 | H67: 1.859 | I67: 1.846 | J67: =IF(M67<>"",(H67-I67)/M67,"") -> 0.013 | K67: =(F67*(273.15+D67)/273.15)/(M67*N67) -> 7.5406846 | L67: MI_V3 | M67: =VLOOKUP(L67,[1]allgemein!$B$3:$C$13,2,FALSE) -> 1 | N67: 25 | O67: "
B68: 19A-0036Z | C68: " | D68: 24.5 | E68: 0.1 | F68: 173 | H68: 1.864 | I68: 1.849 | J68: =IF(M68<>"",(H68-I68)/M68,"") -> 0.015 | K68: =(F68*(273.15+D68)/273.15)/(M68*N68) -> 7.5406846 | L68: MI_V3 | M68: =VLOOKUP(L68,[1]allgemein!$B$3:$C$13,2,FALSE) -> 1 | N68: 25 | O68: "
B69: 19A-0037Z | C69: " | D69: 24.6 | E69: 0 | F69: 173 | H69: 1.875 | I69: 1.859 | J69: =IF(M69<>"",(H69-I69)/M69,"") -> 0.016 | K69: =(F69*(273.15+D69)/273.15)/(M69*N69) -> 7.543218 | L69: MI_V3 | M69: =VLOOKUP(L69,[1]allgemein!$B$3:$C$13,2,FALSE) -> 1 | N69: 25 | O69: "
B70: 19A-0038Z | C70: " | D70: 24.6 | E70: 0.1 | F70: 173 | H70: 1.867 | I70: 1.851 | J70: =IF(M70<>"",(H70-I70)/M70,"") -> 0.016 | K70: =(F70*(273.15+D70)/273.15)/(M70*N70) -> 7.543218 | L70: MI_V3 | M70: =VLOOKUP(L70,[1]allgemein!$B$3:$C$13,2,FALSE) -> 1 | N70: 25 | O70: "
B71: 19A-0039Z | C71: " | D71: 24.6 | E71: 0.1 | F71: 173 | H71: 1.872 | I71: 1.853 | J71: =IF(M71<>"",(H71-I71)/M71,"") -> 0.019 | K71: =(F71*(273.15+D71)/273.15)/(M71*N71) -> 7.543218 | L71: MI_V3 | M71: =VLOOKUP(L71,[1]allgemein!$B$3:$C$13,2,FALSE) -> 1 | N71: 25 | O71: "
B72: 19A-0040Z | C72: " | D72: 24.6 | E72: 0.1 | F72: 173 | H72: 1.868 | I72: 1.856 | J72: =IF(M72<>"",(H72-I72)/M72,"") -> 0.012 | K72: =(F72*(273.15+D72)/273.15)/(M72*N72) -> 7.543218 | L72: MI_V3 | M72: =VLOOKUP(L72,[1]allgemein!$B$3:$C$13,2,FALSE) -> 1 | N72: 25 | O72: "
B73: 19A-0041Z | C73: " | D73: 24.4 | E73: 0.3 | F73: 173 | H73: 1.868 | I73: 1.854 | J73: =IF(M73<>"",(H73-I73)/M73,"") -> 0.014 | K73: =(F73*(273.15+D73)/273.15)/(M73*N73) -> 7.5381512 | L73: MI_V3 | M73: =VLOOKUP(L73,[1]allgemein!$B$3:$C$13,2,FALSE) -> 1 | N73: 25 | O73: "
B74: 19A-0042Z | C74: " | D74: 24.4 | E74: 0.1 | F74: 173 | H74: 1.868 | I74: 1.851 | J74: =IF(M74<>"",(H74-I74)/M74,"") -> 0.017 | K74: =(F74*(273.15+D74)/273.15)/(M74*N74) -> 7.5381512 | L74: MI_V3 | M74: =VLOOKUP(L74,[1]allgemein!$B$3:$C$13,2,FALSE) -> 1 | N74: 25 | O74: "
B75: 19A-0043Z | C75: " | D75: 24.4 | E75: 0.2 | F75: 173 | H75: 1.872 | I75: 1.857 | J75: =IF(M75<>"",(H75-I75)/M75,"") -> 0.015 | K75: =(F75*(273.15+D75)/273.15)/(M75*N75) -> 7.5381512 | L75: MI_V3 | M75: =VLOOKUP(L75,[1]allgemein!$B$3:$C$13,2,FALSE) -> 1 | N75: 25 | O75: "
B76: 19A-0044Z | C76: " | D76: 24.5 | E76: 0.1 | F76: 173 | H76: 1.871 | I76: 1.86 | J76: =IF(M76<>"",(H76-I76)/M76,"") -> 0.011 | K76: =(F76*(273.15+D76)/273.15)/(M76*N76) -> 7.5406846 | L76: MI_V3 | M76: =VLOOKUP(L76,[1]allgemein!$B$3:$C$13,2,FALSE) -> 1 | N76: 25 | O76: "
B77: 19A-0045Z | C77: " | D77: 24.5 | E77: 0.2 | F77: 173 | H77: 1.868 | I77: 1.85 | J77: =IF(M77<>"",(H77-I77)/M77,"") -> 0.018 | K77: =(F77*(273.15+D77)/273.15)/(M77*N77) -> 7.5406846 | L77: MI_V3 | M77: =VLOOKUP(L77,[1]allgemein!$B$3:$C$13,2,FALSE) -> 1 | N77: 25 | O77: "
B78: 19A-0046Z | C78: " | D78: 24.5 | E78: 0.2 | F78: 173 | H78: 1.86 | I78: 1.846 | J78: =IF(M78<>"",(H78-I78)/M78,"") -> 0.014 | K78: =(F78*(273.15+D78)/273.15)/(M78*N78) -> 7.5406846 | L78: MI_V3 | M78: =VLOOKUP(L78,[1]allgemein!$B$3:$C$13,2,FALSE) -> 1 | N78: 25 | O78: "
B79: 19A-0047Z | C79: 496133 | D79: 24.8 | E79: 0.2 | F79: 174 | H79: 1.836 | I79: 1.822 | J79: =IF(M79<>"",(H79-I79)/M79,"") -> 0.014 | K79: =(F79*(273.15+D79)/273.15)/(M79*N79) -> 7.5919165 | L79: MI_V3 | M79: =VLOOKUP(L79,[1]allgemein!$B$3:$C$13,2,FALSE) -> 1 | N79: 25 | O79: FA497216
B80: 19A-0048Z | C80: " | D80: 24.9 | E80: 0.2 | F80: 174 | H80: 1.843 | I80: 1.827 | J80: =IF(M80<>"",(H80-I80)/M80,"") -> 0.016 | K80: =(F80*(273.15+D80)/273.15)/(M80*N80) -> 7.5944646 | L80: MI_V3 | M80: =VLOOKUP(L80,[1]allgemein!$B$3:$C$13,2,FALSE) -> 1 | N80: 25 | O80: "
B81: 19A-0049Z | C81: " | D81: 24.9 | E81: 0.1 | F81: 174 | H81: 1.853 | I81: 1.832 | J81: =IF(M81<>"",(H81-I81)/M81,"") -> 0.021 | K81: =(F81*(273.15+D81)/273.15)/(M81*N81) -> 7.5944646 | L81: MI_V3 | M81: =VLOOKUP(L81,[1]allgemein!$B$3:$C$13,2,FALSE) -> 1 | N81: 25 | O81: "
B82: 19A-0050Z | C82: " | D82: 24.9 | E82: 0.2 | F82: 174 | H82: 1.865 | I82: 1.842 | J82: =IF(M82<>"",(H82-I82)/M82,"") -> 0.023 | K82: =(F82*(273.15+D82)/273.15)/(M82*N82) -> 7.5944646 | L82: MI_V3 | M82: =VLOOKUP(L82,[1]allgemein!$B$3:$C$13,2,FALSE) -> 1 | N82: 25 | O82: "
B83: 19A-0051Z | C83: " | D83: 24.9 | E83: 0.1 | F83: 174 | H83: 1.849 | I83: 1.831 | J83: =IF(M83<>"",(H83-I83)/M83,"") -> 0.018 | K83: =(F83*(273.15+D83)/273.15)/(M83*N83) -> 7.5944646 | L83: MI_V3 | M83: =VLOOKUP(L83,[1]allgemein!$B$3:$C$13,2,FALSE) -> 1 | N83: 25 | O83: "
B84: 19A-0052Z | C84: " | D84: 24.9 | E84: 0.2 | F84: 174 | H84: 1.852 | I84: 1.835 | J84: =IF(M84<>"",(H84-I84)/M84,"") -> 0.017 | K84: =(F84*(273.15+D84)/273.15)/(M84*N84) -> 7.5944646 | L84: MI_V3 | M84: =VLOOKUP(L84,[1]allgemein!$B$3:$C$13,2,FALSE) -> 1 | N84: 25 | O84: "
B85: 19A-0053Z | C85: " | D85: 24.9 | E85: 0.1 | F85: 174 | H85: 1.846 | I85: 1.826 | J85: =IF(M85<>"",(H85-I85)/M85,"") -> 0.02 | K85: =(F85*(273.15+D85)/273.15)/(M85*N85) -> 7.5944646 | L85: MI_V3 | M85: =VLOOKUP(L85,[1]allgemein!$B$3:$C$13,2,FALSE) -> 1 | N85: 25 | O85: "
B86: 19A-0054Z | C86: " | D86: 24.9 | E86: 0 | F86: 174 | H86: 1.834 | I86: 1.82 | J86: =IF(M86<>"",(H86-I86)/M86,"") -> 0.014 | K86: =(F86*(273.15+D86)/273.15)/(M86*N86) -> 7.5944646 | L86: MI_V3 | M86: =VLOOKUP(L86,[1]allgemein!$B$3:$C$13,2,FALSE) -> 1 | N86: 25 | O86: "
B87: 19A-0055Z | C87: " | D87: 24.9 | E87: 0 | F87: 174 | H87: 1.842 | I87: 1.826 | J87: =IF(M87<>"",(H87-I87)/M87,"") -> 0.016 | K87: =(F87*(273.15+D87)/273.15)/(M87*N87) -> 7.5944646 | L87: MI_V3 | M87: =VLOOKUP(L87,[1]allgemein!$B$3:$C$13,2,FALSE) -> 1 | N87: 25 | O87: "
B88: 19A-0056Z | C88: " | D88: 24.9 | E88: 0 | F88: 174 | H88: 1.842 | I88: 1.826 | J88: =IF(M88<>"",(H88-I88)/M88,"") -> 0.016 | K88: =(F88*(273.15+D88)/273.15)/(M88*N88) -> 7.5944646 | L88: MI_V3 | M88: =VLOOKUP(L88,[1]allgemein!$B$3:$C$13,2,FALSE) -> 1 | N88: 25 | O88: "
B89: 19A-0057Z | C89: " | D89: 24.8 | E89: 0.1 | F89: 174 | H89: 1.834 | I89: 1.816 | J89: =IF(M89<>"",(H89-I89)/M89,"") -> 0.018 | K89: =(F89*(273.15+D89)/273.15)/(M89*N89) -> 7.5919165 | L89: MI_V3 | M89: =VLOOKUP(L89,[1]allgemein!$B$3:$C$13,2,FALSE) -> 1 | N89: 25 | O89: "
B90: 19A-0058Z | C90: " | D90: 24.8 | E90: 0.1 | F90: 174 | H90: 1.831 | I90: 1.813 | J90: =IF(M90<>"",(H90-I90)/M90,"") -> 0.018 | K90: =(F90*(273.15+D90)/273.15)/(M90*N90) -> 7.5919165 | L90: MI_V3 | M90: =VLOOKUP(L90,[1]allgemein!$B$3:$C$13,2,FALSE) -> 1 | N90: 25 | O90: "
B91: 19A-0059Z | C91: " | D91: 24.7 | E91: 0 | F91: 174 | H91: 1.839 | I91: 1.822 | J91: =IF(M91<>"",(H91-I91)/M91,"") -> 0.017 | K91: =(F91*(273.15+D91)/273.15)/(M91*N91) -> 7.5893685 | L91: MI_V3 | M91: =VLOOKUP(L91,[1]allgemein!$B$3:$C$13,2,FALSE) -> 1 | N91: 25 | O91: "
... B98: 19A-0066Z | C98: " | D98: 24.9 | E98: 0.1 | F98: 174 | H98: 1.844 | I98: 1.829 | J98: =IF(M98<>"",(H98-I98)/M98,"") -> 0.015 | K98: =(F98*(273.15+D98)/273.15)/(M98*N98) -> 7.5944646 | L98: MI_V3 | M98: =VLOOKUP(L98,[1]allgemein!$B$3:$C$13,2,FALSE) -> 1 | N98: 25 | O98: "
B99: 19A-0067Z | C99: 704937 | D99: 24.2 | E99: 0 | F99: 570 | G99: 1.831 | H99: 3.653 | I99: 3.62 | J99: =IF(M99<>"",(H99-I99)/M99,"") -> 0.0165 | K99: =(F99*(273.15+D99)/273.15)/(M99*N99) -> 7.7562466 | L99: MU2 | M99: =VLOOKUP(L99,[1]allgemein!$B$3:$C$13,2,FALSE) -> 2 | N99: 40 | O99: FA498490
C100: 496137 | G100: 1.822
B101: 19A-0068Z | C101: " | D101: 23.9 | E101: 0 | F101: 571 | G101: 1.818 | H101: 3.637 | I101: 3.603 | J101: =IF(M101<>"",(H101-I101)/M101,"") -> 0.017 | K101: =(F101*(273.15+D101)/273.15)/(M101*N101) -> 7.7620149 | L101: MU2 | M101: =VLOOKUP(L101,[1]allgemein!$B$3:$C$13,2,FALSE) -> 2 | N101: 40 | O101: "
C102: " | G102: 1.819
B103: 19A-0069Z | C103: " | D103: 23.8 | E103: 0.1 | F103: 569 | G103: 1.821 | H103: 3.661 | I103: 3.62 | J103: =IF(M103<>"",(H103-I103)/M103,"") -> 0.0205 | K103: =(F103*(273.15+D103)/273.15)/(M103*N103) -> 7.7322236 | L103: MU2 | M103: =VLOOKUP(L103,[1]allgemein!$B$3:$C$13,2,FALSE) -> 2 | N103: 40 | O103: FA498496
C104: " | G104: 1.84
B105: 19A-0070Z | C105: " | D105: 23.6 | E105: 0.1 | F105: 569 | G105: 1.823 | H105: 3.644 | I105: 3.619 | J105: =IF(M105<>"",(H105-I105)/M105,"") -> 0.0125 | K105: =(F105*(273.15+D105)/273.15)/(M105*N105) -> 7.7270158 | L105: MU2 | M105: =VLOOKUP(L105,[1]allgemein!$B$3:$C$13,2,FALSE) -> 2 | N105: 40 | O105: "
C106: " | G106: 1.821
B107: 19A-0071Z | C107: " | D107: 24.5 | E107: 0.1 | F107: 570 | G107: 1.828 | H107: 3.66 | I107: 3.626 | J107: =IF(M107<>"",(H107-I107)/M107,"") -> 0.017 | K107: =(F107*(273.15+D107)/273.15)/(M107*N107) -> 7.7640719 | L107: MU2 | M107: =VLOOKUP(L107,[1]allgemein!$B$3:$C$13,2,FALSE) -> 2 | N107: 40 | O107: "
C108: " | G108: 1.832
...

Sheet Feb
B3: Cell # | C3: Membran Batch FA | D3: Temp Gas / [°C] | E3: Temp Kat T1-T2 / [°C] | F3: Gasfluss / [sccm / min] | G3: Membrane V @ 13 bar/[V] | H3: Cell V @ 13 bar/[V] | I3: Cell V @ 0 bar [V] | J3: Voltage Diff. / [V] | K3: H2 Prod / [nmL/A] | L3: Typ | M3: Anzahl Layer | N3: Strom / [A] | O3: FA # | P3: Bemerkungen | Q3: Bemerkungen | S3: Visum | T3: Jahr: | U3: 2019
B4: 19B-0001Z | C4: 496139 | D4: 23.6 | E4: 0.1 | F4: 283 | H4: 1.887 | I4: 1.843 | J4: =IF(M4<>"",(H4-I4)/M4,"") -> 0.044 | K4: =(F4*(273.15+D4)/273.15)/(M4*N4) -> 7.6862759 | L4: MU1 | M4: =VLOOKUP(L4,allgemein!$B$3:$C$13,2,FALSE) -> 1 | N4: 40 | O4: FA496382
B5: 19B-0002Z | C5: " | D5: 23.6 | E5: 0 | F5: 282 | H5: 1.872 | I5: 1.839 | J5: =IF(M5<>"",(H5-I5)/M5,"") -> 0.033 | K5: =(F5*(273.15+D5)/273.15)/(M5*N5) -> 7.6591159 | L5: MU1 | M5: =VLOOKUP(L5,allgemein!$B$3:$C$13,2,FALSE) -> 1 | N5: 40 | O5: "
B6: 19B-0003Z | C6: " | D6: 23.7 | E6: 0 | F6: 283 | H6: 1.873 | I6: 1.841 | J6: =IF(M6<>"",(H6-I6)/M6,"") -> 0.032 | K6: =(F6*(273.15+D6)/273.15)/(M6*N6) -> 7.688866 | L6: MU1 | M6: =VLOOKUP(L6,allgemein!$B$3:$C$13,2,FALSE) -> 1 | N6: 40 | O6: " | P6: Mem. kleines Ptloch
B7: 19B-0004Z | C7: " | D7: 23.7 | E7: 0 | F7: 282 | H7: 1.858 | I7: 1.832 | J7: =IF(M7<>"",(H7-I7)/M7,"") -> 0.026 | K7: =(F7*(273.15+D7)/273.15)/(M7*N7) -> 7.6616969 | L7: MU1 | M7: =VLOOKUP(L7,allgemein!$B$3:$C$13,2,FALSE) -> 1 | N7: 40 | O7: "
B8: 19B-0005Z | C8: " | D8: 23.7 | E8: 0.1 | F8: 282 | H8: 1.861 | I8: 1.831 | J8: =IF(M8<>"",(H8-I8)/M8,"") -> 0.03 | K8: =(F8*(273.15+D8)/273.15)/(M8*N8) -> 7.6616969 | L8: MU1 | M8: =VLOOKUP(L8,allgemein!$B$3:$C$13,2,FALSE) -> 1 | N8: 40 | O8: "
B9: 19B-0006Z | C9: " | D9: 23.6 | E9: 0.2 | F9: 281 | H9: 1.91 | I9: 1.825 | J9: =IF(M9<>"",(H9-I9)/M9,"") -> 0.085 | K9: =(F9*(273.15+D9)/273.15)/(M9*N9) -> 7.6319559 | L9: MU1 | M9: =VLOOKUP(L9,allgemein!$B$3:$C$13,2,FALSE) -> 1 | N9: 40 | O9: " | P9: Mem. grosser Kratzer
B10: " | C10: 496138 | D10: 26 | E10: 0.2 | F10: 282 | H10: 1.82 | I10: 1.799 | J10: =IF(M10<>"",(H10-I10)/M10,"") -> 0.021 | K10: =(F10*(273.15+D10)/273.15)/(M10*N10) -> 7.7210599 | L10: MU1 | M10: =VLOOKUP(L10,allgemein!$B$3:$C$13,2,FALSE) -> 1 | N10: 40 | P10: Mem. gewechselt
B11: 19B-0007Z | C11: 496139 | D11: 24 | E11: 0.1 | F11: 282 | H11: 1.862 | I11: 1.833 | J11: =IF(M11<>"",(H11-I11)/M11,"") -> 0.029 | K11: =(F11*(273.15+D11)/273.15)/(M11*N11) -> 7.6694399 | L11: MU1 | M11: =VLOOKUP(L11,allgemein!$B$3:$C$13,2,FALSE) -> 1 | N11: 40 | O11: "
B12: 19B-0008Z | C12: " | D12: 24 | E12: 0.2 | F12: 282 | H12: 1.893 | I12: 1.827 | J12: =IF(M12<>"",(H12-I12)/M12,"") -> 0.066 | K12: =(F12*(273.15+D12)/273.15)/(M12*N12) -> 7.6694399 | L12: MU1 | M12: =VLOOKUP(L12,allgemein!$B$3:$C$13,2,FALSE) -> 1 | N12: 40 | O12: "
B13: " | C13: " | D13: 23.9 | E13: 0 | F13: 282 | H13: 1.87 | I13: 1.824 | J13: =IF(M13<>"",(H13-I13)/M13,"") -> 0.046 | K13: =(F13*(273.15+D13)/273.15)/(M13*N13) -> 7.6668589 | L13: MU1 | M13: =VLOOKUP(L13,allgemein!$B$3:$C$13,2,FALSE) -> 1 | N13: 40 | P13: geöffnet/ wieder verschraubt
B14: " | C14: " | D14: 23.9 | E14: 0 | F14: 282 | H14: 1.86 | I14: 1.815 | J14: =IF(M14<>"",(H14-I14)/M14,"") -> 0.045 | K14: =(F14*(273.15+D14)/273.15)/(M14*N14) -> 7.6668589 | L14: MU1 | M14: =VLOOKUP(L14,allgemein!$B$3:$C$13,2,FALSE) -> 1 | N14: 40
B15: 19B-0009Z | C15: " | D15: 24 | E15: 0 | F15: 282 | H15: 1.875 | I15: 1.826 | J15: =IF(M15<>"",(H15-I15)/M15,"") -> 0.049 | K15: =(F15*(273.15+D15)/273.15)/(M15*N15) -> 7.6694399 | L15: MU1 | M15: =VLOOKUP(L15,allgemein!$B$3:$C$13,2,FALSE) -> 1 | N15: 40 | O15: "
B16: " | C16: " | D16: 23.9 | E16: 0 | F16: 282 | H16: 1.889 | I16: 1.826 | J16: =IF(M16<>"",(H16-I16)/M16,"") -> 0.063 | K16: =(F16*(273.15+D16)/273.15)/(M16*N16) -> 7.6668589 | L16: MU1 | M16: =VLOOKUP(L16,allgemein!$B$3:$C$13,2,FALSE) -> 1 | N16: 40 | P16: geöffnet/ wieder verschraubt
B17: " | C17: " | D17: 22.3 | E17: 0.1 | F17: 282 | H17: 1.918 | I17: 1.859 | J17: =IF(M17<>"",(H17-I17)/M17,"") -> 0.059 | K17: =(F17*(273.15+D17)/273.15)/(M17*N17) -> 7.6255629 | L17: MU1 | M17: =VLOOKUP(L17,allgemein!$B$3:$C$13,2,FALSE) -> 1 | N17: 40 | P17: altes Testsys. 38.9A= 40A
B18: " | C18: 496138 | D18: 26 | E18: 0 | F18: 282 | H18: 1.827 | I18: 1.807 | J18: =IF(M18<>"",(H18-I18)/M18,"") -> 0.02 | K18: =(F18*(273.15+D18)/273.15)/(M18*N18) -> 7.7210599 | L18: MU1 | M18: =VLOOKUP(L18,allgemein!$B$3:$C$13,2,FALSE) -> 1 | N18: 40 | P18: Mem. gewechselt
B19: 19B-0010Z | C19: 496139 | D19: 24.1 | E19: 0 | F19: 282 | H19: 1.891 | I19: 1.827 | J19: =IF(M19<>"",(H19-I19)/M19,"") -> 0.064 | K19: =(F19*(273.15+D19)/273.15)/(M19*N19) -> 7.6720209 | L19: MU1 | M19: =VLOOKUP(L19,allgemein!$B$3:$C$13,2,FALSE) -> 1 | N19: 40 | O19: "
B20: " | C20: " | D20: 23.8 | E20: 0 | F20: 282 | H20: 1.897 | I20: 1.849 | J20: =IF(M20<>"",(H20-I20)/M20,"") -> 0.048 | K20: =(F20*(273.15+D20)/273.15)/(M20*N20) -> 7.6642779 | L20: MU1 | M20: =VLOOKUP(L20,allgemein!$B$3:$C$13,2,FALSE) -> 1 | N20: 40 | P20: geöffnet/ wieder verschraubt
B21: " | C21: " | D21: 22.5 | E21: 0 | F21: 282 | H21: 1.89 | I21: 1.862 | J21: =IF(M21<>"",(H21-I21)/M21,"") -> 0.028 | K21: =(F21*(273.15+D21)/273.15)/(M21*N21) -> 7.6307249 | L21: MU1 | M21: =VLOOKUP(L21,allgemein!$B$3:$C$13,2,FALSE) -> 1 | N21: 40 | P21: altes Testsys. 39.4A= 40A
B22: 19B-0011Z | C22: " | D22: 24.1 | E22: 0 | F22: 282 | H22: 1.888 | I22: 1.823 | J22: =IF(M22<>"",(H22-I22)/M22,"") -> 0.065 | K22: =(F22*(273.15+D22)/273.15)/(M22*N22) -> 7.6720209 | L22: MU1 | M22: =VLOOKUP(L22,allgemein!$B$3:$C$13,2,FALSE) -> 1 | N22: 40 | O22: "
B23: " | C23: " | D23: 23.7 | E23: 0 | F23: 282 | H23: 1.902 | I23: 1.856 | J23: =IF(M23<>"",(H23-I23)/M23,"") -> 0.046 | K23: =(F23*(273.15+D23)/273.15)/(M23*N23) -> 7.6616969 | L23: MU1 | M23: =VLOOKUP(L23,allgemein!$B$3:$C$13,2,FALSE) -> 1 | N23: 40 | P23: geöffnet/ wieder verschraubt
B24: 19B-0012Z | C24: " | D24: 24.1 | E24: 0 | F24: 281 | H24: 1.88 | I24: 1.82 | J24: =IF(M24<>"",(H24-I24)/M24,"") -> 0.06 | K24: =(F24*(273.15+D24)/273.15)/(M24*N24) -> 7.6448151 | L24: MU1 | M24: =VLOOKUP(L24,allgemein!$B$3:$C$13,2,FALSE) -> 1 | N24: 40 | O24: "
B25: " | C25: " | D25: 23.9 | E25: 0 | F25: 282 | H25: 1.885 | I25: 1.854 | J25: =IF(M25<>"",(H25-I25)/M25,"") -> 0.031 | K25: =(F25*(273.15+D25)/273.15)/(M25*N25) -> 7.6668589 | L25: MU1 | M25: =VLOOKUP(L25,allgemein!$B$3:$C$13,2,FALSE) -> 1 | N25: 40 | P25: geöffnet/ wieder verschraubt
B26: 19B-0013Z | C26: 496134 | D26: 22.3 | E26: 0.1 | F26: 173 | H26: 1.876 | I26: 1.861 | J26: =IF(M26<>"",(H26-I26)/M26,"") -> 0.015 | K26: =(F26*(273.15+D26)/273.15)/(M26*N26) -> 7.4849497 | L26: MI_V3 | M26: =VLOOKUP(L26,[1]allgemein!$B$3:$C$13,2,FALSE) -> 1 | N26: 25 | O26: FA496362 | P26: altes TS auf 24.2A= 25A
B27: 19B-0014Z | C27: " | D27: 22.3 | E27: 0.1 | F27: 173 | H27: 1.876 | I27: 1.861 | J27: =IF(M27<>"",(H27-I27)/M27,"") -> 0.015 | K27: =(F27*(273.15+D27)/273.15)/(M27*N27) -> 7.4849497 | L27: MI_V3 | M27: =VLOOKUP(L27,[1]allgemein!$B$3:$C$13,2,FALSE) -> 1 | N27: 25 | O27: " | P27: "
B28: 19B-0015Z | C28: " | D28: 22.3 | E28: 0.1 | F28: 173 | H28: 1.874 | I28: 1.858 | J28: =IF(M28<>"",(H28-I28)/M28,"") -> 0.016 | K28: =(F28*(273.15+D28)/273.15)/(M28*N28) -> 7.4849497 | L28: MI_V3 | M28: =VLOOKUP(L28,[1]allgemein!$B$3:$C$13,2,FALSE) -> 1 | N28: 25 | O28: " | P28: "
B29: 19B-0016Z | C29: 496136 | D29: 22.3 | E29: 0.1 | F29: 173 | H29: 1.87 | I29: 1.851 | J29: =IF(M29<>"",(H29-I29)/M29,"") -> 0.019 | K29: =(F29*(273.15+D29)/273.15)/(M29*N29) -> 7.4849497 | L29: MI_V3 | M29: =VLOOKUP(L29,[1]allgemein!$B$3:$C$13,2,FALSE) -> 1 | N29: 25 | O29: " | P29: "
B30: " | C30: " | D30: 23.8 | E30: 0 | F30: 175 | H30: 1.835 | I30: 1.817 | J30: =IF(M30<>"",(H30-I30)/M30,"") -> 0.018 | K30: =(F30*(273.15+D30)/273.15)/(M30*N30) -> 7.6099213 | L30: MI_V3 | M30: =VLOOKUP(L30,[1]allgemein!$B$3:$C$13,2,FALSE) -> 1 | N30: 25 | O30: " | P30: neues Netzteil Vergleichsmessung
B31: 19B-0017Z | C31: " | D31: 22.3 | E31: 0.1 | F31: 173 | H31: 1.869 | I31: 1.855 | J31: =IF(M31<>"",(H31-I31)/M31,"") -> 0.014 | K31: =(F31*(273.15+D31)/273.15)/(M31*N31) -> 7.4849497 | L31: MI_V3 | M31: =VLOOKUP(L31,[1]allgemein!$B$3:$C$13,2,FALSE) -> 1 | N31: 25 | O31: " | P31: altes TS auf 24.2A= 25A
B32: " | C32: " | D32: 23.9 | E32: 0 | F32: 175 | H32: 1.837 | I32: 1.824 | J32: =IF(M32<>"",(H32-I32)/M32,"") -> 0.013 | K32: =(F32*(273.15+D32)/273.15)/(M32*N32) -> 7.612484 | L32: MI_V3 | M32: =VLOOKUP(L32,[1]allgemein!$B$3:$C$13,2,FALSE) -> 1 | N32: 25 | O32: " | P32: neues Netzteil Vergleichsmessung
B33: 19B-0018Z | C33: " | D33: 22.3 | E33: 0.2 | F33: 173 | H33: 1.878 | I33: 1.861 | J33: =IF(M33<>"",(H33-I33)/M33,"") -> 0.017 | K33: =(F33*(273.15+D33)/273.15)/(M33*N33) -> 7.4849497 | L33: MI_V3 | M33: =VLOOKUP(L33,[1]allgemein!$B$3:$C$13,2,FALSE) -> 1 | N33: 25 | O33: "
B34: 19B-0019Z | C34: " | D34: 22.3 | E34: 0.2 | F34: 173 | H34: 1.873 | I34: 1.858 | J34: =IF(M34<>"",(H34-I34)/M34,"") -> 0.015 | K34: =(F34*(273.15+D34)/273.15)/(M34*N34) -> 7.4849497 | L34: MI_V3 | M34: =VLOOKUP(L34,[1]allgemein!$B$3:$C$13,2,FALSE) -> 1 | N34: 25 | O34: "
B35: 19B-0020Z | C35: " | D35: 22.1 | E35: 0.2 | F35: 173 | H35: 1.87 | I35: 1.862 | J35: =IF(M35<>"",(H35-I35)/M35,"") -> 0.008 | K35: =(F35*(273.15+D35)/273.15)/(M35*N35) -> 7.4798828 | L35: MI_V3 | M35: =VLOOKUP(L35,[1]allgemein!$B$3:$C$13,2,FALSE) -> 1 | N35: 25 | O35: "
B36: 19B-0021Z | C36: 496138 | D36: 26 | E36: 0 | F36: 281 | H36: 1.825 | I36: 1.809 | J36: =IF(M36<>"",(H36-I36)/M36,"") -> 0.016 | K36: =(F36*(273.15+D36)/273.15)/(M36*N36) -> 7.6936802 | L36: MU1 | M36: 1 | N36: 40 | O36: FA502898
B37: 19B-0022Z | C37: " | D37: 25.9 | E37: 0 | F37: 282 | H37: 1.843 | I37: 1.815 | J37: =IF(M37<>"",(H37-I37)/M37,"") -> 0.028 | K37: =(F37*(273.15+D37)/273.15)/(M37*N37) -> 7.7184789 | L37: MU1 | M37: =VLOOKUP(L37,allgemein!$B$3:$C$13,2,FALSE) -> 1 | N37: 40 | O37: " | P37: Mem. Punktlöcher
B38: 19B-0023Z | C38: " | D38: 25.8 | E38: 0 | F38: 281 | H38: 1.846 | I38: 1.813 | J38: =IF(M38<>"",(H38-I38)/M38,"") -> 0.033 | K38: =(F38*(273.15+D38)/273.15)/(M38*N38) -> 7.6885365 | L38: MU1 | M38: =VLOOKUP(L38,allgemein!$B$3:$C$13,2,FALSE) -> 1 | N38: 40 | O38: " | P38: "
B39: 19B-0024Z | C39: " | D39: 25.8 | E39: 0.1 | F39: 281 | H39: 1.836 | I39: 1.819 | J39: =IF(M39<>"",(H39-I39)/M39,"") -> 0.017 | K39: =(F39*(273.15+D39)/273.15)/(M39*N39) -> 7.6885365 | L39: MU1 | M39: =VLOOKUP(L39,allgemein!$B$3:$C$13,2,FALSE) -> 1 | N39: 40 | O39: " | P39: "
B40: 19B-0025Z | C40: " | D40: 25.6 | E40: 0.1 | F40: 281 | H40: 1.811 | I40: 1.792 | J40: =IF(M40<>"",(H40-I40)/M40,"") -> 0.019 | K40: =(F40*(273.15+D40)/273.15)/(M40*N40) -> 7.6833928 | L40: MU1 | M40: =VLOOKUP(L40,allgemein!$B$3:$C$13,2,FALSE) -> 1 | N40: 40 | O40: " | P40: "
B41: 19B-0026Z | C41: " | D41: 25.5 | E41: 0 | F41: 282 | H41: 1.807 | I41: 1.791 | J41: =IF(M41<>"",(H41-I41)/M41,"") -> 0.016 | K41: =(F41*(273.15+D41)/273.15)/(M41*N41) -> 7.7081549 | L41: MU1 | M41: =VLOOKUP(L41,allgemein!$B$3:$C$13,2,FALSE) -> 1 | N41: 40 | O41: " | P41: "
B42: 19B-0027Z | C42: " | D42: 23 | E42: 0 | F42: 281 | H42: 1.845 | I42: 1.82 | J42: =IF(M42<>"",(H42-I42)/M42,"") -> 0.025 | K42: =(F42*(273.15+D42)/273.15)/(M42*N42) -> 7.6165248 | L42: MU1 | M42: =VLOOKUP(L42,allgemein!$B$3:$C$13,2,FALSE) -> 1 | N42: 40 | O42: " | P42: "
B43: 19B-0028Z | C43: " | D43: 23.2 | E43: 0 | F43: 281 | H43: 1.828 | I43: 1.812 | J43: =IF(M43<>"",(H43-I43)/M43,"") -> 0.016 | K43: =(F43*(273.15+D43)/273.15)/(M43*N43) -> 7.6216685 | L43: MU1 | M43: =VLOOKUP(L43,allgemein!$B$3:$C$13,2,FALSE) -> 1 | N43: 40 | O43: " | P43: "
B44: 19B-0029Z | C44: " | D44: 23.4 | E44: 0 | F44: 282 | H44: 1.825 | I44: 1.807 | J44: =IF(M44<>"",(H44-I44)/M44,"") -> 0.018 | K44: =(F44*(273.15+D44)/273.15)/(M44*N44) -> 7.6539539 | L44: MU1 | M44: =VLOOKUP(L44,allgemein!$B$3:$C$13,2,FALSE) -> 1 | N44: 40 | O44: "
B45: 19B-0030Z | C45: " | D45: 23.6 | E45: 0 | F45: 282 | H45: 1.847 | I45: 1.824 | J45: =IF(M45<>"",(H45-I45)/M45,"") -> 0.023 | K45: =(F45*(273.15+D45)/273.15)/(M45*N45) -> 7.6591159 | L45: MU1 | M45: =VLOOKUP(L45,allgemein!$B$3:$C$13,2,FALSE) -> 1 | N45: 40 | O45: "
B46: 19B-0031Z | C46: " | D46: 24.1 | E46: 0 | F46: 282 | H46: 1.842 | I46: 1.824 | J46: =IF(M46<>"",(H46-I46)/M46,"") -> 0.018 | K46: =(F46*(273.15+D46)/273.15)/(M46*N46) -> 7.6720209 | L46: MU1 | M46: =VLOOKUP(L46,allgemein!$B$3:$C$13,2,FALSE) -> 1 | N46: 40 | O46: FA504494 | P46: ersetzt 1505-5746
B47: 19B-0032Z | C47: " | D47: 25.3 | E47: 0 | F47: 569 | G47: 1.824 | H47: 3.658 | I47: 3.623 | J47: =IF(M47<>"",(H47-I47)/M47,"") -> 0.0175 | K47: =(F47*(273.15+D47)/273.15)/(M47*N47) -> 7.7712818 | L47: MU2 | M47: =VLOOKUP(L47,allgemein!$B$3:$C$13,2,FALSE) -> 2 | N47: 40 | O47: FA502897
C48: " | G48: 1.834
B49: 19B-0033Z | C49: " | D49: 25.1 | E49: 0 | F49: 569 | G49: 1.818 | H49: 3.635 | I49: 3.6 | J49: =IF(M49<>"",(H49-I49)/M49,"") -> 0.0175 | K49: =(F49*(273.15+D49)/273.15)/(M49*N49) -> 7.766074 | L49: MU2 | M49: =VLOOKUP(L49,allgemein!$B$3:$C$13,2,FALSE) -> 2 | N49: 40 | O49: "
C50: " | G50: 1.817
B51: 19B-0034Z | C51: " | D51: 24.5 | E51: 0.1 | F51: 856 | G51: 1.824 | H51: 5.468 | I51: 5.424 | J51: =IF(M51<>"",(H51-I51)/M51,"") -> 0.014666667 | K51: =(F51*(273.15+D51)/273.15)/(M51*N51) -> 7.7731527 | L51: MU3 | M51: =VLOOKUP(L51,allgemein!$B$3:$C$13,2,FALSE) -> 3 | N51: 40 | O51: FA503933
C52: " | G52: 1.82
C53: " | G53: 1.824
B54: 19B-0035Z | C54: 496138 | D54: 24.2 | E54: 0 | F54: 856 | G54: 1.835 | H54: 5.503 | I54: 5.446 | J54: =IF(M54<>"",(H54-I54)/M54,"") -> 0.019 | K54: =(F54*(273.15+D54)/273.15)/(M54*N54) -> 7.7653182 | L54: MU3 | M54: =VLOOKUP(L54,allgemein!$B$3:$C$13,2,FALSE) -> 3 | N54: 40 | O54: FA498491
C55: " | G55: 1.834
C56: " | G56: 1.834
B57: 19B-0036Z | C57: 496136 | D57: 25.9 | E57: 0 | F57: 173 | H57: 1.847 | I57: 1.832 | J57: =IF(M57<>"",(H57-I57)/M57,"") -> 0.015 | K57: =(F57*(273.15+D57)/273.15)/(M57*N57) -> 7.5761523 | L57: MI_V3 | M57: =VLOOKUP(L57,[1]allgemein!$B$3:$C$13,2,FALSE) -> 1 | N57: 25 | O57: FA505069
B58: 19B-0037Z | C58: " | D58: 25.9 | E58: 0 | F58: 173 | H58: 1.84 | I58: 1.825 | J58: =IF(M58<>"",(H58-I58)/M58,"") -> 0.015 | K58: =(F58*(273.15+D58)/273.15)/(M58*N58) -> 7.5761523 | L58: MI_V3 | M58: =VLOOKUP(L58,[1]allgemein!$B$3:$C$13,2,FALSE) -> 1 | N58: 25 | O58: "
B59: 19B-0038Z | C59: " | D59: 26 | E59: 0 | F59: 173 | H59: 1.832 | I59: 1.816 | J59: =IF(M59<>"",(H59-I59)/M59,"") -> 0.016 | K59: =(F59*(273.15+D59)/273.15)/(M59*N59) -> 7.5786857 | L59: MI_V3 | M59: =VLOOKUP(L59,[1]allgemein!$B$3:$C$13,2,FALSE) -> 1 | N59: 25 | O59: FA500547
B60: 19B-0039Z | C60: " | D60: 26 | E60: 0 | F60: 173 | H60: 1.833 | I60: 1.816 | J60: =IF(M60<>"",(H60-I60)/M60,"") -> 0.017 | K60: =(F60*(273.15+D60)/273.15)/(M60*N60) -> 7.5786857 | L60: MI_V3 | M60: =VLOOKUP(L60,[1]allgemein!$B$3:$C$13,2,FALSE) -> 1 | N60: 25 | O60: "
B61: 19B-0040Z | C61: " | D61: 25.9 | E61: 0 | F61: 174 | H61: 1.842 | I61: 1.825 | J61: =IF(M61<>"",(H61-I61)/M61,"") -> 0.017 | K61: =(F61*(273.15+D61)/273.15)/(M61*N61) -> 7.6199451 | L61: MI_V3 | M61: =VLOOKUP(L61,[1]allgemein!$B$3:$C$13,2,FALSE) -> 1 | N61: 25 | O61: " | P61: Messung nach 15 Min
B62: 19B-0041Z | C62: " | D62: 25.9 | E62: 0.1 | F62: 173 | H62: 1.835 | I62: 1.818 | J62: =IF(M62<>"",(H62-I62)/M62,"") -> 0.017 | K62: =(F62*(273.15+D62)/273.15)/(M62*N62) -> 7.5761523 | L62: MI_V3 | M62: =VLOOKUP(L62,[1]allgemein!$B$3:$C$13,2,FALSE) -> 1 | N62: 25 | O62: "
B63: 19B-0042Z | C63: " | D63: 25.8 | E63: 0 | F63: 173 | H63: 1.839 | I63: 1.823 | J63: =IF(M63<>"",(H63-I63)/M63,"") -> 0.016 | K63: =(F63*(273.15+D63)/273.15)/(M63*N63) -> 7.5736189 | L63: MI_V3 | M63: =VLOOKUP(L63,[1]allgemein!$B$3:$C$13,2,FALSE) -> 1 | N63: 25 | O63: "
B64: 19B-0043Z | C64: " | D64: 25.5 | E64: 0 | F64: 173 | H64: 1.841 | I64: 1.828 | J64: =IF(M64<>"",(H64-I64)/M64,"") -> 0.013 | K64: =(F64*(273.15+D64)/273.15)/(M64*N64) -> 7.5660187 | L64: MI_V3 | M64: =VLOOKUP(L64,[1]allgemein!$B$3:$C$13,2,FALSE) -> 1 | N64: 25 | O64: FA498493
B65: 19B-0044Z | C65: " | D65: 26.5 | E65: 0 | F65: 173 | H65: 1.848 | I65: 1.837 | J65: =IF(M65<>"",(H65-I65)/M65,"") -> 0.011 | K65: =(F65*(273.15+D65)/273.15)/(M65*N65) -> 7.5913527 | L65: MI_V3 | M65: =VLOOKUP(L65,[1]allgemein!$B$3:$C$13,2,FALSE) -> 1 | N65: 25 | O65: "
B66: 19B-0045Z | C66: " | D66: 26.5 | E66: 0 | F66: 173 | H66: 1.848 | I66: 1.834 | J66: =IF(M66<>"",(H66-I66)/M66,"") -> 0.014 | K66: =(F66*(273.15+D66)/273.15)/(M66*N66) -> 7.5913527 | L66: MI_V3 | M66: =VLOOKUP(L66,[1]allgemein!$B$3:$C$13,2,FALSE) -> 1 | N66: 25 | O66: "
B67: 19B-0046Z | C67: " | D67: 26.5 | E67: 0 | F67: 173 | H67: 1.845 | I67: 1.829 | J67: =IF(M67<>"",(H67-I67)/M67,"") -> 0.016 | K67: =(F67*(273.15+D67)/273.15)/(M67*N67) -> 7.5913527 | L67: MI_V3 | M67: =VLOOKUP(L67,[1]allgemein!$B$3:$C$13,2,FALSE) -> 1 | N67: 25 | O67: "
B68: 19B-0047Z | C68: " | D68: 26.5 | E68: 0 | F68: 173 | H68: 1.839 | I68: 1.823 | J68: =IF(M68<>"",(H68-I68)/M68,"") -> 0.016 | K68: =(F68*(273.15+D68)/273.15)/(M68*N68) -> 7.5913527 | L68: MI_V3 | M68: =VLOOKUP(L68,[1]allgemein!$B$3:$C$13,2,FALSE) -> 1 | N68: 25 | O68: "
B69: 19B-0048Z | C69: " | D69: 26.7 | E69: 0 | F69: 173 | H69: 1.843 | I69: 1.824 | J69: =IF(M69<>"",(H69-I69)/M69,"") -> 0.019 | K69: =(F69*(273.15+D69)/273.15)/(M69*N69) -> 7.5964195 | L69: MI_V3 | M69: =VLOOKUP(L69,[1]allgemein!$B$3:$C$13,2,FALSE) -> 1 | N69: 25 | O69: "
B70: 19B-0049Z | C70: " | D70: 26.6 | E70: 0.3 | F70: 176 | H70: 1.841 | I70: 1.825 | J70: =IF(M70<>"",(H70-I70)/M70,"") -> 0.016 | K70: =(F70*(273.15+D70)/273.15)/(M70*N70) -> 7.725572 | L70: MI_V3 | M70: =VLOOKUP(L70,[1]allgemein!$B$3:$C$13,2,FALSE) -> 1 | N70: 25 | O70: "
B71: 19B-0050Z | C71: " | D71: 26.6 | E71: 0.4 | F71: 173 | H71: 1.833 | I71: 1.819 | J71: =IF(M71<>"",(H71-I71)/M71,"") -> 0.014 | K71: =(F71*(273.15+D71)/273.15)/(M71*N71) -> 7.5938861 | L71: MI_V3 | M71: =VLOOKUP(L71,[1]allgemein!$B$3:$C$13,2,FALSE) -> 1 | N71: 25 | O71: FA503964
B72: 19B-0051Z | C72: 496135 | D72: 26.5 | E72: 0 | F72: 173 | H72: 1.831 | I72: 1.816 | J72: =IF(M72<>"",(H72-I72)/M72,"") -> 0.015 | K72: =(F72*(273.15+D72)/273.15)/(M72*N72) -> 7.5913527 | L72: MI_V3 | M72: =VLOOKUP(L72,[1]allgemein!$B$3:$C$13,2,FALSE) -> 1 | N72: 25 | O72: "
B73: 19B-0052Z | C73: 496138 | D73: 24.2 | E73: 0 | F73: 860 | G73: 1.821 | H73: 5.487 | I73: 5.435 | J73: =IF(M73<>"",(H73-I73)/M73,"") -> 0.017333333 | K73: =(F73*(273.15+D73)/273.15)/(M73*N73) -> 7.8016047 | L73: MU3 | M73: =VLOOKUP(L73,allgemein!$B$3:$C$13,2,FALSE) -> 3 | N73: 40 | O73: FA498922
C74: " | G74: 1.833
C75: " | G75: 1.833
B76: 19B-0053Z | C76: " | D76: 24 | E76: 0 | F76: 860 | G76: 1.825 | H76: 5.478 | I76: 5.423 | J76: =IF(M76<>"",(H76-I76)/M76,"") -> 0.018333333 | K76: =(F76*(273.15+D76)/273.15)/(M76*N76) -> 7.7963573 | L76: MU3 | M76: =VLOOKUP(L76,allgemein!$B$3:$C$13,2,FALSE) -> 3 | N76: 40 | O76: "
C77: " | G77: 1.826
C78: " | G78: 1.827
B79: 19B-0054Z | C79: " | D79: 24 | E79: 0 | F79: 282 | H79: 1.838 | I79: 1.82 | J79: =IF(M79<>"",(H79-I79)/M79,"") -> 0.018 | K79: =(F79*(273.15+D79)/273.15)/(M79*N79) -> 7.6694399 | L79: MU1 | M79: =VLOOKUP(L79,allgemein!$B$3:$C$13,2,FALSE) -> 1 | N79: 40 | O79: FA503959
B80: 19B-0055Z | C80: 496135 | D80: 25.6 | E80: 0 | F80: 173 | H80: 1.84 | I80: 1.823 | J80: =IF(M80<>"",(H80-I80)/M80,"") -> 0.017 | K80: =(F80*(273.15+D80)/273.15)/(M80*N80) -> 7.5685521 | L80: MI_V3 | M80: =VLOOKUP(L80,[1]allgemein!$B$3:$C$13,2,FALSE) -> 1 | N80: 25 | O80: FA502984
B81: 19B-0056Z | C81: " | D81: 25.6 | E81: 0.1 | F81: 173 | H81: 1.845 | I81: 1.83 | J81: =IF(M81<>"",(H81-I81)/M81,"") -> 0.015 | K81: =(F81*(273.15+D81)/273.15)/(M81*N81) -> 7.5685521 | L81: MI_V3 | M81: =VLOOKUP(L81,[1]allgemein!$B$3:$C$13,2,FALSE) -> 1 | N81: 25 | O81: "
B82: 19B-0057Z | C82: " | D82: 25.6 | E82: 0 | F82: 173 | H82: 1.842 | I82: 1.828 | J82: =IF(M82<>"",(H82-I82)/M82,"") -> 0.014 | K82: =(F82*(273.15+D82)/273.15)/(M82*N82) -> 7.5685521 | L82: MI_V3 | M82: =VLOOKUP(L82,[1]allgemein!$B$3:$C$13,2,FALSE) -> 1 | N82: 25 | O82: "
B83: 19B-0058Z | C83: " | D83: 25.6 | E83: 0 | F83: 173 | H83: 1.84 | I83: 1.825 | J83: =IF(M83<>"",(H83-I83)/M83,"") -> 0.015 | K83: =(F83*(273.15+D83)/273.15)/(M83*N83) -> 7.5685521 | L83: MI_V3 | M83: =VLOOKUP(L83,[1]allgemein!$B$3:$C$13,2,FALSE) -> 1 | N83: 25 | O83: "
B84: 19B-0059Z | C84: " | D84: 25.6 | E84: 0 | F84: 173 | H84: 1.843 | I84: 1.827 | J84: =IF(M84<>"",(H84-I84)/M84,"") -> 0.016 | K84: =(F84*(273.15+D84)/273.15)/(M84*N84) -> 7.5685521 | L84: MI_V3 | M84: =VLOOKUP(L84,[1]allgemein!$B$3:$C$13,2,FALSE) -> 1 | N84: 25 | O84: "
B85: 19B-0060Z | C85: " | D85: 25.6 | E85: 0 | F85: 173 | H85: 1.831 | I85: 1.815 | J85: =IF(M85<>"",(H85-I85)/M85,"") -> 0.016 | K85: =(F85*(273.15+D85)/273.15)/(M85*N85) -> 7.5685521 | L85: MI_V3 | M85: =VLOOKUP(L85,[1]allgemein!$B$3:$C$13,2,FALSE) -> 1 | N85: 25 | O85: "
B86: 19B-0061Z | C86: " | D86: 25.6 | E86: 0 | F86: 173 | H86: 1.826 | I86: 1.807 | J86: =IF(M86<>"",(H86-I86)/M86,"") -> 0.019 | K86: =(F86*(273.15+D86)/273.15)/(M86*N86) -> 7.5685521 | L86: MI_V3 | M86: =VLOOKUP(L86,[1]allgemein!$B$3:$C$13,2,FALSE) -> 1 | N86: 25 | O86: "
B87: 19B-0062Z | C87: " | D87: 25.6 | E87: 0 | F87: 173 | H87: 1.835 | I87: 1.822 | J87: =IF(M87<>"",(H87-I87)/M87,"") -> 0.013 | K87: =(F87*(273.15+D87)/273.15)/(M87*N87) -> 7.5685521 | L87: MI_V3 | M87: =VLOOKUP(L87,[1]allgemein!$B$3:$C$13,2,FALSE) -> 1 | N87: 25 | O87: "
B88: 19B-0063Z | C88: 496138 | D88: 25.6 | E88: 0 | F88: 857 | G88: 1.827 | H88: 5.48 | I88: 5.425 | J88: =IF(M88<>"",(H88-I88)/M88,"") -> 0.018333333 | K88: =(F88*(273.15+D88)/273.15)/(M88*N88) -> 7.8109937 | L88: MU3 | M88: =VLOOKUP(L88,allgemein!$B$3:$C$13,2,FALSE) -> 3 | N88: 40 | O88: FA498922
C89: " | G89: 1.822
C90: " | G90: 1.831
B91: 19B-0064Z | C91: " | D91: 25.5 | E91: 0.2 | F91: 856 | G91: 1.823 | H91: 5.466 | I91: 5.422 | J91: =IF(M91<>"",(H91-I91)/M91,"") -> 0.014666667 | K91: =(F91*(273.15+D91)/273.15)/(M91*N91) -> 7.7992678 | L91: MU3 | M91: =VLOOKUP(L91,allgemein!$B$3:$C$13,2,FALSE) -> 3 | N91: 40 | O91: FA498922
C92: " | G92: 1.824
C93: " | G93: 1.819
B94: 19B-0065Z | C94: " | D94: 23.9 | E94: 0 | F94: 568 | G94: 1.843 | H94: 3.673 | I94: 3.645 | J94: =IF(M94<>"",(H94-I94)/M94,"") -> 0.014 | K94: =(F94*(273.15+D94)/273.15)/(M94*N94) -> 7.7212338 | L94: MU2 | M94: =VLOOKUP(L94,allgemein!$B$3:$C$13,2,FALSE) -> 2 | N94: 40 | O94: FA505144 | P94: ersetzt M2-1602-0038
C95: " | G95: 1.83
B96: 19B-0066Z | C96: 496135 | D96: 25.2 | E96: 0 | F96: 173 | H96: 1.843 | I96: 1.831 | J96: =IF(M96<>"",(H96-I96)/M96,"") -> 0.012 | K96: =(F96*(273.15+D96)/273.15)/(M96*N96) -> 7.5584185 | L96: MI_V3 | M96: =VLOOKUP(L96,[1]allgemein!$B$3:$C$13,2,FALSE) -> 1 | N96: 25 | O96: FA496362
B97: 19B-0067Z | C97: " | D97: 25.3 | E97: 0 | F97: 173 | H97: 1.835 | I97: 1.815 | J97: =IF(M97<>"",(H97-I97)/M97,"") -> 0.02 | K97: =(F97*(273.15+D97)/273.15)/(M97*N97) -> 7.5609519 | L97: MI_V3 | M97: =VLOOKUP(L97,[1]allgemein!$B$3:$C$13,2,FALSE) -> 1 | N97: 25 | O97: "
B98: 19B-0068Z | C98: " | D98: 25.3 | E98: 0 | F98: 173 | H98: 1.844 | I98: 1.824 | J98: =IF(M98<>"",(H98-I98)/M98,"") -> 0.02 | K98: =(F98*(273.15+D98)/273.15)/(M98*N98) -> 7.5609519 | L98: MI_V3 | M98: =VLOOKUP(L98,[1]allgemein!$B$3:$C$13,2,FALSE) -> 1 | N98: 25 | O98: "
B99: 19B-0069Z | C99: " | D99: 25.2 | E99: 0 | F99: 174 | H99: 1.845 | I99: 1.828 | J99: =IF(M99<>"",(H99-I99)/M99,"") -> 0.017 | K99: =(F99*(273.15+D99)/273.15)/(M99*N99) -> 7.6021087 | L99: MI_V3 | M99: =VLOOKUP(L99,[1]allgemein!$B$3:$C$13,2,FALSE) -> 1 | N99: 25 | O99: "
B100: 19B-0070Z | C100: " | D100: 25.2 | E100: 0 | F100: 173 | H100: 1.84 | I100: 1.825 | J100: =IF(M100<>"",(H100-I100)/M100,"") -> 0.015 | K100: =(F100*(273.15+D100)/273.15)/(M100*N100) -> 7.5584185 | L100: MI_V3 | M100: =VLOOKUP(L100,[1]allgemein!$B$3:$C$13,2,FALSE) -> 1 | N100: 25 | O100: "
B101: 19B-0071Z | C101: " | D101: 25.2 | E101: 0 | F101: 174 | H101: 1.833 | I101: 1.817 | J101: =IF(M101<>"",(H101-I101)/M101,"") -> 0.016 | K101: =(F101*(273.15+D101)/273.15)/(M101*N101) -> 7.6021087 | L101: MI_V3 | M101: =VLOOKUP(L101,[1]allgemein!$B$3:$C$13,2,FALSE) -> 1 | N101: 25 | O101: "
B102: 19B-0072Z | C102: " | D102: 24.9 | E102: 0 | F102: 173 | H102: 1.831 | I102: 1.812 | J102: =IF(M102<>"",(H102-I102)/M102,"") -> 0.019 | K102: =(F102*(273.15+D102)/273.15)/(M102*N102) -> 7.5508182 | L102: MI_V3 | M102: =VLOOKUP(L102,[1]allgemein!$B$3:$C$13,2,FALSE) -> 1 | N102: 25 | O102: "
...

Sheet Mar
B3: Cell # | C3: Membran Batch FA | D3: Temp Gas / [°C] | E3: Temp Kat T1-T2 / [°C] | F3: Gasfluss / [sccm / min] | G3: Membrane V @ 13 bar/[V] | H3: Cell V @ 13 bar/[V] | I3: Cell V @ 0 bar [V] | J3: Voltage Diff. / [V] | K3: H2 Prod / [nmL/A] | L3: Typ | M3: Anzahl Layer | N3: Strom / [A] | O3: FA # | P3: Bemerkungen | Q3: Bemerkungen | S3: Visum | T3: Jahr: | U3: 2019
B4: 19C-0001Z | C4: 496140 | D4: 25.4 | E4: 0 | F4: 282 | H4: 1.84 | I4: 1.82 | J4: =IF(M4<>"",(H4-I4)/M4,"") -> 0.02 | K4: =(F8*(273.15+D8)/273.15)/(M4*N4) -> 7.6756773 | L4: MU1 | M4: =VLOOKUP(L4,[1]allgemein!$B$3:$C$13,2,FALSE) -> 1 | N4: 40 | O4: FA506467
B5: 19C-0002Z | C5: " | D5: 25.4 | E5: 0 | F5: 282 | H5: 1.837 | I5: 1.818 | J5: =IF(M5<>"",(H5-I5)/M5,"") -> 0.019 | K5: =(F5*(273.15+D5)/273.15)/(M5*N5) -> 7.7055739 | L5: MU1 | M5: =VLOOKUP(L5,[1]allgemein!$B$3:$C$13,2,FALSE) -> 1 | N5: 40 | O5: "
B6: 19C-0003Z | C6: " | D6: 25.3 | E6: 0 | F6: 282 | H6: 1.832 | I6: 1.814 | J6: =IF(M6<>"",(H6-I6)/M6,"") -> 0.018 | K6: =(F6*(273.15+D6)/273.15)/(M6*N6) -> 7.7029929 | L6: MU1 | M6: =VLOOKUP(L6,[1]allgemein!$B$3:$C$13,2,FALSE) -> 1 | N6: 40 | O6: "
B7: 19C-0004Z | C7: " | D7: 25.3 | E7: 0 | F7: 282 | H7: 1.84 | I7: 1.816 | J7: =IF(M7<>"",(H7-I7)/M7,"") -> 0.024 | K7: =(F7*(273.15+D7)/273.15)/(M7*N7) -> 7.7029929 | L7: MU1 | M7: =VLOOKUP(L7,[1]allgemein!$B$3:$C$13,2,FALSE) -> 1 | N7: 40 | O7: "
B8: 19C-0005Z | C8: " | D8: 25.3 | E8: 0 | F8: 281 | H8: 1.832 | I8: 1.815 | J8: =IF(M8<>"",(H8-I8)/M8,"") -> 0.017 | K8: =(F8*(273.15+D8)/273.15)/(M8*N8) -> 7.6756773 | L8: MU1 | M8: =VLOOKUP(L8,[1]allgemein!$B$3:$C$13,2,FALSE) -> 1 | N8: 40 | O8: "
B9: 19C-0006Z | C9: " | D9: 23.3 | E9: 0 | F9: 856 | G9: 1.826 | H9: 5.484 | I9: 5.425 | J9: =IF(M9<>"",(H9-I9)/M9,"") -> 0.019666667 | K9: =(F9*(273.15+D9)/273.15)/(M9*N9) -> 7.7418146 | L9: MU3 | M9: =VLOOKUP(L9,[1]allgemein!$B$3:$C$13,2,FALSE) -> 3 | N9: 40 | O9: FA498497
C10: " | G10: 1.833
C11: " | G11: 1.825
B12: 19C-0007Z | C12: " | D12: 22.9 | E12: 0.1 | F12: 856 | G12: 1.823 | H12: 5.463 | I12: 5.413 | J12: =IF(M12<>"",(H12-I12)/M12,"") -> 0.016666667 | K12: =(F12*(273.15+D12)/273.15)/(M12*N12) -> 7.7313686 | L12: MU3 | M12: =VLOOKUP(L12,[1]allgemein!$B$3:$C$13,2,FALSE) -> 3 | N12: 40 | O12: "
C13: " | G13: 1.823
C14: " | G14: 1.817
B15: 19C-0008Z-R | C15: 496337 | D15: 24.9 | E15: 0.3 | F15: 275 | H15: 1.918 | I15: 1.903 | J15: =IF(M15<>"",(H15-I15)/M15,"") -> 0.015 | K15: =(F15*(273.15+D15)/273.15)/(M15*N15) -> 7.5017161 | L15: SP-H2 | M15: =VLOOKUP(L15,[1]allgemein!$B$3:$C$13,2,FALSE) -> 1 | N15: 40 | O15: FA509063 | P15: vormals: 0236-1867-2517
B16: 19C-0009Z-R | C16: " | D16: 25.1 | E16: 0.2 | F16: 275 | H16: 1.91 | I16: 1.895 | J16: =IF(M16<>"",(H16-I16)/M16,"") -> 0.015 | K16: =(F16*(273.15+D16)/273.15)/(M16*N16) -> 7.50675 | L16: SP-H2 | M16: =VLOOKUP(L16,[1]allgemein!$B$3:$C$13,2,FALSE) -> 1 | N16: 40 | O16: " | P16: vormals: 0522-0071-4116
B17: 19C-0010Z-R | C17: " | D17: 24.9 | E17: 0.1 | F17: 275 | H17: 1.917 | I17: 1.901 | J17: =IF(M17<>"",(H17-I17)/M17,"") -> 0.016 | K17: =(F17*(273.15+D17)/273.15)/(M17*N17) -> 7.5017161 | L17: SP-H2 | M17: =VLOOKUP(L17,[1]allgemein!$B$3:$C$13,2,FALSE) -> 1 | N17: 40 | O17: FA509064 | P17: vormals: 0522-0168-5117
B18: 19C-0011Z-R | C18: " | D18: 24.9 | E18: 0 | F18: 274 | H18: 1.901 | I18: 1.886 | J18: =IF(M18<>"",(H18-I18)/M18,"") -> 0.015 | K18: =(F18*(273.15+D18)/273.15)/(M18*N18) -> 7.4744371 | L18: SP-H2 | M18: =VLOOKUP(L18,[1]allgemein!$B$3:$C$13,2,FALSE) -> 1 | N18: 40 | O18: FA505694 | P18: vormals: 0522-0043-1616
B19: 19C-0012Z-R | C19: 496140 | D19: 25.1 | E19: 0.3 | F19: 281 | H19: 1.884 | I19: 1.869 | J19: =IF(M19<>"",(H19-I19)/M19,"") -> 0.015 | K19: =(F19*(273.15+D19)/273.15)/(M19*N19) -> 7.6705336 | L19: MA_V1 | M19: =VLOOKUP(L19,[1]allgemein!$B$3:$C$13,2,FALSE) -> 1 | N19: 40 | O19: FA505067
B20: 19C-0013Z-R | C20: " | D20: 25.1 | E20: 0.3 | F20: 281 | H20: 1.884 | I20: 1.87 | J20: =IF(M20<>"",(H20-I20)/M20,"") -> 0.014 | K20: =(F20*(273.15+D20)/273.15)/(M20*N20) -> 7.6705336 | L20: MA_V1 | M20: =VLOOKUP(L20,[1]allgemein!$B$3:$C$13,2,FALSE) -> 1 | N20: 40 | O20: ??? | P20: Mat. mit Stefan ausbuchen
B21: 19C-0014Z-R | C21: 496140 | D21: 25.1 | E21: 0.2 | F21: 281 | H21: 1.883 | I21: 1.869 | J21: =IF(M21<>"",(H21-I21)/M21,"") -> 0.014 | K21: =(F21*(273.15+D21)/273.15)/(M21*N21) -> 7.6705336 | L21: MA_V1 | M21: =VLOOKUP(L21,[1]allgemein!$B$3:$C$13,2,FALSE) -> 1 | N21: 40 | O21: FA499792
B22: 19C-0015Z-R | C22: " | D22: 25 | E22: 0.3 | F22: 281 | H22: 1.891 | I22: 1.875 | J22: =IF(M22<>"",(H22-I22)/M22,"") -> 0.016 | K22: =(F22*(273.15+D22)/273.15)/(M22*N22) -> 7.6679617 | L22: MA_V1 | M22: =VLOOKUP(L22,[1]allgemein!$B$3:$C$13,2,FALSE) -> 1 | N22: 40 | O22: "
B23: 19C-0016Z-R | C23: " | D23: 25 | E23: 0.3 | F23: 281 | H23: 1.884 | I23: 1.867 | J23: =IF(M23<>"",(H23-I23)/M23,"") -> 0.017 | K23: =(F23*(273.15+D23)/273.15)/(M23*N23) -> 7.6679617 | L23: MA_V1 | M23: =VLOOKUP(L23,[1]allgemein!$B$3:$C$13,2,FALSE) -> 1 | N23: 40 | O23: "
B24: 19C-0017Z-R | C24: " | D24: 24.9 | E24: 0.3 | F24: 280 | H24: 1.886 | I24: 1.871 | J24: =IF(M24<>"",(H24-I24)/M24,"") -> 0.015 | K24: =(F24*(273.15+D24)/273.15)/(M24*N24) -> 7.6381109 | L24: MA_V1 | M24: =VLOOKUP(L24,[1]allgemein!$B$3:$C$13,2,FALSE) -> 1 | N24: 40 | O24: "
B25: 19C-0018Z | C25: 496135 | D25: 24.5 | E25: 0.1 | F25: 173 | H25: 1.861 | I25: 1.844 | J25: =IF(M25<>"",(H25-I25)/M25,"") -> 0.017 | K25: =(F25*(273.15+D25)/273.15)/(M25*N25) -> 7.5406846 | L25: MI_V3 | M25: =VLOOKUP(L25,[1]allgemein!$B$3:$C$13,2,FALSE) -> 1 | N25: 25 | O25: FA506469
B26: 19C-0019Z | C26: " | D26: 24.5 | E26: 0.1 | F26: 173 | H26: 1.857 | I26: 1.842 | J26: =IF(M26<>"",(H26-I26)/M26,"") -> 0.015 | K26: =(F26*(273.15+D26)/273.15)/(M26*N26) -> 7.5406846 | L26: MI_V3 | M26: =VLOOKUP(L26,[1]allgemein!$B$3:$C$13,2,FALSE) -> 1 | N26: 25 | O26: "
B27: 19C-0020Z | C27: " | D27: 24.4 | E27: 0.1 | F27: 173 | H27: 1.849 | I27: 1.831 | J27: =IF(M27<>"",(H27-I27)/M27,"") -> 0.018 | K27: =(F27*(273.15+D27)/273.15)/(M27*N27) -> 7.5381512 | L27: MI_V3 | M27: =VLOOKUP(L27,[1]allgemein!$B$3:$C$13,2,FALSE) -> 1 | N27: 25 | O27: "
B28: 19C-0021Z | C28: " | D28: 24.3 | E28: 0.1 | F28: 173 | H28: 1.84 | I28: 1.823 | J28: =IF(M28<>"",(H28-I28)/M28,"") -> 0.017 | K28: =(F28*(273.15+D28)/273.15)/(M28*N28) -> 7.5356178 | L28: MI_V3 | M28: =VLOOKUP(L28,[1]allgemein!$B$3:$C$13,2,FALSE) -> 1 | N28: 25 | O28: "
B29: 19C-0022Z | C29: " | D29: 24.2 | E29: 0 | F29: 173 | H29: 1.849 | I29: 1.832 | J29: =IF(M29<>"",(H29-I29)/M29,"") -> 0.017 | K29: =(F29*(273.15+D29)/273.15)/(M29*N29) -> 7.5330844 | L29: MI_V3 | M29: =VLOOKUP(L29,[1]allgemein!$B$3:$C$13,2,FALSE) -> 1 | N29: 25 | O29: "
B30: 19C-0023Z | C30: " | D30: 23.8 | E30: 0 | F30: 173 | H30: 1.836 | I30: 1.822 | J30: =IF(M30<>"",(H30-I30)/M30,"") -> 0.014 | K30: =(F30*(273.15+D30)/273.15)/(M30*N30) -> 7.5229508 | L30: MI_V3 | M30: =VLOOKUP(L30,[1]allgemein!$B$3:$C$13,2,FALSE) -> 1 | N30: 25 | O30: "
B31: 19C-0024Z | C31: " | D31: 24.8 | E31: 0.2 | F31: 173 | H31: 1.852 | I31: 1.837 | J31: =IF(M31<>"",(H31-I31)/M31,"") -> 0.015 | K31: =(F31*(273.15+D31)/273.15)/(M31*N31) -> 7.5482848 | L31: MI_V3 | M31: =VLOOKUP(L31,[1]allgemein!$B$3:$C$13,2,FALSE) -> 1 | N31: 25 | O31: "
B32: 19C-0025Z | C32: " | D32: 24.8 | E32: 0.2 | F32: 173 | H32: 1.849 | I32: 1.833 | J32: =IF(M32<>"",(H32-I32)/M32,"") -> 0.016 | K32: =(F32*(273.15+D32)/273.15)/(M32*N32) -> 7.5482848 | L32: MI_V3 | M32: =VLOOKUP(L32,[1]allgemein!$B$3:$C$13,2,FALSE) -> 1 | N32: 25 | O32: "
B33: 19C-0026Z | C33: " | D33: 24.7 | E33: 0.2 | F33: 173 | H33: 1.858 | I33: 1.842 | J33: =IF(M33<>"",(H33-I33)/M33,"") -> 0.016 | K33: =(F33*(273.15+D33)/273.15)/(M33*N33) -> 7.5457514 | L33: MI_V3 | M33: =VLOOKUP(L33,[1]allgemein!$B$3:$C$13,2,FALSE) -> 1 | N33: 25 | O33: "
B34: 19C-0027Z | C34: " | D34: 24.6 | E34: 0.2 | F34: 173 | H34: 1.854 | I34: 1.837 | J34: =IF(M34<>"",(H34-I34)/M34,"") -> 0.017 | K34: =(F34*(273.15+D34)/273.15)/(M34*N34) -> 7.543218 | L34: MI_V3 | M34: =VLOOKUP(L34,[1]allgemein!$B$3:$C$13,2,FALSE) -> 1 | N34: 25 | O34: "
B35: 19C-0028Z | C35: " | D35: 24.6 | E35: 0.1 | F35: 173 | H35: 1.865 | I35: 1.847 | J35: =IF(M35<>"",(H35-I35)/M35,"") -> 0.018 | K35: =(F35*(273.15+D35)/273.15)/(M35*N35) -> 7.543218 | L35: MI_V3 | M35: =VLOOKUP(L35,[1]allgemein!$B$3:$C$13,2,FALSE) -> 1 | N35: 25 | O35: "
B36: 19C-0029Z | C36: " | D36: 24.5 | E36: 0.1 | F36: 173 | H36: 1.856 | I36: 1.84 | J36: =IF(M36<>"",(H36-I36)/M36,"") -> 0.016 | K36: =(F36*(273.15+D36)/273.15)/(M36*N36) -> 7.5406846 | L36: MI_V3 | M36: =VLOOKUP(L36,[1]allgemein!$B$3:$C$13,2,FALSE) -> 1 | N36: 25 | O36: "
B37: 19C-0030Z | C37: " | D37: 24.3 | E37: 0 | F37: 173 | H37: 1.843 | I37: 1.827 | J37: =IF(M37<>"",(H37-I37)/M37,"") -> 0.016 | K37: =(F37*(273.15+D37)/273.15)/(M37*N37) -> 7.5356178 | L37: MI_V3 | M37: =VLOOKUP(L37,[1]allgemein!$B$3:$C$13,2,FALSE) -> 1 | N37: 25 | O37: "
... B44: 19C-0037Z | C44: " | D44: 24.3 | E44: 0 | F44: 173 | H44: 1.842 | I44: 1.825 | J44: =IF(M44<>"",(H44-I44)/M44,"") -> 0.017 | K44: =(F44*(273.15+D44)/273.15)/(M44*N44) -> 7.5356178 | L44: MI_V3 | M44: =VLOOKUP(L44,[1]allgemein!$B$3:$C$13,2,FALSE) -> 1 | N44: 25 | O44: FA505877
B45: 19C-0038Z | C45: 499724 | D45: 25.8 | E45: 0 | F45: 173 | H45: 1.842 | I45: 1.829 | J45: =IF(M45<>"",(H45-I45)/M45,"") -> 0.013 | K45: =(F45*(273.15+D45)/273.15)/(M45*N45) -> 7.5736189 | L45: MI_V3 | M45: =VLOOKUP(L45,[1]allgemein!$B$3:$C$13,2,FALSE) -> 1 | N45: 25 | O45: " | P45: O-Ring 7.1x1.6
B46: 19C-0039Z | C46: " | D46: 25.7 | E46: 0 | F46: 173 | H46: 1.833 | I46: 1.819 | J46: =IF(M46<>"",(H46-I46)/M46,"") -> 0.014 | K46: =(F46*(273.15+D46)/273.15)/(M46*N46) -> 7.5710855 | L46: MI_V3 | M46: =VLOOKUP(L46,[1]allgemein!$B$3:$C$13,2,FALSE) -> 1 | N46: 25 | O46: "
B47: 19C-0040Z | C47: " | D47: 25.6 | E47: 0 | F47: 173 | H47: 1.837 | I47: 1.823 | J47: =IF(M47<>"",(H47-I47)/M47,"") -> 0.014 | K47: =(F47*(273.15+D47)/273.15)/(M47*N47) -> 7.5685521 | L47: MI_V3 | M47: =VLOOKUP(L47,[1]allgemein!$B$3:$C$13,2,FALSE) -> 1 | N47: 25 | O47: "
B48: 19C-0041Z | C48: " | D48: 25.6 | E48: 0 | F48: 173 | H48: 1.832 | I48: 1.819 | J48: =IF(M48<>"",(H48-I48)/M48,"") -> 0.013 | K48: =(F48*(273.15+D48)/273.15)/(M48*N48) -> 7.5685521 | L48: MI_V3 | M48: =VLOOKUP(L48,[1]allgemein!$B$3:$C$13,2,FALSE) -> 1 | N48: 25 | O48: "
B49: 19C-0042Z | C49: " | D49: 25.5 | E49: 0 | F49: 173 | H49: 1.829 | I49: 1.817 | J49: =IF(M49<>"",(H49-I49)/M49,"") -> 0.012 | K49: =(F49*(273.15+D49)/273.15)/(M49*N49) -> 7.5660187 | L49: MI_V3 | M49: =VLOOKUP(L49,[1]allgemein!$B$3:$C$13,2,FALSE) -> 1 | N49: 25 | O49: "
B50: 19C-0043Z | C50: " | D50: 25.4 | E50: 0 | F50: 173 | H50: 1.834 | I50: 1.82 | J50: =IF(M50<>"",(H50-I50)/M50,"") -> 0.014 | K50: =(F50*(273.15+D50)/273.15)/(M50*N50) -> 7.5634853 | L50: MI_V3 | M50: =VLOOKUP(L50,[1]allgemein!$B$3:$C$13,2,FALSE) -> 1 | N50: 25 | O50: "
B51: 19C-0044Z | C51: 496140 | D51: 24.8 | E51: 4.4 | F51: 281 | H51: 1.889 | I51: 1.83 | J51: =IF(M51<>"",(H51-I51)/M51,"") -> 0.059 | K51: =(F51*(273.15+D51)/273.15)/(M51*N51) -> 7.662818 | L51: MU1 | M51: =VLOOKUP(L51,[1]allgemein!$B$3:$C$13,2,FALSE) -> 1 | N51: 40 | O51: FA505878 | P51: nach 2 Std spülen/ 2 Stops; | R51: Vlies auf 0.75
B52: " | C52: " | D52: 24.9 | E52: 3.8 | F52: 281 | H52: 1.853 | I52: 1.835 | J52: =IF(M52<>"",(H52-I52)/M52,"") -> 0.018 | K52: =(F52*(273.15+D52)/273.15)/(M52*N52) -> 7.6653899 | L52: MU1 | M52: =VLOOKUP(L52,[1]allgemein!$B$3:$C$13,2,FALSE) -> 1 | N52: 40 | P52: " | R52: Vlies auf 0.8
B53: " | C53: " | D53: 25.6 | E53: 0 | F53: 282 | H53: 1.841 | I53: 1.825 | J53: =IF(M53<>"",(H53-I53)/M53,"") -> 0.016 | K53: =(F53*(273.15+D53)/273.15)/(M53*N53) -> 7.7107359 | L53: MU1 | M53: =VLOOKUP(L53,[1]allgemein!$B$3:$C$13,2,FALSE) -> 1 | N53: 40 | P53: nach StandartSpülen | R53: "
B54: 19C-0045Z | C54: " | D54: 24.6 | E54: 4.6 | F54: 281 | H54: 1.842 | I54: 1.819 | J54: =IF(M54<>"",(H54-I54)/M54,"") -> 0.023 | K54: =(F54*(273.15+D54)/273.15)/(M54*N54) -> 7.6576744 | L54: MU1 | M54: =VLOOKUP(L54,[1]allgemein!$B$3:$C$13,2,FALSE) -> 1 | N54: 40 | O54: " | P54: nach 2 Std spülen/ 2 Stops; | R54: Vlies auf 0.75
B55: " | C55: " | D55: 25.5 | E55: 0.1 | F55: 283 | H55: 1.832 | I55: 1.816 | J55: =IF(M55<>"",(H55-I55)/M55,"") -> 0.016 | K55: =(F55*(273.15+D55)/273.15)/(M55*N55) -> 7.7354887 | L55: MU1 | M55: =VLOOKUP(L55,[1]allgemein!$B$3:$C$13,2,FALSE) -> 1 | N55: 40 | P55: nach StandartSpülen
B56: 19C-0046Z | C56: " | D56: 24.5 | E56: 4 | F56: 281 | H56: 1.842 | I56: 1.82 | J56: =IF(M56<>"",(H56-I56)/M56,"") -> 0.022 | K56: =(F56*(273.15+D56)/273.15)/(M56*N56) -> 7.6551025 | L56: MU1 | M56: =VLOOKUP(L56,[1]allgemein!$B$3:$C$13,2,FALSE) -> 1 | N56: 40 | O56: " | P56: nach 2 Std spülen/ 2 Stops; | R56: "
B57: " | C57: " | D57: 25.6 | E57: 0.4 | F57: 282 | H57: 1.839 | I57: 1.821 | J57: =IF(M57<>"",(H57-I57)/M57,"") -> 0.018 | K57: =(F57*(273.15+D57)/273.15)/(M57*N57) -> 7.7107359 | L57: MU1 | M57: =VLOOKUP(L57,[1]allgemein!$B$3:$C$13,2,FALSE) -> 1 | N57: 40 | P57: nach StandartSpülen
B58: 19C-0047Z | C58: " | D58: 24.3 | E58: 3.6 | F58: 280 | H58: 1.857 | I58: 1.827 | J58: =IF(M58<>"",(H58-I58)/M58,"") -> 0.03 | K58: =(F58*(273.15+D58)/273.15)/(M58*N58) -> 7.6227348 | L58: MU1 | M58: =VLOOKUP(L58,[1]allgemein!$B$3:$C$13,2,FALSE) -> 1 | N58: 40 | O58: " | P58: nach 2 Std spülen/ 2 Stops; | R58: "
B59: " | C59: " | D59: 26 | E59: 0 | F59: 282 | H59: 1.847 | I59: 1.826 | J59: =IF(M59<>"",(H59-I59)/M59,"") -> 0.021 | K59: =(F59*(273.15+D59)/273.15)/(M59*N59) -> 7.7210599 | L59: MU1 | M59: =VLOOKUP(L59,[1]allgemein!$B$3:$C$13,2,FALSE) -> 1 | N59: 40 | P59: nach StandartSpülen
B60: 19C-0048Z | C60: 499726 | D60: 25.9 | E60: 0 | F60: 282 | H60: 1.847 | I60: 1.828 | J60: =IF(M60<>"",(H60-I60)/M60,"") -> 0.019 | K60: =(F60*(273.15+D60)/273.15)/(M60*N60) -> 7.7184789 | L60: MU1 | M60: =VLOOKUP(L60,[1]allgemein!$B$3:$C$13,2,FALSE) -> 1 | N60: 40 | O60: FA507480 | R60: Vlies auf 0.8
B61: 19C-0049Z | C61: " | D61: 25.8 | E61: 0 | F61: 282 | H61: 1.841 | I61: 1.822 | J61: =IF(M61<>"",(H61-I61)/M61,"") -> 0.019 | K61: =(F61*(273.15+D61)/273.15)/(M61*N61) -> 7.7158979 | L61: MU1 | M61: =VLOOKUP(L61,[1]allgemein!$B$3:$C$13,2,FALSE) -> 1 | N61: 40 | O61: " | R61: "
B62: 19C-0050Z | C62: " | D62: 25.8 | E62: 0.1 | F62: 282 | H62: 1.839 | I62: 1.822 | J62: =IF(M62<>"",(H62-I62)/M62,"") -> 0.017 | K62: =(F62*(273.15+D62)/273.15)/(M62*N62) -> 7.7158979 | L62: MU1 | M62: =VLOOKUP(L62,[1]allgemein!$B$3:$C$13,2,FALSE) -> 1 | N62: 40 | O62: " | R62: "
B63: 19C-0051Z | C63: " | D63: 25.8 | E63: 0.2 | F63: 281 | H63: 1.835 | I63: 1.817 | J63: =IF(M63<>"",(H63-I63)/M63,"") -> 0.018 | K63: =(F63*(273.15+D63)/273.15)/(M63*N63) -> 7.6885365 | L63: MU1 | M63: =VLOOKUP(L63,[1]allgemein!$B$3:$C$13,2,FALSE) -> 1 | N63: 40 | O63: " | R63: "
B64: 19C-0052Z | C64: " | D64: 25.7 | E64: 0.2 | F64: 281 | H64: 1.831 | I64: 1.816 | J64: =IF(M64<>"",(H64-I64)/M64,"") -> 0.015 | K64: =(F64*(273.15+D64)/273.15)/(M64*N64) -> 7.6859647 | L64: MU1 | M64: =VLOOKUP(L64,[1]allgemein!$B$3:$C$13,2,FALSE) -> 1 | N64: 40 | O64: "
B65: 19C-0053Z | C65: " | D65: 25.7 | E65: 0.2 | F65: 281 | H65: 1.828 | I65: 1.81 | J65: =IF(M65<>"",(H65-I65)/M65,"") -> 0.018 | K65: =(F65*(273.15+D65)/273.15)/(M65*N65) -> 7.6859647 | L65: MU1 | M65: =VLOOKUP(L65,[1]allgemein!$B$3:$C$13,2,FALSE) -> 1 | N65: 40 | O65: " | P65: Mem. Pl.Rand nicht schön
B66: 19C-0054Z | C66: " | D66: 25.8 | E66: 0.1 | F66: 281 | H66: 1.828 | I66: 1.811 | J66: =IF(M66<>"",(H66-I66)/M66,"") -> 0.017 | K66: =(F66*(273.15+D66)/273.15)/(M66*N66) -> 7.6885365 | L66: MU1 | M66: =VLOOKUP(L66,[1]allgemein!$B$3:$C$13,2,FALSE) -> 1 | N66: 40 | O66: " | P66: Mem. Pl.Rand nicht schön
B67: 19C-0055Z | C67: " | D67: 25.7 | E67: 0.1 | F67: 281 | H67: 1.815 | I67: 1.8 | J67: =IF(M67<>"",(H67-I67)/M67,"") -> 0.015 | K67: =(F67*(273.15+D67)/273.15)/(M67*N67) -> 7.6859647 | L67: MU1 | M67: =VLOOKUP(L67,[1]allgemein!$B$3:$C$13,2,FALSE) -> 1 | N67: 40 | O67: " | P67: Mem. Leicht transparent
B68: 19C-0056Z | C68: " | D68: 25.6 | E68: 0 | F68: 281 | H68: 1.815 | I68: 1.799 | J68: =IF(M68<>"",(H68-I68)/M68,"") -> 0.016 | K68: =(F68*(273.15+D68)/273.15)/(M68*N68) -> 7.6833928 | L68: MU1 | M68: =VLOOKUP(L68,[1]allgemein!$B$3:$C$13,2,FALSE) -> 1 | N68: 40 | O68: "
B69: 19C-0057Z | C69: " | D69: 25.7 | E69: 0.2 | F69: 281 | H69: 1.835 | I69: 1.818 | J69: =IF(M69<>"",(H69-I69)/M69,"") -> 0.017 | K69: =(F69*(273.15+D69)/273.15)/(M69*N69) -> 7.6859647 | L69: MU1 | M69: =VLOOKUP(L69,[1]allgemein!$B$3:$C$13,2,FALSE) -> 1 | N69: 40 | O69: "
B70: 19C-0058Z | C70: " | D70: 25.6 | E70: 0.2 | F70: 282 | H70: 1.836 | I70: 1.818 | J70: =IF(M70<>"",(H70-I70)/M70,"") -> 0.018 | K70: =(F70*(273.15+D70)/273.15)/(M70*N70) -> 7.7107359 | L70: MU1 | M70: =VLOOKUP(L70,[1]allgemein!$B$3:$C$13,2,FALSE) -> 1 | N70: 40 | O70: "
B71: 19C-0059Z | C71: " | D71: 25.6 | E71: 0.2 | F71: 281 | H71: 1.842 | I71: 1.825 | J71: =IF(M71<>"",(H71-I71)/M71,"") -> 0.017 | K71: =(F71*(273.15+D71)/273.15)/(M71*N71) -> 7.6833928 | L71: MU1 | M71: =VLOOKUP(L71,[1]allgemein!$B$3:$C$13,2,FALSE) -> 1 | N71: 40 | O71: FA509637
B72: 19C-0060Z | C72: " | D72: 25.6 | E72: 0.2 | F72: 281 | H72: 1.838 | I72: 1.82 | J72: =IF(M72<>"",(H72-I72)/M72,"") -> 0.018 | K72: =(F72*(273.15+D72)/273.15)/(M72*N72) -> 7.6833928 | L72: MU1 | M72: =VLOOKUP(L72,[1]allgemein!$B$3:$C$13,2,FALSE) -> 1 | N72: 40 | O72: "
B73: 19C-0061Z | C73: " | D73: 25.6 | E73: 0.3 | F73: 282 | H73: 1.842 | I73: 1.821 | J73: =IF(M73<>"",(H73-I73)/M73,"") -> 0.021 | K73: =(F73*(273.15+D73)/273.15)/(M73*N73) -> 7.7107359 | L73: MU1 | M73: =VLOOKUP(L73,[1]allgemein!$B$3:$C$13,2,FALSE) -> 1 | N73: 40 | O73: "
B74: 19C-0062Z | C74: " | D74: 25.6 | E74: 0.2 | F74: 281 | H74: 1.825 | I74: 1.81 | J74: =IF(M74<>"",(H74-I74)/M74,"") -> 0.015 | K74: =(F74*(273.15+D74)/273.15)/(M74*N74) -> 7.6833928 | L74: MU1 | M74: =VLOOKUP(L74,[1]allgemein!$B$3:$C$13,2,FALSE) -> 1 | N74: 40 | O74: "
B75: 19C-0063Z | C75: 499724 | D75: 25.8 | E75: 0.2 | F75: 173 | H75: 1.845 | I75: 1.83 | J75: =IF(M75<>"",(H75-I75)/M75,"") -> 0.015 | K75: =(F75*(273.15+D75)/273.15)/(M75*N75) -> 7.5736189 | L75: MI_V3 | M75: =VLOOKUP(L75,[1]allgemein!$B$3:$C$13,2,FALSE) -> 1 | N75: 25 | O75: FA509112 | P75: Ersatz für NV1311-1753
B76: 19C-0064Z | C76: " | D76: 25.7 | E76: 0.1 | F76: 173 | H76: 1.84 | I76: 1.826 | J76: =IF(M76<>"",(H76-I76)/M76,"") -> 0.014 | K76: =(F76*(273.15+D76)/273.15)/(M76*N76) -> 7.5710855 | L76: MI_V3 | M76: =VLOOKUP(L76,[1]allgemein!$B$3:$C$13,2,FALSE) -> 1 | N76: 25 | O76: FA509078 | P76: Ersatz für 1605-2862; da alte O-Elektr mit U-Sch, Problem Wasseranschluss neuer O-Ring
B77: 19C-0065Z | C77: " | D77: 25.7 | E77: 0.2 | F77: 173 | H77: 1.837 | I77: 1.821 | J77: =IF(M77<>"",(H77-I77)/M77,"") -> 0.016 | K77: =(F77*(273.15+D77)/273.15)/(M77*N77) -> 7.5710855 | L77: MI_V3 | M77: =VLOOKUP(L77,[1]allgemein!$B$3:$C$13,2,FALSE) -> 1 | N77: 25 | O77: FA496362
B78: 19C-0066Z | C78: " | D78: 25.6 | E78: 0.6 | F78: 170 | H78: 1.875 | I78: 1.854 | J78: =IF(M78<>"",(H78-I78)/M78,"") -> 0.021 | K78: =(F78*(273.15+D78)/273.15)/(M78*N78) -> 7.4373055 | L78: MI_V3 | M78: =VLOOKUP(L78,[1]allgemein!$B$3:$C$13,2,FALSE) -> 1 | N78: 25 | O78: "
B79: " | C79: " | D79: 25.6 | E79: 0.1 | F79: 173 | H79: 1.83 | I79: 1.815 | J79: =IF(M79<>"",(H79-I79)/M79,"") -> 0.015 | K79: =(F79*(273.15+D79)/273.15)/(M79*N79) -> 7.5685521 | L79: MI_V3 | M79: =VLOOKUP(L79,[1]allgemein!$B$3:$C$13,2,FALSE) -> 1 | N79: 25 | O79: " | P79: Mem. Gewechselt
B80: 19C-0067Z | C80: " | D80: 25.6 | E80: 0.2 | F80: 173 | H80: 1.846 | I80: 1.832 | J80: =IF(M80<>"",(H80-I80)/M80,"") -> 0.014 | K80: =(F80*(273.15+D80)/273.15)/(M80*N80) -> 7.5685521 | L80: MI_V3 | M80: =VLOOKUP(L80,[1]allgemein!$B$3:$C$13,2,FALSE) -> 1 | N80: 25 | O80: "
B81: 19C-0068Z | C81: " | D81: 25.6 | E81: 0.2 | F81: 173 | H81: 1.843 | I81: 1.83 | J81: =IF(M81<>"",(H81-I81)/M81,"") -> 0.013 | K81: =(F81*(273.15+D81)/273.15)/(M81*N81) -> 7.5685521 | L81: MI_V3 | M81: =VLOOKUP(L81,[1]allgemein!$B$3:$C$13,2,FALSE) -> 1 | N81: 25 | O81: "
B82: 19C-0069Z | C82: " | D82: 25.6 | E82: 0.1 | F82: 173 | H82: 1.841 | I82: 1.827 | J82: =IF(M82<>"",(H82-I82)/M82,"") -> 0.014 | K82: =(F82*(273.15+D82)/273.15)/(M82*N82) -> 7.5685521 | L82: MI_V3 | M82: =VLOOKUP(L82,[1]allgemein!$B$3:$C$13,2,FALSE) -> 1 | N82: 25 | O82: "
B83: 19C-0070Z | C83: " | D83: 25.5 | E83: 0 | F83: 173 | H83: 1.824 | I83: 1.811 | J83: =IF(M83<>"",(H83-I83)/M83,"") -> 0.013 | K83: =(F83*(273.15+D83)/273.15)/(M83*N83) -> 7.5660187 | L83: MI_V3 | M83: =VLOOKUP(L83,[1]allgemein!$B$3:$C$13,2,FALSE) -> 1 | N83: 25 | O83: "
B84: 19C-0071Z | C84: " | D84: 25.5 | E84: 0.1 | F84: 173 | H84: 1.843 | I84: 1.83 | J84: =IF(M84<>"",(H84-I84)/M84,"") -> 0.013 | K84: =(F84*(273.15+D84)/273.15)/(M84*N84) -> 7.5660187 | L84: MI_V3 | M84: =VLOOKUP(L84,[1]allgemein!$B$3:$C$13,2,FALSE) -> 1 | N84: 25 | O84: "
B85: 19C-0072Z | C85: " | D85: 25.5 | E85: 0.2 | F85: 173 | H85: 1.838 | I85: 1.82 | J85: =IF(M85<>"",(H85-I85)/M85,"") -> 0.018 | K85: =(F85*(273.15+D85)/273.15)/(M85*N85) -> 7.5660187 | L85: MI_V3 | M85: =VLOOKUP(L85,[1]allgemein!$B$3:$C$13,2,FALSE) -> 1 | N85: 25 | O85: FA502442
B86: 19C-0073Z | C86: " | D86: 25.5 | E86: 0.1 | F86: 173 | H86: 1.839 | I86: 1.823 | J86: =IF(M86<>"",(H86-I86)/M86,"") -> 0.016 | K86: =(F86*(273.15+D86)/273.15)/(M86*N86) -> 7.5660187 | L86: MI_V3 | M86: =VLOOKUP(L86,[1]allgemein!$B$3:$C$13,2,FALSE) -> 1 | N86: 25 | O86: "
B87: 19C-0074Z | C87: " | D87: 25.5 | E87: 0.2 | F87: 173 | H87: 1.84 | I87: 1.823 | J87: =IF(M87<>"",(H87-I87)/M87,"") -> 0.017 | K87: =(F87*(273.15+D87)/273.15)/(M87*N87) -> 7.5660187 | L87: MI_V3 | M87: =VLOOKUP(L87,[1]allgemein!$B$3:$C$13,2,FALSE) -> 1 | N87: 25 | O87: "
B88: 19C-0075Z | C88: " | D88: 25.5 | E88: 0.1 | F88: 173 | H88: 1.833 | I88: 1.816 | J88: =IF(M88<>"",(H88-I88)/M88,"") -> 0.017 | K88: =(F88*(273.15+D88)/273.15)/(M88*N88) -> 7.5660187 | L88: MI_V3 | M88: =VLOOKUP(L88,[1]allgemein!$B$3:$C$13,2,FALSE) -> 1 | N88: 25 | O88: "
B89: 19C-0076Z | C89: " | D89: 25.6 | E89: 0.1 | F89: 173 | H89: 1.826 | I89: 1.809 | J89: =IF(M89<>"",(H89-I89)/M89,"") -> 0.017 | K89: =(F89*(273.15+D89)/273.15)/(M89*N89) -> 7.5685521 | L89: MI_V3 | M89: =VLOOKUP(L89,[1]allgemein!$B$3:$C$13,2,FALSE) -> 1 | N89: 25 | O89: "
B90: 19C-0077Z | C90: 499724 | D90: 25.7 | E90: 0 | F90: 173 | H90: 1.823 | I90: 1.805 | J90: =IF(M90<>"",(H90-I90)/M90,"") -> 0.018 | K90: =(F90*(273.15+D90)/273.15)/(M90*N90) -> 7.5710855 | L90: MI_V3 | M90: =VLOOKUP(L90,[1]allgemein!$B$3:$C$13,2,FALSE) -> 1 | N90: 25 | O90: "
B91: 19C-0078Z | C91: " | D91: 25.8 | E91: 0 | F91: 173 | H91: 1.829 | I91: 1.812 | J91: =IF(M91<>"",(H91-I91)/M91,"") -> 0.017 | K91: =(F91*(273.15+D91)/273.15)/(M91*N91) -> 7.5736189 | L91: MI_V3 | M91: =VLOOKUP(L91,[1]allgemein!$B$3:$C$13,2,FALSE) -> 1 | N91: 25 | O91: "
B92: 19C-0079Z | C92: " | D92: 25.8 | E92: 0 | F92: 173 | H92: 1.821 | I92: 1.804 | J92: =IF(M92<>"",(H92-I92)/M92,"") -> 0.017 | K92: =(F92*(273.15+D92)/273.15)/(M92*N92) -> 7.5736189 | L92: MI_V3 | M92: =VLOOKUP(L92,[1]allgemein!$B$3:$C$13,2,FALSE) -> 1 | N92: 25 | O92: "
B93: 19C-0080Z | C93: " | D93: 25.7 | E93: 0.1 | F93: 173 | H93: 1.848 | I93: 1.833 | J93: =IF(M93<>"",(H93-I93)/M93,"") -> 0.015 | K93: =(F93*(273.15+D93)/273.15)/(M93*N93) -> 7.5710855 | L93: MI_V3 | M93: =VLOOKUP(L93,[1]allgemein!$B$3:$C$13,2,FALSE) -> 1 | N93: 25 | O93: "
B94: 19C-0081Z | C94: " | D94: 25.6 | E94: 0 | F94: 173 | H94: 1.849 | I94: 1.831 | J94: =IF(M94<>"",(H94-I94)/M94,"") -> 0.018 | K94: =(F94*(273.15+D94)/273.15)/(M94*N94) -> 7.5685521 | L94: MI_V3 | M94: =VLOOKUP(L94,[1]allgemein!$B$3:$C$13,2,FALSE) -> 1 | N94: 25 | O94: "
B95: 19C-0082Z | C95: " | D95: 25.5 | E95: 0.2 | F95: 173 | H95: 1.843 | I95: 1.829 | J95: =IF(M95<>"",(H95-I95)/M95,"") -> 0.014 | K95: =(F95*(273.15+D95)/273.15)/(M95*N95) -> 7.5660187 | L95: MI_V3 | M95: =VLOOKUP(L95,[1]allgemein!$B$3:$C$13,2,FALSE) -> 1 | N95: 25 | O95: "
B96: 19C-0083Z | C96: " | D96: 25.5 | E96: 0.2 | F96: 173 | H96: 1.84 | I96: 1.826 | J96: =IF(M96<>"",(H96-I96)/M96,"") -> 0.014 | K96: =(F96*(273.15+D96)/273.15)/(M96*N96) -> 7.5660187 | L96: MI_V3 | M96: =VLOOKUP(L96,[1]allgemein!$B$3:$C$13,2,FALSE) -> 1 | N96: 25 | O96: "
B97: 19C-0084Z | C97: " | D97: 25.5 | E97: 0.2 | F97: 173 | H97: 1.842 | I97: 1.824 | J97: =IF(M97<>"",(H97-I97)/M97,"") -> 0.018 | K97: =(F97*(273.15+D97)/273.15)/(M97*N97) -> 7.5660187 | L97: MI_V3 | M97: =VLOOKUP(L97,[1]allgemein!$B$3:$C$13,2,FALSE) -> 1 | N97: 25 | O97: "
B98: 19C-0085Z | C98: " | D98: 25.5 | E98: 0 | F98: 173 | H98: 1.836 | I98: 1.824 | J98: =IF(M98<>"",(H98-I98)/M98,"") -> 0.012 | K98: =(F98*(273.15+D98)/273.15)/(M98*N98) -> 7.5660187 | L98: MI_V3 | M98: =VLOOKUP(L98,[1]allgemein!$B$3:$C$13,2,FALSE) -> 1 | N98: 25 | O98: "
B99: 19C-0086Z | C99: " | D99: 25.4 | E99: 0 | F99: 173 | H99: 1.842 | I99: 1.828 | J99: =IF(M99<>"",(H99-I99)/M99,"") -> 0.014 | K99: =(F99*(273.15+D99)/273.15)/(M99*N99) -> 7.5634853 | L99: MI_V3 | M99: =VLOOKUP(L99,[1]allgemein!$B$3:$C$13,2,FALSE) -> 1 | N99: 25 | O99: " | P99: Mem. kleines Pt. Loch
B102: Rev./ Rep.
B103: 16K-0004Z | C103: 496140 | D103: 24.5 | E103: 0.5 | F103: 569 | G103: 1.827 | H103: 3.652 | I103: 3.619 | J103: =IF(M103<>"",(H103-I103)/M103,"") -> 0.0165 | K103: =(F103*(273.15+D103)/273.15)/(M103*N103) -> 7.7504508 | L103: MU2 | M103: =VLOOKUP(L103,[1]allgemein!$B$3:$C$13,2,FALSE) -> 2 | N103: 40 | O103: FA505742
G104: 1.825
B105: 18L-0020Z | C105: 496135 | D105: 25.6 | E105: 0 | F105: 173 | H105: 1.83 | I105: 1.818 | J105: =IF(M105<>"",(H105-I105)/M105,"") -> 0.012 | K105: =(F105*(273.15+D105)/273.15)/(M105*N105) -> 7.5685521 | L105: MI_V3 | M105: =VLOOKUP(L105,[1]allgemein!$B$3:$C$13,2,FALSE) -> 1 | N105: 25 | O105: FA509113
B111: Tests
B112: 19A-0015Z | D112: 25.5 | E112: 0 | F112: 866 | G112: 1.808 | H112: 7.233 | I112: 7.17 | J112: =IF(M112<>"",(H112-I112)/M112,"") -> 0.01575 | K112: =(F112*(273.15+D112)/273.15)/(M112*N112) -> 7.8903807 | L112: MU4 | M112: =VLOOKUP(L112,[1]allgemein!$B$3:$C$13,2,FALSE) -> 4 | N112: 30
B113: " | C113: " | D113: 22 | E113: 0 | F113: 1138 | G113: 1.904 | H113: 7.543 | I113: 7.44 | J113: =IF(M113<>"",(H113-I113)/M113,"") -> 0.02575 | K113: =(F113*(273.15+D113)/273.15)/(M113*N113) -> 7.6853537 | L113: MU4 | M113: =VLOOKUP(L113,[1]allgemein!$B$3:$C$13,2,FALSE) -> 4 | N113: 40 | P113: Wassertest i.O.
G114: 1.897
G115: 1.865
...

Sheet Apr
B3: Cell # | C3: Membran Batch FA | D3: Temp Gas / [°C] | E3: Temp Kat T1-T2 / [°C] | F3: Gasfluss / [sccm / min] | G3: Membrane V @ 13 bar/[V] | H3: Cell V @ 13 bar/[V] | I3: Cell V @ 0 bar [V] | J3: Voltage Diff. / [V] | K3: H2 Prod / [nmL/A] | L3: Typ | M3: Anzahl Layer | N3: Strom / [A] | O3: FA # | P3: Bemerkungen | Q3: Bemerkungen | S3: Visum | T3: Jahr: | U3: 2019
B4: 19D-0001Z | C4: 499724 | D4: 25.7 | E4: 0.1 | F4: 173 | H4: 1.859 | I4: 1.84 | J4: =IF(M4<>"",(H4-I4)/M4,"") -> 0.019 | K4: =(F4*(273.15+D4)/273.15)/(M4*N4) -> 7.5710855 | L4: MI_V3 | M4: =VLOOKUP(L4,[1]allgemein!$B$3:$C$13,2,FALSE) -> 1 | N4: 25 | O4: FA500555
B5: 19D-0002Z | C5: " | D5: 25.8 | E5: 0.2 | F5: 173 | H5: 1.85 | I5: 1.834 | J5: =IF(M5<>"",(H5-I5)/M5,"") -> 0.016 | K5: =(F5*(273.15+D5)/273.15)/(M5*N5) -> 7.5736189 | L5: MI_V3 | M5: =VLOOKUP(L5,[1]allgemein!$B$3:$C$13,2,FALSE) -> 1 | N5: 25 | O5: "
B6: 19D-0003Z | C6: " | D6: 25.8 | E6: 0.1 | F6: 173 | H6: 1.86 | I6: 1.845 | J6: =IF(M6<>"",(H6-I6)/M6,"") -> 0.015 | K6: =(F6*(273.15+D6)/273.15)/(M6*N6) -> 7.5736189 | L6: MI_V3 | M6: =VLOOKUP(L6,[1]allgemein!$B$3:$C$13,2,FALSE) -> 1 | N6: 25 | O6: "
B7: 19D-0004Z | C7: " | D7: 25.8 | E7: 0.2 | F7: 173 | H7: 1.85 | I7: 1.835 | J7: =IF(M7<>"",(H7-I7)/M7,"") -> 0.015 | K7: =(F7*(273.15+D7)/273.15)/(M7*N7) -> 7.5736189 | L7: MI_V3 | M7: =VLOOKUP(L7,[1]allgemein!$B$3:$C$13,2,FALSE) -> 1 | N7: 25 | O7: "
B8: 19D-0005Z | C8: " | D8: 25.8 | E8: 0.2 | F8: 173 | H8: 1.855 | I8: 1.838 | J8: =IF(M8<>"",(H8-I8)/M8,"") -> 0.017 | K8: =(F8*(273.15+D8)/273.15)/(M8*N8) -> 7.5736189 | L8: MI_V3 | M8: =VLOOKUP(L8,[1]allgemein!$B$3:$C$13,2,FALSE) -> 1 | N8: 25 | O8: "
B9: 19D-0006Z | C9: " | D9: 25.8 | E9: 0.2 | F9: 173 | H9: 1.856 | I9: 1.843 | J9: =IF(M9<>"",(H9-I9)/M9,"") -> 0.013 | K9: =(F9*(273.15+D9)/273.15)/(M9*N9) -> 7.5736189 | L9: MI_V3 | M9: =VLOOKUP(L9,[1]allgemein!$B$3:$C$13,2,FALSE) -> 1 | N9: 25 | O9: "
B10: 19D-0007Z | C10: " | D10: 25.8 | E10: 0.2 | F10: 173 | H10: 1.866 | I10: 1.849 | J10: =IF(M10<>"",(H10-I10)/M10,"") -> 0.017 | K10: =(F10*(273.15+D10)/273.15)/(M10*N10) -> 7.5736189 | L10: MI_V3 | M10: =VLOOKUP(L10,[1]allgemein!$B$3:$C$13,2,FALSE) -> 1 | N10: 25 | O10: "
B11: 19D-0008Z | C11: " | D11: 25.9 | E11: 0.3 | F11: 173 | H11: 1.86 | I11: 1.842 | J11: =IF(M11<>"",(H11-I11)/M11,"") -> 0.018 | K11: =(F11*(273.15+D11)/273.15)/(M11*N11) -> 7.5761523 | L11: MI_V3 | M11: =VLOOKUP(L11,[1]allgemein!$B$3:$C$13,2,FALSE) -> 1 | N11: 25 | O11: "
B12: 19D-0009Z | C12: " | D12: 25.9 | E12: 0.2 | F12: 173 | H12: 1.865 | I12: 1.846 | J12: =IF(M12<>"",(H12-I12)/M12,"") -> 0.019 | K12: =(F12*(273.15+D12)/273.15)/(M12*N12) -> 7.5761523 | L12: MI_V3 | M12: =VLOOKUP(L12,[1]allgemein!$B$3:$C$13,2,FALSE) -> 1 | N12: 25 | O12: "
B13: 19D-0010Z | C13: 499725 | D13: 25.8 | E13: 0.2 | F13: 173 | H13: 1.86 | I13: 1.848 | J13: =IF(M13<>"",(H13-I13)/M13,"") -> 0.012 | K13: =(F13*(273.15+D13)/273.15)/(M13*N13) -> 7.5736189 | L13: MI_V3 | M13: =VLOOKUP(L13,[1]allgemein!$B$3:$C$13,2,FALSE) -> 1 | N13: 25 | O13: FA512225
B14: 19D-0011Z | C14: " | D14: 25.1 | E14: 0 | F14: 173 | H14: 1.85 | I14: 1.836 | J14: =IF(M14<>"",(H14-I14)/M14,"") -> 0.014 | K14: =(F14*(273.15+D14)/273.15)/(M14*N14) -> 7.555885 | L14: MI_V3 | M14: =VLOOKUP(L14,[1]allgemein!$B$3:$C$13,2,FALSE) -> 1 | N14: 25 | O14: "
B15: 19D-0012Z | C15: " | D15: 25.1 | E15: 0 | F15: 173 | H15: 1.848 | I15: 1.833 | J15: =IF(M15<>"",(H15-I15)/M15,"") -> 0.015 | K15: =(F15*(273.15+D15)/273.15)/(M15*N15) -> 7.555885 | L15: MI_V3 | M15: =VLOOKUP(L15,[1]allgemein!$B$3:$C$13,2,FALSE) -> 1 | N15: 25 | O15: "
B16: 19D-0013Z | C16: " | D16: 25.1 | E16: 0 | F16: 173 | H16: 1.841 | I16: 1.827 | J16: =IF(M16<>"",(H16-I16)/M16,"") -> 0.014 | K16: =(F16*(273.15+D16)/273.15)/(M16*N16) -> 7.555885 | L16: MI_V3 | M16: =VLOOKUP(L16,[1]allgemein!$B$3:$C$13,2,FALSE) -> 1 | N16: 25 | O16: "
B17: 19D-0014Z | C17: " | D17: 25.2 | E17: 0 | F17: 173 | H17: 1.841 | I17: 1.828 | J17: =IF(M17<>"",(H17-I17)/M17,"") -> 0.013 | K17: =(F17*(273.15+D17)/273.15)/(M17*N17) -> 7.5584185 | L17: MI_V3 | M17: =VLOOKUP(L17,[1]allgemein!$B$3:$C$13,2,FALSE) -> 1 | N17: 25 | O17: "
B18: 19D-0015Z | C18: " | D18: 25.5 | E18: 0 | F18: 173 | H18: 1.835 | I18: 1.819 | J18: =IF(M18<>"",(H18-I18)/M18,"") -> 0.016 | K18: =(F18*(273.15+D18)/273.15)/(M18*N18) -> 7.5660187 | L18: MI_V3 | M18: =VLOOKUP(L18,[1]allgemein!$B$3:$C$13,2,FALSE) -> 1 | N18: 25 | O18: "
B19: 19D-0016Z | C19: " | D19: 25.5 | E19: 0 | F19: 173 | H19: 1.829 | I19: 1.815 | J19: =IF(M19<>"",(H19-I19)/M19,"") -> 0.014 | K19: =(F19*(273.15+D19)/273.15)/(M19*N19) -> 7.5660187 | L19: MI_V3 | M19: =VLOOKUP(L19,[1]allgemein!$B$3:$C$13,2,FALSE) -> 1 | N19: 25 | O19: "
B20: 19D-0017Z | C20: " | D20: 25.5 | E20: 0 | F20: 173 | H20: 1.827 | I20: 1.812 | J20: =IF(M20<>"",(H20-I20)/M20,"") -> 0.015 | K20: =(F20*(273.15+D20)/273.15)/(M20*N20) -> 7.5660187 | L20: MI_V3 | M20: =VLOOKUP(L20,[1]allgemein!$B$3:$C$13,2,FALSE) -> 1 | N20: 25 | O20: "
B21: 19D-0018Z | C21: " | D21: 25.5 | E21: 0 | F21: 173 | H21: 1.836 | I21: 1.823 | J21: =IF(M21<>"",(H21-I21)/M21,"") -> 0.013 | K21: =(F21*(273.15+D21)/273.15)/(M21*N21) -> 7.5660187 | L21: MI_V3 | M21: =VLOOKUP(L21,[1]allgemein!$B$3:$C$13,2,FALSE) -> 1 | N21: 25 | O21: "
B22: 19D-0019Z | C22: " | D22: 25.4 | E22: 0 | F22: 173 | H22: 1.815 | I22: 1.802 | J22: =IF(M22<>"",(H22-I22)/M22,"") -> 0.013 | K22: =(F22*(273.15+D22)/273.15)/(M22*N22) -> 7.5634853 | L22: MI_V3 | M22: =VLOOKUP(L22,[1]allgemein!$B$3:$C$13,2,FALSE) -> 1 | N22: 25 | O22: "
B23: 19D-0020Z | C23: " | D23: 25.3 | E23: 0.1 | F23: 173 | H23: 1.865 | I23: 1.852 | J23: =IF(M23<>"",(H23-I23)/M23,"") -> 0.013 | K23: =(F23*(273.15+D23)/273.15)/(M23*N23) -> 7.5609519 | L23: MI_V3 | M23: =VLOOKUP(L23,[1]allgemein!$B$3:$C$13,2,FALSE) -> 1 | N23: 25 | O23: "
B24: 19D-0021Z | C24: " | D24: 25.3 | E24: 0.1 | F24: 173 | H24: 1.851 | I24: 1.837 | J24: =IF(M24<>"",(H24-I24)/M24,"") -> 0.014 | K24: =(F24*(273.15+D24)/273.15)/(M24*N24) -> 7.5609519 | L24: MI_V3 | M24: =VLOOKUP(L24,[1]allgemein!$B$3:$C$13,2,FALSE) -> 1 | N24: 25 | O24: "
B25: 19D-0022Z | C25: " | D25: 25.3 | E25: 0 | F25: 173 | H25: 1.855 | I25: 1.839 | J25: =IF(M25<>"",(H25-I25)/M25,"") -> 0.016 | K25: =(F25*(273.15+D25)/273.15)/(M25*N25) -> 7.5609519 | L25: MI_V3 | M25: =VLOOKUP(L25,[1]allgemein!$B$3:$C$13,2,FALSE) -> 1 | N25: 25 | O25: "
... B30: 19D-0027Z | C30: " | D30: 25.2 | E30: 0 | F30: 173 | H30: 1.863 | I30: 1.85 | J30: =IF(M30<>"",(H30-I30)/M30,"") -> 0.013 | K30: =(F30*(273.15+D30)/273.15)/(M30*N30) -> 7.5584185 | L30: MI_V3 | M30: =VLOOKUP(L30,[1]allgemein!$B$3:$C$13,2,FALSE) -> 1 | N30: 25 | O30: "
B31: 19D-0028Z | C31: 499726 | D31: 25.3 | E31: 0.1 | F31: 859 | G31: 1.811 | H31: 5.439 | I31: 5.391 | J31: =IF(M31<>"",(H31-I31)/M31,"") -> 0.016 | K31: =(F31*(273.15+D31)/273.15)/(M31*N31) -> 7.8213604 | L31: MU3 | M31: =VLOOKUP(L31,[1]allgemein!$B$3:$C$13,2,FALSE) -> 3 | N31: 40 | O31: FA513218
C32: " | G32: 1.812 | J32: =IF(M32<>"",(H32-I32)/M32,"")
C33: " | G33: 1.816 | J33: =IF(M33<>"",(H33-I33)/M33,"")
B34: 19D-0029Z | C34: " | D34: 25.2 | E34: 0.3 | F34: 859 | G34: 1.815 | H34: 5.425 | I34: 5.378 | J34: =IF(M34<>"",(H34-I34)/M34,"") -> 0.015666667 | K34: =(F34*(273.15+D34)/273.15)/(M34*N34) -> 7.8187397 | L34: MU3 | M34: =VLOOKUP(L34,[1]allgemein!$B$3:$C$13,2,FALSE) -> 3 | N34: 40 | O34: "
C35: 496337 | G35: 1.802 | J35: =IF(M35<>"",(H35-I35)/M35,"")
C36: " | G36: 1.808 | J36: =IF(M36<>"",(H36-I36)/M36,"")
B37: 19D-0030Z | C37: " | D37: 25.1 | E37: 0.2 | F37: 858 | G37: 1.805 | H37: 5.413 | I37: 5.371 | J37: =IF(M37<>"",(H37-I37)/M37,"") -> 0.014 | K37: =(F37*(273.15+D37)/273.15)/(M37*N37) -> 7.80702 | L37: MU3 | M37: =VLOOKUP(L37,[1]allgemein!$B$3:$C$13,2,FALSE) -> 3 | N37: 40 | O37: "
C38: " | G38: 1.807 | J38: =IF(M38<>"",(H38-I38)/M38,"")
C39: " | G39: 1.801 | J39: =IF(M39<>"",(H39-I39)/M39,"")
B40: 19D-0031Z | C40: 499926 | D40: 25.5 | E40: 0.4 | F40: 281 | H40: 1.838 | I40: 1.8222 | J40: =IF(M40<>"",(H40-I40)/M40,"") -> 0.0158 | K40: =(F40*(273.15+D40)/273.15)/(M40*N40) -> 7.680821 | L40: MU1 | M40: =VLOOKUP(L40,[1]allgemein!$B$3:$C$13,2,FALSE) -> 1 | N40: 40 | O40: FA513217 | P40: Mem. mit def. Filterplatte
B41: 19D-0032Z | C41: " | D41: 25.6 | E41: 0.6 | F41: 281 | H41: 1.828 | I41: 1.81 | J41: =IF(M41<>"",(H41-I41)/M41,"") -> 0.018 | K41: =(F41*(273.15+D41)/273.15)/(M41*N41) -> 7.6833928 | L41: MU1 | M41: =VLOOKUP(L41,[1]allgemein!$B$3:$C$13,2,FALSE) -> 1 | N41: 40 | O41: " | P41: "
B42: 19D-0033Z | C42: " | D42: 25.5 | E42: 0.8 | F42: 281 | H42: 1.824 | I42: 1.807 | J42: =IF(M42<>"",(H42-I42)/M42,"") -> 0.017 | K42: =(F42*(273.15+D42)/273.15)/(M42*N42) -> 7.680821 | L42: MU1 | M42: =VLOOKUP(L42,[1]allgemein!$B$3:$C$13,2,FALSE) -> 1 | N42: 40 | O42: " | P42: "
B43: 19D-0034Z-R | C43: " | D43: 25.2 | E43: 0.2 | F43: 279 | H43: 1.881 | I43: 1.868 | J43: =IF(M43<>"",(H43-I43)/M43,"") -> 0.013 | K43: =(F43*(273.15+D43)/273.15)/(M43*N43) -> 7.6184926 | L43: MA_V1 | M43: =VLOOKUP(L43,[1]allgemein!$B$3:$C$13,2,FALSE) -> 1 | N43: 40 | O43: FA512218 | P43: "
B44: 19D-0035Z | C44: " | D44: 25.5 | E44: 0.4 | F44: 281 | H44: 1.853 | I44: 1.834 | J44: =IF(M44<>"",(H44-I44)/M44,"") -> 0.019 | K44: =(F44*(273.15+D44)/273.15)/(M44*N44) -> 7.680821 | L44: MU1 | M44: =VLOOKUP(L44,[1]allgemein!$B$3:$C$13,2,FALSE) -> 1 | N44: 40 | O44: FA513228 | P44: "
B45: 19D-0036Z | C45: " | D45: 25.3 | E45: 0.1 | F45: 281 | H45: 1.847 | I45: 1.825 | J45: =IF(M45<>"",(H45-I45)/M45,"") -> 0.022 | K45: =(F45*(273.15+D45)/273.15)/(M45*N45) -> 7.6756773 | L45: MU1 | M45: =VLOOKUP(L45,[1]allgemein!$B$3:$C$13,2,FALSE) -> 1 | N45: 40 | O45: " | P45: "
B46: 19D-0037Z | C46: " | D46: 25.2 | E46: 0.2 | F46: 282 | H46: 1.831 | I46: 1.814 | J46: =IF(M46<>"",(H46-I46)/M46,"") -> 0.017 | K46: =(F46*(273.15+D46)/273.15)/(M46*N46) -> 7.7004119 | L46: MU1 | M46: =VLOOKUP(L46,[1]allgemein!$B$3:$C$13,2,FALSE) -> 1 | N46: 40 | O46: " | P46: "
B47: 19D-0038Z | C47: 496337 | D47: 24.9 | E47: 0 | F47: 274 | H47: 1.853 | I47: 1.839 | J47: =IF(M47<>"",(H47-I47)/M47,"") -> 0.014 | K47: =(F47*(273.15+D47)/273.15)/(M47*N47) -> 7.4744371 | L47: MU1 | M47: =VLOOKUP(L47,[1]allgemein!$B$3:$C$13,2,FALSE) -> 1 | N47: 40 | O47: ohne | P47: TestZelle (Carmen)
B48: 19D-0039Z | C48: " | D48: 25.6 | E48: 0.1 | F48: 567 | G48: 1.819 | H48: 3.636 | I48: 3.595 | J48: =IF(M48<>"",(H48-I48)/M48,"") -> 0.0205 | K48: =(F48*(273.15+D48)/273.15)/(M48*N48) -> 7.7517504 | L48: MU2 | M48: =VLOOKUP(L48,[1]allgemein!$B$3:$C$13,2,FALSE) -> 2 | N48: 40 | O48: FA502985
C49: " | G49: 1.817
B50: 19D-0040Z | C50: " | D50: 25.3 | E50: 0.1 | F50: 567 | G50: 1.824 | H50: 3.645 | I50: 3.609 | J50: =IF(M50<>"",(H50-I50)/M50,"") -> 0.018 | K50: =(F50*(273.15+D50)/273.15)/(M50*N50) -> 7.7439662 | L50: MU2 | M50: =VLOOKUP(L50,[1]allgemein!$B$3:$C$13,2,FALSE) -> 2 | N50: 40 | O50: "
C51: " | G51: 1.821
B52: 19D-0041Z | C52: " | D52: 25.1 | E52: 0 | F52: 567 | G52: 1.822 | H52: 3.647 | I52: 3.61 | J52: =IF(M52<>"",(H52-I52)/M52,"") -> 0.0185 | K52: =(F52*(273.15+D52)/273.15)/(M52*N52) -> 7.7387768 | L52: MU2 | M52: =VLOOKUP(L52,[1]allgemein!$B$3:$C$13,2,FALSE) -> 2 | N52: 40 | O52: "
C53: " | G53: 1.826
B54: 19D-0042Z | C54: " | D54: 25.5 | E54: 0.3 | F54: 567 | G54: 1.818 | H54: 3.638 | I54: 3.61 | J54: =IF(M54<>"",(H54-I54)/M54,"") -> 0.014 | K54: =(F54*(273.15+D54)/273.15)/(M54*N54) -> 7.7491557 | L54: MU2 | M54: =VLOOKUP(L54,[1]allgemein!$B$3:$C$13,2,FALSE) -> 2 | N54: 40 | O54: "
C55: " | G55: 1.82
B56: 19D-0043Z | C56: " | D56: 25.6 | E56: 0.3 | F56: 568 | G56: 1.814 | H56: 3.627 | I56: 3.588 | J56: =IF(M56<>"",(H56-I56)/M56,"") -> 0.0195 | K56: =(F56*(273.15+D56)/273.15)/(M56*N56) -> 7.7654219 | L56: MU2 | M56: =VLOOKUP(L56,[1]allgemein!$B$3:$C$13,2,FALSE) -> 2 | N56: 40 | O56: "
C57: " | G57: 1.813 | P57: Mem. kleiner Faden
B58: 19D-0044Z | C58: " | D58: 25.8 | E58: 0.3 | F58: 567 | G58: 1.808 | H58: 3.622 | I58: 3.585 | J58: =IF(M58<>"",(H58-I58)/M58,"") -> 0.0185 | K58: =(F58*(273.15+D58)/273.15)/(M58*N58) -> 7.7569399 | L58: MU2 | M58: =VLOOKUP(L58,[1]allgemein!$B$3:$C$13,2,FALSE) -> 2 | N58: 40 | O58: "
C59: 499926 | G59: 1.814 | P59: Mem. mit def. Filterplatte
B60: 19D-0045Z | C60: " | D60: 25.4 | E60: 0 | F60: 280 | H60: 1.81 | I60: 1.797 | J60: =IF(M60<>"",(H60-I60)/M60,"") -> 0.013 | K60: =(F60*(273.15+D60)/273.15)/(M60*N60) -> 7.6509244 | L60: MU1 | M60: =VLOOKUP(L60,[1]allgemein!$B$3:$C$13,2,FALSE) -> 1 | N60: 40 | O60: FA502983 | P60: "
B61: 19D-0046Z | C61: 704933 | D61: 25 | E61: 0.1 | F61: 280 | H61: 1.817 | I61: 1.804 | J61: =IF(M61<>"",(H61-I61)/M61,"") -> 0.013 | K61: =(F61*(273.15+D61)/273.15)/(M61*N61) -> 7.6406736 | L61: MU1 | M61: =VLOOKUP(L61,[1]allgemein!$B$3:$C$13,2,FALSE) -> 1 | N61: 40 | O61: FA509109 | P61: Mem. aus 19A-0014Z
B62: 19D-0047Z | C62: " | D62: 24.9 | E62: 0.1 | F62: 280 | H62: 1.812 | I62: 1.796 | J62: =IF(M62<>"",(H62-I62)/M62,"") -> 0.016 | K62: =(F62*(273.15+D62)/273.15)/(M62*N62) -> 7.6381109 | L62: MU1 | M62: =VLOOKUP(L62,[1]allgemein!$B$3:$C$13,2,FALSE) -> 1 | N62: 40 | O62: " | P62: "
B63: 19D-0048Z | C63: " | D63: 24.8 | E63: 0.1 | F63: 280 | H63: 1.819 | I63: 1.806 | J63: =IF(M63<>"",(H63-I63)/M63,"") -> 0.013 | K63: =(F63*(273.15+D63)/273.15)/(M63*N63) -> 7.6355482 | L63: MU1 | M63: =VLOOKUP(L63,[1]allgemein!$B$3:$C$13,2,FALSE) -> 1 | N63: 40 | O63: FA509126 | P63: "
B64: 19D-0049Z | C64: " | D64: 24.9 | E64: 0.1 | F64: 280 | H64: 1.826 | I64: 1.81 | J64: =IF(M64<>"",(H64-I64)/M64,"") -> 0.016 | K64: =(F64*(273.15+D64)/273.15)/(M64*N64) -> 7.6381109 | L64: MU1 | M64: =VLOOKUP(L64,[1]allgemein!$B$3:$C$13,2,FALSE) -> 1 | N64: 40 | O64: " | P64: "
B65: 19D-0050Z | C65: 499926 | D65: 25.4 | E65: 0.1 | F65: 281 | H65: 1.831 | I65: 1.819 | J65: =IF(M65<>"",(H65-I65)/M65,"") -> 0.012 | K65: =(F65*(273.15+D65)/273.15)/(M65*N65) -> 7.6782491 | L65: MU1 | M65: =VLOOKUP(L65,[1]allgemein!$B$3:$C$13,2,FALSE) -> 1 | N65: 40 | O65: FA514796 | P65: Mem. mit def. Filterplatte
B66: 19D-0051Z | C66: 499725 | D66: 25.3 | E66: 0 | F66: 173 | H66: 1.835 | I66: 1.822 | J66: =IF(M66<>"",(H66-I66)/M66,"") -> 0.013 | K66: =(F66*(273.15+D66)/273.15)/(M66*N66) -> 7.5609519 | L66: MI_V3 | M66: =VLOOKUP(L66,[1]allgemein!$B$3:$C$13,2,FALSE) -> 1 | N66: 25 | O66: FA513801
B67: 19D-0052Z | C67: " | D67: 25.4 | E67: 0 | F67: 173 | H67: 1.844 | I67: 1.83 | J67: =IF(M67<>"",(H67-I67)/M67,"") -> 0.014 | K67: =(F67*(273.15+D67)/273.15)/(M67*N67) -> 7.5634853 | L67: MI_V3 | M67: =VLOOKUP(L67,[1]allgemein!$B$3:$C$13,2,FALSE) -> 1 | N67: 25 | O67: "
B68: 19D-0053Z | C68: 499725 | D68: 25.4 | E68: 0 | F68: 173 | H68: 1.838 | I68: 1.822 | J68: =IF(M68<>"",(H68-I68)/M68,"") -> 0.016 | K68: =(F68*(273.15+D68)/273.15)/(M68*N68) -> 7.5634853 | L68: MI_V3 | M68: =VLOOKUP(L68,[1]allgemein!$B$3:$C$13,2,FALSE) -> 1 | N68: 25 | O68: "
B69: 19D-0054Z | C69: " | D69: 25.3 | E69: 0 | F69: 173 | H69: 1.833 | I69: 1.817 | J69: =IF(M69<>"",(H69-I69)/M69,"") -> 0.016 | K69: =(F69*(273.15+D69)/273.15)/(M69*N69) -> 7.5609519 | L69: MI_V3 | M69: =VLOOKUP(L69,[1]allgemein!$B$3:$C$13,2,FALSE) -> 1 | N69: 25 | O69: "
B70: 19D-0055Z | C70: " | D70: 25.1 | E70: 0 | F70: 173 | H70: 1.824 | I70: 1.81 | J70: =IF(M70<>"",(H70-I70)/M70,"") -> 0.014 | K70: =(F70*(273.15+D70)/273.15)/(M70*N70) -> 7.555885 | L70: MI_V3 | M70: =VLOOKUP(L70,[1]allgemein!$B$3:$C$13,2,FALSE) -> 1 | N70: 25 | O70: "
B71: 19D-0056Z | C71: 499726 | D71: 25.3 | E71: 0.1 | F71: 568 | G71: 1.826 | H71: 3.655 | I71: 3.616 | J71: =IF(M71<>"",(H71-I71)/M71,"") -> 0.0195 | K71: =(F71*(273.15+D71)/273.15)/(M71*N71) -> 7.757624 | L71: MU2 | M71: =VLOOKUP(L71,[1]allgemein!$B$3:$C$13,2,FALSE) -> 2 | N71: 40 | O71: FA505879
C72: " | G72: 1.829
B73: 19D-0057Z | C73: " | D73: 25.1 | E73: 0 | F73: 568 | G73: 1.825 | H73: 3.647 | I73: 3.608 | J73: =IF(M73<>"",(H73-I73)/M73,"") -> 0.0195 | K73: =(F73*(273.15+D73)/273.15)/(M73*N73) -> 7.7524254 | L73: MU2 | M73: =VLOOKUP(L73,[1]allgemein!$B$3:$C$13,2,FALSE) -> 2 | N73: 40 | O73: "
C74: " | G74: 1.822
B75: 19D-0058Z | C75: " | D75: 24.8 | E75: 0 | F75: 568 | G75: 1.821 | H75: 3.642 | I75: 3.606 | J75: =IF(M75<>"",(H75-I75)/M75,"") -> 0.018 | K75: =(F75*(273.15+D75)/273.15)/(M75*N75) -> 7.7446275 | L75: MU2 | M75: =VLOOKUP(L75,[1]allgemein!$B$3:$C$13,2,FALSE) -> 2 | N75: 40 | O75: "
C76: " | G76: 1.821
B77: 19D-0059Z | C77: " | D77: 25.8 | E77: 0.2 | F77: 568 | G77: 1.833 | H77: 3.666 | I77: 3.632 | J77: =IF(M77<>"",(H77-I77)/M77,"") -> 0.017 | K77: =(F77*(273.15+D77)/273.15)/(M77*N77) -> 7.7706205 | L77: MU2 | M77: =VLOOKUP(L77,[1]allgemein!$B$3:$C$13,2,FALSE) -> 2 | N77: 40 | O77: "
C78: " | G78: 1.833
B79: 19D-0060Z | C79: " | D79: 25.8 | E79: 0.2 | F79: 568 | G79: 1.839 | H79: 3.674 | I79: 3.635 | J79: =IF(M79<>"",(H79-I79)/M79,"") -> 0.0195 | K79: =(F79*(273.15+D79)/273.15)/(M79*N79) -> 7.7706205 | L79: MU2 | M79: =VLOOKUP(L79,[1]allgemein!$B$3:$C$13,2,FALSE) -> 2 | N79: 40 | O79: "
C80: " | G80: 1.835
B81: 19D-0061Z | C81: 499727 | D81: 25.8 | E81: 0 | F81: 281 | H81: 1.857 | I81: 1.834 | J81: =IF(M81<>"",(H81-I81)/M81,"") -> 0.023 | K81: =(F81*(273.15+D81)/273.15)/(M81*N81) -> 7.6885365 | L81: MU1 | M81: =VLOOKUP(L81,[1]allgemein!$B$3:$C$13,2,FALSE) -> 1 | N81: 40 | O81: FA514795
B82: 19D-0062Z | C82: " | D82: 25.6 | E82: 0 | F82: 281 | H82: 1.837 | I82: 1.82 | J82: =IF(M82<>"",(H82-I82)/M82,"") -> 0.017 | K82: =(F82*(273.15+D82)/273.15)/(M82*N82) -> 7.6833928 | L82: MU1 | M82: =VLOOKUP(L82,[1]allgemein!$B$3:$C$13,2,FALSE) -> 1 | N82: 40 | O82: "
B83: 19D-0063Z | C83: " | D83: 26.1 | E83: 0.1 | F83: 282 | H83: 1.863 | I83: 1.816 | J83: =IF(M83<>"",(H83-I83)/M83,"") -> 0.047 | K83: =(F83*(273.15+D83)/273.15)/(M83*N83) -> 7.7236409 | L83: MU1 | M83: =VLOOKUP(L83,[1]allgemein!$B$3:$C$13,2,FALSE) -> 1 | N83: 40 | O83: FA514940 | Q83: 4.2.19_CS
B84: 19D-0064Z | C84: " | D84: 26.1 | E84: 0 | F84: 281 | H84: 1.847 | I84: 1.825 | J84: =IF(M84<>"",(H84-I84)/M84,"") -> 0.022 | K84: =(F84*(273.15+D84)/273.15)/(M84*N84) -> 7.6962521 | L84: MU1 | M84: =VLOOKUP(L84,[1]allgemein!$B$3:$C$13,2,FALSE) -> 1 | N84: 40 | O84: " | Q84: Voltage Diff. - Toleranz
B85: 19D-0065Z | C85: " | D85: 25.9 | E85: 0 | F85: 281 | H85: 1.855 | I85: 1.821 | J85: =IF(M85<>"",(H85-I85)/M85,"") -> 0.034 | K85: =(F85*(273.15+D85)/273.15)/(M85*N85) -> 7.6911084 | L85: MU1 | M85: =VLOOKUP(L85,[1]allgemein!$B$3:$C$13,2,FALSE) -> 1 | N85: 40 | O85: " | Q85: von < 0.030 auF < 0.060
B86: 19D-0066Z | C86: " | D86: 25.9 | E86: 0 | F86: 281 | H86: 1.843 | I86: 1.82 | J86: =IF(M86<>"",(H86-I86)/M86,"") -> 0.023 | K86: =(F86*(273.15+D86)/273.15)/(M86*N86) -> 7.6911084 | L86: MU1 | M86: =VLOOKUP(L86,[1]allgemein!$B$3:$C$13,2,FALSE) -> 1 | N86: 40 | O86: "
B87: 19D-0067Z | C87: " | D87: 26.3 | E87: 0.2 | F87: 281 | H87: 1.826 | I87: 1.806 | J87: =IF(M87<>"",(H87-I87)/M87,"") -> 0.02 | K87: =(F87*(273.15+D87)/273.15)/(M87*N87) -> 7.7013958 | L87: MU1 | M87: =VLOOKUP(L87,[1]allgemein!$B$3:$C$13,2,FALSE) -> 1 | N87: 40 | O87: " | P87: Punktlöcher
B88: 19D-0068Z | C88: " | D88: 26.3 | E88: 0.2 | F88: 281 | H88: 1.827 | I88: 1.804 | J88: =IF(M88<>"",(H88-I88)/M88,"") -> 0.023 | K88: =(F88*(273.15+D88)/273.15)/(M88*N88) -> 7.7013958 | L88: MU1 | M88: =VLOOKUP(L88,[1]allgemein!$B$3:$C$13,2,FALSE) -> 1 | N88: 40 | O88: " | P88: "
B89: 19D-0069Z | C89: " | D89: 26.2 | E89: 0.2 | F89: 281 | H89: 1.829 | I89: 1.807 | J89: =IF(M89<>"",(H89-I89)/M89,"") -> 0.022 | K89: =(F89*(273.15+D89)/273.15)/(M89*N89) -> 7.6988239 | L89: MU1 | M89: =VLOOKUP(L89,[1]allgemein!$B$3:$C$13,2,FALSE) -> 1 | N89: 40 | O89: " | P89: "
B90: 19D-0070Z | C90: " | D90: 26.2 | E90: 0.2 | F90: 281 | H90: 1.824 | I90: 1.805 | J90: =IF(M90<>"",(H90-I90)/M90,"") -> 0.019 | K90: =(F90*(273.15+D90)/273.15)/(M90*N90) -> 7.6988239 | L90: MU1 | M90: =VLOOKUP(L90,[1]allgemein!$B$3:$C$13,2,FALSE) -> 1 | N90: 40 | O90: "
B91: 19D-0071Z | C91: " | D91: 26.2 | E91: 0.1 | F91: 281 | H91: 1.83 | I91: 1.81 | J91: =IF(M91<>"",(H91-I91)/M91,"") -> 0.02 | K91: =(F91*(273.15+D91)/273.15)/(M91*N91) -> 7.6988239 | L91: MU1 | M91: =VLOOKUP(L91,[1]allgemein!$B$3:$C$13,2,FALSE) -> 1 | N91: 40 | O91: "
B92: 19D-0072Z | C92: 500950 | D92: 25.9 | E92: 0.1 | F92: 281 | H92: 1.836 | I92: 1.821 | J92: =IF(M92<>"",(H92-I92)/M92,"") -> 0.015 | K92: =(F92*(273.15+D92)/273.15)/(M92*N92) -> 7.6911084 | L92: MU1 | M92: =VLOOKUP(L92,[1]allgemein!$B$3:$C$13,2,FALSE) -> 1 | N92: 40 | O92: FA512840
B93: 19D-0073Z | C93: " | D93: 25.8 | E93: 0.1 | F93: 281 | H93: 1.838 | I93: 1.817 | J93: =IF(M93<>"",(H93-I93)/M93,"") -> 0.021 | K93: =(F93*(273.15+D93)/273.15)/(M93*N93) -> 7.6885365 | L93: MU1 | M93: =VLOOKUP(L93,[1]allgemein!$B$3:$C$13,2,FALSE) -> 1 | N93: 40 | O93: " | P93: Punktlöcher
B94: 19D-0074Z | C94: " | D94: 25.6 | E94: 0 | F94: 281 | H94: 1.834 | I94: 1.815 | J94: =IF(M94<>"",(H94-I94)/M94,"") -> 0.019 | K94: =(F94*(273.15+D94)/273.15)/(M94*N94) -> 7.6833928 | L94: MU1 | M94: =VLOOKUP(L94,[1]allgemein!$B$3:$C$13,2,FALSE) -> 1 | N94: 40 | O94: " | P94: "
B95: 19D-0075Z | C95: " | D95: 25.2 | E95: 0 | F95: 281 | H95: 1.838 | I95: 1.821 | J95: =IF(M95<>"",(H95-I95)/M95,"") -> 0.017 | K95: =(F95*(273.15+D95)/273.15)/(M95*N95) -> 7.6731054 | L95: MU1 | M95: =VLOOKUP(L95,[1]allgemein!$B$3:$C$13,2,FALSE) -> 1 | N95: 40 | O95: " | P95: "
B96: 19D-0076Z | C96: " | D96: 25.4 | E96: 0 | F96: 281 | H96: 1.837 | I96: 1.817 | J96: =IF(M96<>"",(H96-I96)/M96,"") -> 0.02 | K96: =(F96*(273.15+D96)/273.15)/(M96*N96) -> 7.6782491 | L96: MU1 | M96: =VLOOKUP(L96,[1]allgemein!$B$3:$C$13,2,FALSE) -> 1 | N96: 40 | O96: " | P96: "
B97: 19D-0077Z | C97: " | D97: 25.6 | E97: 0.1 | F97: 282 | H97: 1.842 | I97: 1.823 | J97: =IF(M97<>"",(H97-I97)/M97,"") -> 0.019 | K97: =(F97*(273.15+D97)/273.15)/(M97*N97) -> 7.7107359 | L97: MU1 | M97: =VLOOKUP(L97,[1]allgemein!$B$3:$C$13,2,FALSE) -> 1 | N97: 40 | O97: FA514939 | P97: "
B98: 19D-0078Z | C98: " | D98: 26.2 | E98: 0.1 | F98: 282 | H98: 1.831 | I98: 1.812 | J98: =IF(M98<>"",(H98-I98)/M98,"") -> 0.019 | K98: =(F98*(273.15+D98)/273.15)/(M98*N98) -> 7.7262219 | L98: MU1 | M98: =VLOOKUP(L98,[1]allgemein!$B$3:$C$13,2,FALSE) -> 1 | N98: 40 | O98: " | P98: "
B99: 19D-0079Z | C99: " | D99: 26.2 | E99: 0 | F99: 282 | H99: 1.835 | I99: 1.813 | J99: =IF(M99<>"",(H99-I99)/M99,"") -> 0.022 | K99: =(F99*(273.15+D99)/273.15)/(M99*N99) -> 7.7262219 | L99: MU1 | M99: =VLOOKUP(L99,[1]allgemein!$B$3:$C$13,2,FALSE) -> 1 | N99: 40 | O99: " | P99: "
B100: 19D-0080Z | C100: " | D100: 26.1 | E100: 0.1 | F100: 282 | H100: 1.833 | I100: 1.816 | J100: =IF(M100<>"",(H100-I100)/M100,"") -> 0.017 | K100: =(F100*(273.15+D100)/273.15)/(M100*N100) -> 7.7236409 | L100: MU1 | M100: =VLOOKUP(L100,[1]allgemein!$B$3:$C$13,2,FALSE) -> 1 | N100: 40 | O100: " | P100: "
B101: 19D-0081Z | C101: " | D101: 25.8 | E101: 0.4 | F101: 858 | G101: 1.828 | H101: 5.488 | I101: 5.44 | J101: =IF(M101<>"",(H101-I101)/M101,"") -> 0.016 | K101: =(F101*(273.15+D101)/273.15)/(M101*N101) -> 7.8253432 | L101: MU3 | M101: =VLOOKUP(L101,[1]allgemein!$B$3:$C$13,2,FALSE) -> 3 | N101: 40 | O101: FA509152
C102: " | G102: 1.831
C103: " | G103: 1.829
B104: 19D-0082Z-R | C104: " | D104: 25.8 | E104: 0.1 | F104: 280 | H104: 1.888 | I104: 1.872 | J104: =IF(M104<>"",(H104-I104)/M104,"") -> 0.016 | K104: =(F104*(273.15+D104)/273.15)/(M104*N104) -> 7.6611752 | L104: MA_V1 | M104: =VLOOKUP(L104,[1]allgemein!$B$3:$C$13,2,FALSE) -> 1 | N104: 40 | O104: FA509633
B105: 19D-0083Z-R | C105: " | D105: 25.6 | E105: 0 | F105: 281 | H105: 1.878 | I105: 1.863 | J105: =IF(M105<>"",(H105-I105)/M105,"") -> 0.015 | K105: =(F105*(273.15+D105)/273.15)/(M105*N105) -> 7.6833928 | L105: MA_V1 | M105: =VLOOKUP(L105,[1]allgemein!$B$3:$C$13,2,FALSE) -> 1 | N105: 40 | O105: " | P105: H-Elektr alt
B106: 19D-0084Z | C106: 500950 | D106: 25.6 | E106: 0.4 | F106: 569 | G106: 1.828 | H106: 3.653 | I106: 3.623 | J106: =IF(M106<>"",(H106-I106)/M106,"") -> 0.015 | K106: =(F106*(273.15+D106)/273.15)/(M106*N106) -> 7.7790934 | L106: MU2 | M106: =VLOOKUP(L106,[1]allgemein!$B$3:$C$13,2,FALSE) -> 2 | N106: 40 | O106: FA509727
...

Sheet May
B1: Cell # | C1: Membran Batch FA | D1: Temp Gas / [°C] | E1: Temp Kat T1-T2 / [°C] | F1: Gasfluss / [sccm / min] | G1: Membrane V @ 13 bar/[V] | H1: Cell V @ 13 bar/[V] | I1: Cell V @ 0 bar [V] | J1: Voltage Diff. / [V] | K1: H2 Prod / [nmL/A] | L1: Typ | M1: Anz. Layer | N1: Strom / [A] | O1: FA # | Q1: Bemerkungen | R1: Bemerkungen | T1: Visum | U1: Jahr: | V1: 2019
B2: 19E-0001Z | C2: 499727 | D2: 25.9 | E2: 0.4 | F2: 569 | G2: 1.829 | H2: 3.667 | I2: 3.631 | J2: =IF(M2<>"",(H2-I2)/M2,"") -> 0.018 | K2: =(F2*(273.15+D2)/273.15)/(M2*N2) -> 7.7869051 | L2: MU2 | M2: =VLOOKUP(L2,[1]allgemein!$B$3:$C$13,2,FALSE) -> 2 | N2: 40 | O2: FA516491
C3: " | G3: 1.838
B4: 19E-0002Z | C4: " | D4: 25.8 | E4: 0.3 | F4: 569 | G4: 1.824 | H4: 3.654 | I4: 3.619 | J4: =IF(M4<>"",(H4-I4)/M4,"") -> 0.0175 | K4: =(F4*(273.15+D4)/273.15)/(M4*N4) -> 7.7843012 | L4: MU2 | M4: =VLOOKUP(L4,[1]allgemein!$B$3:$C$13,2,FALSE) -> 2 | N4: 40 | O4: "
C5: " | G5: 1.83
B6: 19E-0003Z | C6: " | D6: 25.6 | E6: 0.3 | F6: 569 | G6: 1.843 | H6: 3.684 | I6: 3.65 | J6: =IF(M6<>"",(H6-I6)/M6,"") -> 0.017 | K6: =(F6*(273.15+D6)/273.15)/(M6*N6) -> 7.7790934 | L6: MU2 | M6: =VLOOKUP(L6,[1]allgemein!$B$3:$C$13,2,FALSE) -> 2 | N6: 40 | O6: "
C7: " | G7: 1.841
B8: 19E-0004Z | C8: " | D8: 25.6 | E8: 0.2 | F8: 568 | G8: 1.835 | H8: 3.676 | I8: 3.64 | J8: =IF(M8<>"",(H8-I8)/M8,"") -> 0.018 | K8: =(F8*(273.15+D8)/273.15)/(M8*N8) -> 7.7654219 | L8: MU2 | M8: =VLOOKUP(L8,[1]allgemein!$B$3:$C$13,2,FALSE) -> 2 | N8: 40 | O8: "
C9: " | G9: 1.841
B10: 19E-0005Z | C10: " | D10: 26.3 | E10: 1.3 | F10: 860 | G10: 1.826 | H10: 5.465 | I10: 5.415 | J10: =IF(M10<>"",(H10-I10)/M10,"") -> 0.016666667 | K10: =(F10*(273.15+D10)/273.15)/(M10*N10) -> 7.8567027 | L10: MU3 | M10: =VLOOKUP(L10,[1]allgemein!$B$3:$C$13,2,FALSE) -> 3 | N10: 40 | O10: FA516492
C11: " | G11: 1.817
C12: " | G12: 1.822
B13: 19E-0006Z | C13: " | D13: 26.4 | E13: 0.5 | F13: 282 | H13: 1.825 | I13: 1.804 | J13: =IF(M13<>"",(H13-I13)/M13,"") -> 0.021 | K13: =(F13*(273.15+D13)/273.15)/(M13*N13) -> 7.7313839 | L13: MU1 | M13: =VLOOKUP(L13,[1]allgemein!$B$3:$C$13,2,FALSE) -> 1 | N13: 40 | O13: FA516490
B14: 19E-0007Z | C14: " | D14: 26.4 | E14: 0.5 | F14: 281 | H14: 1.827 | I14: 1.81 | J14: =IF(M14<>"",(H14-I14)/M14,"") -> 0.017 | K14: =(F14*(273.15+D14)/273.15)/(M14*N14) -> 7.7039676 | L14: MU1 | M14: =VLOOKUP(L14,[1]allgemein!$B$3:$C$13,2,FALSE) -> 1 | N14: 40 | O14: " | Q14: Mem. leicht transp. Stellen
B15: 19E-0008Z | C15: " | D15: 26.4 | E15: 0.6 | F15: 281 | H15: 1.825 | I15: 1.807 | J15: =IF(M15<>"",(H15-I15)/M15,"") -> 0.018 | K15: =(F15*(273.15+D15)/273.15)/(M15*N15) -> 7.7039676 | L15: MU1 | M15: =VLOOKUP(L15,[1]allgemein!$B$3:$C$13,2,FALSE) -> 1 | N15: 40 | O15: "
B16: 19E-0009Z | C16: " | D16: 26.3 | E16: 0.9 | F16: 281 | H16: 1.824 | I16: 1.806 | J16: =IF(M16<>"",(H16-I16)/M16,"") -> 0.018 | K16: =(F16*(273.15+D16)/273.15)/(M16*N16) -> 7.7013958 | L16: MU1 | M16: =VLOOKUP(L16,[1]allgemein!$B$3:$C$13,2,FALSE) -> 1 | N16: 40 | O16: "
B17: 19E-0010Z | C17: " | D17: 26.5 | E17: 3.3 | F17: 281 | H17: 1.833 | I17: 1.816 | J17: =IF(M17<>"",(H17-I17)/M17,"") -> 0.017 | K17: =(F17*(273.15+D17)/273.15)/(M17*N17) -> 7.7065394 | L17: MU1 | M17: =VLOOKUP(L17,[1]allgemein!$B$3:$C$13,2,FALSE) -> 1 | N17: 40 | O17: "
B18: 19E-0011Z | C18: 499727 | D18: 26.2 | E18: 0.5 | F18: 1148 | G18: 1.819 | H18: 7.252 | I18: 7.18 | J18: =IF(M18<>"",(H18-I18)/M18,"") -> 0.018 | K18: =(F18*(273.15+D18)/273.15)/(M18*N18) -> 7.8632116 | L18: MU4 | M18: =VLOOKUP(L18,[1]allgemein!$B$3:$C$13,2,FALSE) -> 4 | N18: 40 | O18: FA511099
C19: 499727 | G19: 1.808
C20: " | G20: 1.811
C21: " | G21: 1.814
B22: 19E-0012Z | C22: " | D22: 26.2 | E22: 0.7 | F22: 857 | G22: 1.801 | H22: 5.401 | I22: 5.364 | J22: =IF(M22<>"",(H22-I22)/M22,"") -> 0.012333333 | K22: =(F22*(273.15+D22)/273.15)/(M22*N22) -> 7.826681 | L22: MU3 | M22: =VLOOKUP(L22,[1]allgemein!$B$3:$C$13,2,FALSE) -> 3 | N22: 40 | O22: FA502986
C23: " | G23: 1.795
C24: " | G24: 1.805
B25: 19E-0013Z | C25: " | D25: 25.9 | E25: 0.4 | F25: 857 | G25: 1.806 | H25: 5.422 | I25: 5.379 | J25: =IF(M25<>"",(H25-I25)/M25,"") -> 0.014333333 | K25: =(F25*(273.15+D25)/273.15)/(M25*N25) -> 7.8188373 | L25: MU3 | M25: =VLOOKUP(L25,[1]allgemein!$B$3:$C$13,2,FALSE) -> 3 | N25: 40
C26: " | G26: 1.809
C27: " | G27: 1.807
B28: 19E-0014Z | C28: 500951 | D28: 25.6 | E28: 0.3 | F28: 857 | G28: 1.802 | H28: 5.407 | I28: 5.361 | J28: =IF(M28<>"",(H28-I28)/M28,"") -> 0.015333333 | K28: =(F28*(273.15+D28)/273.15)/(M28*N28) -> 7.8109937 | L28: MU3 | M28: =VLOOKUP(L28,[1]allgemein!$B$3:$C$13,2,FALSE) -> 3 | N28: 40
C29: " | G29: 1.804
C30: " | G30: 1.801
B31: 19E-0015Z | C31: " | D31: 25.4 | E31: 0.4 | F31: 857 | G31: 1.799 | H31: 5.397 | I31: 5.35 | J31: =IF(M31<>"",(H31-I31)/M31,"") -> 0.015666667 | K31: =(F31*(273.15+D31)/273.15)/(M31*N31) -> 7.8057645 | L31: MU3 | M31: =VLOOKUP(L31,[1]allgemein!$B$3:$C$13,2,FALSE) -> 3 | N31: 40
C32: " | G32: 1.798
C33: " | G33: 1.8
B34: 19E-0016Z | C34: " | D34: 25.3 | E34: 0.3 | F34: 857 | G34: 1.811 | H34: 5.411 | I34: 5.369 | J34: =IF(M34<>"",(H34-I34)/M34,"") -> 0.014 | K34: =(F34*(273.15+D34)/273.15)/(M34*N34) -> 7.80315 | L34: MU3 | M34: =VLOOKUP(L34,[1]allgemein!$B$3:$C$13,2,FALSE) -> 3 | N34: 40
C35: " | G35: 1.798
C36: " | G36: 1.802
B37: 19E-0017Z | C37: 499726 | D37: 25.3 | E37: 0.1 | F37: 281 | H37: 1.814 | I37: 1.795 | J37: =IF(M37<>"",(H37-I37)/M37,"") -> 0.019 | K37: =(F37*(273.15+D37)/273.15)/(M37*N37) -> 7.6756773 | L37: MU1 | M37: =VLOOKUP(L37,[1]allgemein!$B$3:$C$13,2,FALSE) -> 1 | N37: 40 | O37: FA517454
B38: 19E-0018Z | C38: 500951 | D38: 25.9 | E38: 0.3 | F38: 858 | G38: 1.808 | H38: 5.415 | I38: 5.367 | J38: =IF(M38<>"",(H38-I38)/M38,"") -> 0.016 | K38: =(F38*(273.15+D38)/273.15)/(M38*N38) -> 7.8279608 | L38: MU3 | M38: =VLOOKUP(L38,[1]allgemein!$B$3:$C$13,2,FALSE) -> 3 | N38: 40 | O38: FA505880
C39: " | G39: 1.801
C40: " | G40: 1.806 | Q40: Mem. kl. Kratzer
B41: 19E-0019Z | C41: " | D41: 25.8 | E41: 0.3 | F41: 858 | G41: 1.829 | H41: 5.479 | I41: 5.425 | J41: =IF(M41<>"",(H41-I41)/M41,"") -> 0.018 | K41: =(F41*(273.15+D41)/273.15)/(M41*N41) -> 7.8253432 | L41: MU3 | M41: =VLOOKUP(L41,[1]allgemein!$B$3:$C$13,2,FALSE) -> 3 | N41: 40 | O41: "
C42: " | G42: 1.826
C43: " | G43: 1.824
B44: 19E-0020Z | C44: " | D44: 25.9 | E44: 0.9 | F44: 1146 | G44: 1.803 | H44: 7.218 | I44: 7.15 | J44: =IF(M44<>"",(H44-I44)/M44,"") -> 0.017 | K44: =(F44*(273.15+D44)/273.15)/(M44*N44) -> 7.8416461 | L44: MU4 | M44: =VLOOKUP(L44,[1]allgemein!$B$3:$C$13,2,FALSE) -> 4 | N44: 40 | O44: FA509729
C45: " | G45: 1.801
C46: " | G46: 1.808
C47: " | G47: 1.806 | Q47: Mem. kl. Kratzer
B48: 19E-0021Z | C48: " | D48: 25.7 | E48: 0.5 | F48: 1146 | G48: 1.805 | H48: 7.218 | I48: 7.15 | J48: =IF(M48<>"",(H48-I48)/M48,"") -> 0.017 | K48: =(F48*(273.15+D48)/273.15)/(M48*N48) -> 7.8364017 | L48: MU4 | M48: =VLOOKUP(L48,[1]allgemein!$B$3:$C$13,2,FALSE) -> 4 | N48: 40 | O48: "
C49: " | G49: 1.806
C50: " | G50: 1.802
C51: " | G51: 1.805
B52: 19E-0022Z | C52: " | D52: 25.8 | E52: 0.2 | F52: 1144 | G52: 1.826 | H52: 7.279 | I52: 7.2 | J52: =IF(M52<>"",(H52-I52)/M52,"") -> 0.01975 | K52: =(F52*(273.15+D52)/273.15)/(M52*N52) -> 7.8253432 | L52: MU4 | M52: =VLOOKUP(L52,[1]allgemein!$B$3:$C$13,2,FALSE) -> 4 | N52: 40 | O52: " | Q52: Mem. kl. Kratzer
C53: " | G53: 1.817
C54: " | G54: 1.816
C55: " | G55: 1.82
B56: 19E-0023Z | C56: 499725 | D56: 25.5 | E56: 0.2 | F56: 173 | H56: 1.826 | I56: 1.812 | J56: =IF(M56<>"",(H56-I56)/M56,"") -> 0.014 | K56: =(F56*(273.15+D56)/273.15)/(M56*N56) -> 7.5660187 | L56: MI_V3 | M56: =VLOOKUP(L56,[1]allgemein!$B$3:$C$13,2,FALSE) -> 1 | N56: 25 | O56: FA514867
B57: 19E-0024Z | C57: " | D57: 25.5 | E57: 0.1 | F57: 173 | H57: 1.833 | I57: 1.817 | J57: =IF(M57<>"",(H57-I57)/M57,"") -> 0.016 | K57: =(F57*(273.15+D57)/273.15)/(M57*N57) -> 7.5660187 | L57: MI_V3 | M57: =VLOOKUP(L57,[1]allgemein!$B$3:$C$13,2,FALSE) -> 1 | N57: 25 | O57: "
B58: 19E-0025Z | C58: " | D58: 25.5 | E58: 0.2 | F58: 173 | H58: 1.833 | I58: 1.819 | J58: =IF(M58<>"",(H58-I58)/M58,"") -> 0.014 | K58: =(F58*(273.15+D58)/273.15)/(M58*N58) -> 7.5660187 | L58: MI_V3 | M58: =VLOOKUP(L58,[1]allgemein!$B$3:$C$13,2,FALSE) -> 1 | N58: 25 | O58: "
B59: 19E-0026Z | C59: " | D59: 25.5 | E59: 0.2 | F59: 173 | H59: 1.824 | I59: 1.809 | J59: =IF(M59<>"",(H59-I59)/M59,"") -> 0.015 | K59: =(F59*(273.15+D59)/273.15)/(M59*N59) -> 7.5660187 | L59: MI_V3 | M59: =VLOOKUP(L59,[1]allgemein!$B$3:$C$13,2,FALSE) -> 1 | N59: 25 | O59: "
B60: 19E-0027Z | C60: " | D60: 25.5 | E60: 0.1 | F60: 173 | H60: 1.832 | I60: 1.818 | J60: =IF(M60<>"",(H60-I60)/M60,"") -> 0.014 | K60: =(F60*(273.15+D60)/273.15)/(M60*N60) -> 7.5660187 | L60: MI_V3 | M60: =VLOOKUP(L60,[1]allgemein!$B$3:$C$13,2,FALSE) -> 1 | N60: 25 | O60: "
B61: 19E-0028Z | C61: " | D61: 25.5 | E61: 0.1 | F61: 173 | H61: 1.828 | I61: 1.809 | J61: =IF(M61<>"",(H61-I61)/M61,"") -> 0.019 | K61: =(F61*(273.15+D61)/273.15)/(M61*N61) -> 7.5660187 | L61: MI_V3 | M61: =VLOOKUP(L61,[1]allgemein!$B$3:$C$13,2,FALSE) -> 1 | N61: 25 | O61: "
B62: 19E-0029Z | C62: " | D62: 25.5 | E62: 0.1 | F62: 173 | H62: 1.82 | I62: 1.803 | J62: =IF(M62<>"",(H62-I62)/M62,"") -> 0.017 | K62: =(F62*(273.15+D62)/273.15)/(M62*N62) -> 7.5660187 | L62: MI_V3 | M62: =VLOOKUP(L62,[1]allgemein!$B$3:$C$13,2,FALSE) -> 1 | N62: 25 | O62: "
B63: 19E-0030Z | C63: " | D63: 25.5 | E63: 0 | F63: 173 | H63: 1.836 | I63: 1.821 | J63: =IF(M63<>"",(H63-I63)/M63,"") -> 0.015 | K63: =(F63*(273.15+D63)/273.15)/(M63*N63) -> 7.5660187 | L63: MI_V3 | M63: =VLOOKUP(L63,[1]allgemein!$B$3:$C$13,2,FALSE) -> 1 | N63: 25 | O63: "
B64: 19E-0031Z | C64: 500951 | D64: 25 | E64: 0.5 | F64: 855 | G64: 1.834 | H64: 5.481 | I64: 5.441 | J64: =IF(M64<>"",(H64-I64)/M64,"") -> 0.013333333 | K64: =(F64*(273.15+D64)/273.15)/(M64*N64) -> 7.7771142 | L64: MU3 | M64: =VLOOKUP(L64,[1]allgemein!$B$3:$C$13,2,FALSE) -> 3 | N64: 40 | O64: FA509728
C65: 500951 | G65: 1.828
C66: " | G66: 1.819
B67: 19E-0032Z | C67: " | D67: 24.8 | E67: 0.3 | F67: 855 | G67: 1.821 | H67: 5.474 | I67: 5.432 | J67: =IF(M67<>"",(H67-I67)/M67,"") -> 0.014 | K67: =(F67*(273.15+D67)/273.15)/(M67*N67) -> 7.7718973 | L67: MU3 | M67: =VLOOKUP(L67,[1]allgemein!$B$3:$C$13,2,FALSE) -> 3 | N67: 40 | O67: "
C68: " | G68: 1.825
C69: " | G69: 1.828
B70: 19E-0033Z | C70: " | D70: 24.7 | E70: 0.2 | F70: 282 | H70: 1.834 | I70: 1.812 | J70: =IF(M70<>"",(H70-I70)/M70,"") -> 0.022 | K70: =(F70*(273.15+D70)/273.15)/(M70*N70) -> 7.6875069 | L70: MU1 | M70: =VLOOKUP(L70,[1]allgemein!$B$3:$C$13,2,FALSE) -> 1 | N70: 40 | O70: FA518050
B71: 19E-0034Z | C71: " | D71: 26.1 | E71: 0.7 | F71: 857 | G71: 1.812 | H71: 5.434 | I71: 5.385 | J71: =IF(M71<>"",(H71-I71)/M71,"") -> 0.016333333 | K71: =(F71*(273.15+D71)/273.15)/(M71*N71) -> 7.8240664 | L71: MU3 | M71: =VLOOKUP(L71,[1]allgemein!$B$3:$C$13,2,FALSE) -> 3 | N71: 40 | O71: FA509728
C72: " | G72: 1.809
C73: " | G73: 1.813 | Q73: Mem. kl. Kratzer
B74: 19E-0035Z | C74: " | D74: 25.9 | E74: 0.8 | F74: 857 | G74: 1.815 | H74: 5.443 | I74: 5.397 | J74: =IF(M74<>"",(H74-I74)/M74,"") -> 0.015333333 | K74: =(F74*(273.15+D74)/273.15)/(M74*N74) -> 7.8188373 | L74: MU3 | M74: =VLOOKUP(L74,[1]allgemein!$B$3:$C$13,2,FALSE) -> 3 | N74: 40 | O74: "
C75: 501545 | G75: 1.815
C76: " | G76: 1.813
B77: 19E-0036Z | C77: " | D77: 25.7 | E77: 0.7 | F77: 856 | G77: 1.812 | H77: 5.436 | I77: 5.395 | J77: =IF(M77<>"",(H77-I77)/M77,"") -> 0.013666667 | K77: =(F77*(273.15+D77)/273.15)/(M77*N77) -> 7.8044908 | L77: MU3 | M77: =VLOOKUP(L77,[1]allgemein!$B$3:$C$13,2,FALSE) -> 3 | N77: 40 | O77: "
C78: " | G78: 1.814
C79: " | G79: 1.81
B80: 19E-0037Z | C80: " | D80: 25.9 | E80: 0.6 | F80: 857 | G80: 1.82 | H80: 5.458 | I80: 5.408 | J80: =IF(M80<>"",(H80-I80)/M80,"") -> 0.016666667 | K80: =(F80*(273.15+D80)/273.15)/(M80*N80) -> 7.8188373 | L80: MU3 | M80: =VLOOKUP(L80,[1]allgemein!$B$3:$C$13,2,FALSE) -> 3 | N80: 40 | O80: "
C81: " | G81: 1.819
C82: " | G82: 1.819 | Q82: Mem. mehrere. Kratzer
B83: 19E-0038Z | C83: 501545 | D83: 25.8 | E83: 0.7 | F83: 858 | G83: 1.819 | H83: 5.461 | I83: 5.412 | J83: =IF(M83<>"",(H83-I83)/M83,"") -> 0.016333333 | K83: =(F83*(273.15+D83)/273.15)/(M83*N83) -> 7.8253432 | L83: MU3 | M83: =VLOOKUP(L83,[1]allgemein!$B$3:$C$13,2,FALSE) -> 3 | N83: 40 | O83: "
C84: " | G84: 1.818
C85: " | G85: 1.824
B86: 19E-0039Z | C86: " | D86: 25.6 | E86: 0.5 | F86: 858 | G86: 1.824 | H86: 5.477 | I86: 5.429 | J86: =IF(M86<>"",(H86-I86)/M86,"") -> 0.016 | K86: =(F86*(273.15+D86)/273.15)/(M86*N86) -> 7.820108 | L86: MU3 | M86: =VLOOKUP(L86,[1]allgemein!$B$3:$C$13,2,FALSE) -> 3 | N86: 40 | O86: "
C87: " | G87: 1.831
C88: " | G88: 1.822
B89: 19E-0040Z | C89: " | D89: 26 | E89: 0.3 | F89: 281 | H89: 1.825 | I89: 1.807 | J89: =IF(M89<>"",(H89-I89)/M89,"") -> 0.018 | K89: =(F89*(273.15+D89)/273.15)/(M89*N89) -> 7.6936802 | L89: MU1 | M89: =VLOOKUP(L89,[1]allgemein!$B$3:$C$13,2,FALSE) -> 1 | N89: 40 | O89: FA517969 | Q89: Mem. kl. Pt.Loch
B90: 19E-0041Z | C90: " | D90: 26 | E90: 0.4 | F90: 281 | H90: 1.828 | I90: 1.81 | J90: =IF(M90<>"",(H90-I90)/M90,"") -> 0.018 | K90: =(F90*(273.15+D90)/273.15)/(M90*N90) -> 7.6936802 | L90: MU1 | M90: =VLOOKUP(L90,[1]allgemein!$B$3:$C$13,2,FALSE) -> 1 | N90: 40 | O90: "
B91: 19E-0042Z | C91: " | D91: 25.6 | E91: 0.3 | F91: 570 | G91: 1.817 | H91: 3.64 | I91: 3.605 | J91: =IF(M91<>"",(H91-I91)/M91,"") -> 0.0175 | K91: =(F91*(273.15+D91)/273.15)/(M91*N91) -> 7.792765 | L91: MU2 | M91: =VLOOKUP(L91,[1]allgemein!$B$3:$C$13,2,FALSE) -> 2 | N91: 40 | O91: FA512785
C92: " | G92: 1.823
B93: 19E-0043Z | C93: " | D93: 25.5 | E93: 0.3 | F93: 570 | G93: 1.822 | H93: 3.649 | I93: 3.617 | J93: =IF(M93<>"",(H93-I93)/M93,"") -> 0.016 | K93: =(F93*(273.15+D93)/273.15)/(M93*N93) -> 7.7901565 | L93: MU2 | M93: =VLOOKUP(L93,[1]allgemein!$B$3:$C$13,2,FALSE) -> 2 | N93: 40 | O93: "
C94: " | G94: 1.827
B95: 19E-0044Z | C95: " | D95: 25.4 | E95: 0.1 | F95: 570 | G95: 1.831 | H95: 3.654 | I95: 3.612 | J95: =IF(M95<>"",(H95-I95)/M95,"") -> 0.021 | K95: =(F95*(273.15+D95)/273.15)/(M95*N95) -> 7.7875481 | L95: MU2 | M95: =VLOOKUP(L95,[1]allgemein!$B$3:$C$13,2,FALSE) -> 2 | N95: 40 | O95: "
C96: " | G96: 1.823 | Q96: Mem. kl. Pt.Loch
B97: 19E-0045Z | C97: " | D97: 26.1 | E97: 0.4 | F97: 569 | G97: 1.82 | H97: 3.649 | I97: 3.61 | J97: =IF(M97<>"",(H97-I97)/M97,"") -> 0.0195 | K97: =(F97*(273.15+D97)/273.15)/(M97*N97) -> 7.7921129 | L97: MU2 | M97: =VLOOKUP(L97,[1]allgemein!$B$3:$C$13,2,FALSE) -> 2 | N97: 40 | O97: FA517998
C98: " | G98: 1.829
B99: 19E-0046Z | C99: " | D99: 26.1 | E99: 0.4 | F99: 569 | G99: 1.82 | H99: 3.644 | I99: 3.602 | J99: =IF(M99<>"",(H99-I99)/M99,"") -> 0.021 | K99: =(F99*(273.15+D99)/273.15)/(M99*N99) -> 7.7921129 | L99: MU2 | M99: =VLOOKUP(L99,[1]allgemein!$B$3:$C$13,2,FALSE) -> 2 | N99: 40 | O99: "
C100: " | G100: 1.824
...

Sheet Jun
B1: Cell # | C1: Membran Batch FA | D1: Temp Gas / [°C] | E1: Temp Kat T1-T2 / [°C] | F1: Gasfluss / [sccm / min] | G1: Membrane V @ 13 bar/[V] | H1: Cell V @ 13 bar/[V] | I1: Cell V @ 0 bar [V] | J1: Voltage Diff. / [V] | K1: H2 Prod / [nmL/A] | L1: Typ | M1: Anz. Layer | N1: Strom / [A] | O1: FA # | Q1: Bemerkungen | R1: Bemerkungen | T1: Visum | U1: Jahr: | V1: 2019
B2: 19F-0001Z-R | C2: 503924 | D2: 26.8 | E2: 0.1 | F2: 173 | H2: 1.842 | I2: 1.829 | J2: =IF(M2<>"",(H2-I2)/M2,"") -> 0.013 | K2: =(F2*(273.15+D2)/273.15)/(M2*N2) -> 7.598953 | L2: MI_V3 | M2: =VLOOKUP(L2,[1]allgemein!$B$3:$C$13,2,FALSE) -> 1 | N2: 25 | O2: FA518657 | Q2: ersetzt: NV1407-2020
B3: 19F-0002Z-R | C3: " | D3: 26.7 | E3: 0.1 | F3: 173 | H3: 1.852 | I3: 1.84 | J3: =IF(M3<>"",(H3-I3)/M3,"") -> 0.012 | K3: =(F3*(273.15+D3)/273.15)/(M3*N3) -> 7.5964195 | L3: MI_V3 | M3: =VLOOKUP(L3,[1]allgemein!$B$3:$C$13,2,FALSE) -> 1 | N3: 25 | O3: FA518658 | Q3: ersetzt: 16J-0009Z-R
B4: 19F-0003Z | C4: " | D4: 25.8 | E4: 0 | F4: 173 | H4: 1.864 | I4: 1.85 | J4: =IF(M4<>"",(H4-I4)/M4,"") -> 0.014 | K4: =(F4*(273.15+D4)/273.15)/(M4*N4) -> 7.5736189 | L4: MI_V3 | M4: =VLOOKUP(L4,[1]allgemein!$B$3:$C$13,2,FALSE) -> 1 | N4: 25 | O4: FA496363
B5: 19F-0004Z | C5: " | D5: 25.7 | E5: 0 | F5: 173 | H5: 1.851 | I5: 1.836 | J5: =IF(M5<>"",(H5-I5)/M5,"") -> 0.015 | K5: =(F5*(273.15+D5)/273.15)/(M5*N5) -> 7.5710855 | L5: MI_V3 | M5: =VLOOKUP(L5,[1]allgemein!$B$3:$C$13,2,FALSE) -> 1 | N5: 25 | O5: "
B6: 19F-0005Z | C6: " | D6: 25.6 | E6: 0 | F6: 173 | H6: 1.867 | I6: 1.853 | J6: =IF(M6<>"",(H6-I6)/M6,"") -> 0.014 | K6: =(F6*(273.15+D6)/273.15)/(M6*N6) -> 7.5685521 | L6: MI_V3 | M6: =VLOOKUP(L6,[1]allgemein!$B$3:$C$13,2,FALSE) -> 1 | N6: 25 | O6: "
B7: 19F-0006Z | C7: " | D7: 25.5 | E7: 0 | F7: 173 | H7: 1.861 | I7: 1.849 | J7: =IF(M7<>"",(H7-I7)/M7,"") -> 0.012 | K7: =(F7*(273.15+D7)/273.15)/(M7*N7) -> 7.5660187 | L7: MI_V3 | M7: =VLOOKUP(L7,[1]allgemein!$B$3:$C$13,2,FALSE) -> 1 | N7: 25 | O7: "
B8: 19F-0007Z | C8: 503927 | D8: 26.7 | E8: 0 | F8: 569 | G8: 1.866 | H8: 3.729 | I8: 3.696 | J8: =IF(M8<>"",(H8-I8)/M8,"") -> 0.0165 | K8: =(F8*(273.15+D8)/273.15)/(M8*N8) -> 7.8077361 | L8: MU2 | M8: =VLOOKUP(L8,[1]allgemein!$B$3:$C$13,2,FALSE) -> 2 | N8: 40 | O8: FA514869
C9: " | G9: 1.863 | P9: *
B10: 19F-0008Z | C10: " | D10: 26.6 | E10: 0 | F10: 569 | G10: 1.867 | H10: 3.736 | I10: 3.705 | J10: =IF(M10<>"",(H10-I10)/M10,"") -> 0.0155 | K10: =(F10*(273.15+D10)/273.15)/(M10*N10) -> 7.8051323 | L10: MU2 | M10: =VLOOKUP(L10,[1]allgemein!$B$3:$C$13,2,FALSE) -> 2 | N10: 40 | O10: "
C11: " | G11: 1.869 | P11: *
B12: 19F-0009Z | C12: 501546 | D12: 27.1 | E12: 0 | F12: 567 | G12: 1.825 | H12: 3.656 | I12: 3.628 | J12: =IF(M12<>"",(H12-I12)/M12,"") -> 0.014 | K12: =(F12*(273.15+D12)/273.15)/(M12*N12) -> 7.7906713 | L12: MU2 | M12: =VLOOKUP(L12,[1]allgemein!$B$3:$C$13,2,FALSE) -> 2 | N12: 40 | O12: "
C13: " | G13: 1.831 | P13: *
B14: 19F-0010Z | C14: " | D14: 26.7 | E14: 0 | F14: 568 | G14: 1.861 | H14: 3.702 | I14: 3.67 | J14: =IF(M14<>"",(H14-I14)/M14,"") -> 0.016 | K14: =(F14*(273.15+D14)/273.15)/(M14*N14) -> 7.7940143 | L14: MU2 | M14: =VLOOKUP(L14,[1]allgemein!$B$3:$C$13,2,FALSE) -> 2 | N14: 40 | O14: "
C15: " | G15: 1.841 | P15: *
B16: 19F-0011Z-R | C16: 503927 | D16: 26.8 | E16: 0 | F16: 281 | H16: 1.868 | I16: 1.842 | J16: =IF(M16<>"",(H16-I16)/M16,"") -> 0.026 | K16: =(F16*(273.15+D16)/273.15)/(M16*N16) -> 7.714255 | L16: MU1 | M16: =VLOOKUP(L16,[1]allgemein!$B$3:$C$13,2,FALSE) -> 1 | N16: 40 | O16: FA519559 | Q16: Revision: M1-1603-053
B17: 19F-0012Z-R | C17: 512136 | D17: 26.5 | E17: 0 | F17: 279 | H17: 1.901 | I17: 1.887 | J17: =IF(M17<>"",(H17-I17)/M17,"") -> 0.014 | K17: =(F17*(273.15+D17)/273.15)/(M17*N17) -> 7.6516886 | L17: MA_V1 | M17: =VLOOKUP(L17,[1]allgemein!$B$3:$C$13,2,FALSE) -> 1 | N17: 40 | O17: FA519560 | Q17: nur O-seitig TeflonDichtung (Anord. C.S.)/ Vlies DB-10436;Stützring ø92.4
B18: 19F-0013Z-R | C18: " | D18: 26.4 | E18: 0 | F18: 279 | H18: 1.895 | I18: 1.881 | J18: =IF(M18<>"",(H18-I18)/M18,"") -> 0.014 | K18: =(F18*(273.15+D18)/273.15)/(M18*N18) -> 7.6491351 | L18: MA_V1 | M18: =VLOOKUP(L18,[1]allgemein!$B$3:$C$13,2,FALSE) -> 1 | N18: 40 | O18: " | Q18: "
B19: 19F-0014Z-R | C19: " | D19: 26.2 | E19: 0.2 | F19: 274 | H19: 1.921 | I19: 1.908 | J19: =IF(M19<>"",(H19-I19)/M19,"") -> 0.013 | K19: =(F19*(273.15+D19)/273.15)/(M19*N19) -> 7.5070383 | L19: MA_V1 | M19: =VLOOKUP(L19,[1]allgemein!$B$3:$C$13,2,FALSE) -> 1 | N19: 40 | O19: FA510926 | Q19: " | R19: LeckTest i. O./ Abspr. S.B.,C.S. i.O.
B20: 19F-0015Z-R | C20: " | D20: 26.1 | E20: 0 | F20: 280 | H20: 1.912 | I20: 1.897 | J20: =IF(M20<>"",(H20-I20)/M20,"") -> 0.015 | K20: =(F20*(273.15+D20)/273.15)/(M20*N20) -> 7.6688633 | L20: MA_V1 | M20: =VLOOKUP(L20,[1]allgemein!$B$3:$C$13,2,FALSE) -> 1 | N20: 40 | O20: " | Q20: "
B21: 19F-0016Z-R | C21: " | D21: 25.9 | E21: 0 | F21: 280 | H21: 1.904 | I21: 1.89 | J21: =IF(M21<>"",(H21-I21)/M21,"") -> 0.014 | K21: =(F21*(273.15+D21)/273.15)/(M21*N21) -> 7.6637379 | L21: MA_V1 | M21: =VLOOKUP(L21,[1]allgemein!$B$3:$C$13,2,FALSE) -> 1 | N21: 40 | O21: " | Q21: "
B22: 19F-0017Z-R | C22: " | D22: 26.1 | E22: 0 | F22: 280 | H22: 1.898 | I22: 1.883 | J22: =IF(M22<>"",(H22-I22)/M22,"") -> 0.015 | K22: =(F22*(273.15+D22)/273.15)/(M22*N22) -> 7.6688633 | L22: MA_V1 | M22: =VLOOKUP(L22,[1]allgemein!$B$3:$C$13,2,FALSE) -> 1 | N22: 40 | O22: FA516561 | Q22: "
B23: 19F-0018Z-R | C23: " | D23: 27.7 | E23: 0 | F23: 279 | H23: 1.885 | I23: 1.868 | J23: =IF(M23<>"",(H23-I23)/M23,"") -> 0.017 | K23: =(F23*(273.15+D23)/273.15)/(M23*N23) -> 7.6823311 | L23: MA_V1 | M23: =VLOOKUP(L23,[1]allgemein!$B$3:$C$13,2,FALSE) -> 1 | N23: 40 | O23: FA514864 | Q23: "
B24: 19F-0019Z-R | C24: " | D24: 27.6 | E24: 0 | F24: 279 | H24: 1.89 | I24: 1.879 | J24: =IF(M24<>"",(H24-I24)/M24,"") -> 0.011 | K24: =(F24*(273.15+D24)/273.15)/(M24*N24) -> 7.6797776 | L24: MA_V1 | M24: =VLOOKUP(L24,[1]allgemein!$B$3:$C$13,2,FALSE) -> 1 | N24: 40 | O24: " | Q24: "
B25: 19F-0020Z-R | C25: " | D25: 27.5 | E25: 0 | F25: 278 | H25: 1.898 | I25: 1.886 | J25: =IF(M25<>"",(H25-I25)/M25,"") -> 0.012 | K25: =(F25*(273.15+D25)/273.15)/(M25*N25) -> 7.6497071 | L25: MA_V1 | M25: =VLOOKUP(L25,[1]allgemein!$B$3:$C$13,2,FALSE) -> 1 | N25: 40 | O25: FA518660 | Q25: " | R25: Mem. leicht transp. Stellen
B26: 19F-0021Z-R | C26: " | D26: 27.4 | E26: 0 | F26: 279 | H26: 1.895 | I26: 1.883 | J26: =IF(M26<>"",(H26-I26)/M26,"") -> 0.012 | K26: =(F26*(273.15+D26)/273.15)/(M26*N26) -> 7.6746705 | L26: MA_V1 | M26: =VLOOKUP(L26,[1]allgemein!$B$3:$C$13,2,FALSE) -> 1 | N26: 40 | O26: FA519558 | Q26: "
B27: 19F-0022Z-R | C27: " | D27: 27.3 | E27: 0 | F27: 279 | H27: 1.9 | I27: 1.889 | J27: =IF(M27<>"",(H27-I27)/M27,"") -> 0.011 | K27: =(F27*(273.15+D27)/273.15)/(M27*N27) -> 7.672117 | L27: MA_V1 | M27: =VLOOKUP(L27,[1]allgemein!$B$3:$C$13,2,FALSE) -> 1 | N27: 40 | O27: " | Q27: "
B28: 19F-0023Z | C28: " | D28: 25.6 | E28: 0 | F28: 566 | G28: 1.864 | H28: 3.73 | I28: 3.7 | J28: =IF(M28<>"",(H28-I28)/M28,"") -> 0.015 | K28: =(F28*(273.15+D28)/273.15)/(M28*N28) -> 7.7380789 | L28: MU2 | M28: =VLOOKUP(L28,[1]allgemein!$B$3:$C$13,2,FALSE) -> 2 | N28: 40 | O28: FA521383 | Q28: Mem. kleine Kratzer
C29: " | G29: 1.866 | P29: * | Q29: "
B30: 19F-0024Z | C30: " | D30: 25.4 | E30: 0 | F30: 566 | G30: 1.869 | H30: 3.741 | I30: 3.713 | J30: =IF(M30<>"",(H30-I30)/M30,"") -> 0.014 | K30: =(F30*(273.15+D30)/273.15)/(M30*N30) -> 7.7328986 | L30: MU2 | M30: =VLOOKUP(L30,[1]allgemein!$B$3:$C$13,2,FALSE) -> 2 | N30: 40 | O30: " | Q30: Mem. kleine Kratzer, kleine Pt Löcher
C31: " | G31: 1.872 | P31: * | Q31: "
B32: 19F-0025Z | C32: " | D32: 25 | E32: 0 | F32: 854 | G32: 1.818 | H32: 5.502 | I32: 5.458 | J32: =IF(M32<>"",(H32-I32)/M32,"") -> 0.014666667 | K32: =(F32*(273.15+D32)/273.15)/(M32*N32) -> 7.7680182 | L32: MU3 | M32: =VLOOKUP(L32,[1]allgemein!$B$3:$C$13,2,FALSE) -> 3 | N32: 40 | O32: FA521384
C33: " | G33: 1.813
C34: 503927 | G34: 1.871 | P34: *
B35: 19F-0026Z | C35: " | D35: 24.6 | E35: 0 | F35: 854 | G35: 1.881 | H35: 5.633 | I35: 5.594 | J35: =IF(M35<>"",(H35-I35)/M35,"") -> 0.013 | K35: =(F35*(273.15+D35)/273.15)/(M35*N35) -> 7.7575966 | L35: MU3 | M35: =VLOOKUP(L35,[1]allgemein!$B$3:$C$13,2,FALSE) -> 3 | N35: 40 | O35: "
C36: " | G36: 1.875
C37: " | G37: 1.877 | P37: *
B38: 19F-0027Z | C38: " | D38: 25.7 | E38: 0 | F38: 1142 | G38: 1.865 | H38: 7.461 | I38: 7.41 | J38: =IF(M38<>"",(H38-I38)/M38,"") -> 0.01275 | K38: =(F38*(273.15+D38)/273.15)/(M38*N38) -> 7.8090495 | L38: MU4 | M38: =VLOOKUP(L38,[1]allgemein!$B$3:$C$13,2,FALSE) -> 4 | N38: 40 | O38: FA518472 | P38: b
C39: " | G39: 1.866
C40: " | G40: 1.863
C41: " | G41: 1.867
B42: 19F-0028Z-R | C42: " | D42: 25.8 | E42: 0 | F42: 853 | G42: 1.871 | H42: 5.624 | I42: 5.583 | J42: =IF(M42<>"",(H42-I42)/M42,"") -> 0.013666667 | K42: =(F42*(273.15+D42)/273.15)/(M42*N42) -> 7.779741 | L42: MU3 | M42: =VLOOKUP(L42,[1]allgemein!$B$3:$C$13,2,FALSE) -> 3 | N42: 40 | O42: FA515990 | P42: b | Q42: Ersatz:M3-1512-0014
C43: " | G43: 1.877
C44: " | G44: 1.876
B45: 19F-0029Z | C45: 503924 | D45: 26.5 | E45: 0.2 | F45: 169 | H45: 1.889 | I45: 1.873 | J45: =IF(M45<>"",(H45-I45)/M45,"") -> 0.016 | K45: =(F45*(273.15+D45)/273.15)/(M45*N45) -> 7.4158301 | L45: MI_V3 | M45: =VLOOKUP(L45,[1]allgemein!$B$3:$C$13,2,FALSE) -> 1 | N45: 25 | O45: FA519065
B46: " | C46: 503924 | D46: 26.5 | E46: 1.8 | F46: 173 | H46: 1.856 | I46: 1.839 | J46: =IF(M46<>"",(H46-I46)/M46,"") -> 0.017 | K46: =(F46*(273.15+D46)/273.15)/(M46*N46) -> 7.5913527 | L46: MI_V3 | M46: =VLOOKUP(L46,[1]allgemein!$B$3:$C$13,2,FALSE) -> 1 | N46: 25 | Q46: Mem. Getauscht; vor dem Spülen
B47: " | C47: " | D47: 26.4 | E47: 0.1 | F47: 173 | H47: 1.853 | I47: 1.84 | J47: =IF(M47<>"",(H47-I47)/M47,"") -> 0.013 | K47: =(F47*(273.15+D47)/273.15)/(M47*N47) -> 7.5888193 | L47: MI_V3 | M47: =VLOOKUP(L47,[1]allgemein!$B$3:$C$13,2,FALSE) -> 1 | N47: 25
B48: 19F-0030Z | C48: 503924 | D48: 26.6 | E48: 0 | F48: 173 | H48: 1.855 | I48: 1.839 | J48: =IF(M48<>"",(H48-I48)/M48,"") -> 0.016 | K48: =(F48*(273.15+D48)/273.15)/(M48*N48) -> 7.5938861 | L48: MI_V3 | M48: =VLOOKUP(L48,[1]allgemein!$B$3:$C$13,2,FALSE) -> 1 | N48: 25 | O48: "
B49: 19F-0031Z | C49: 503924 | D49: 26.6 | E49: 0.1 | F49: 173 | H49: 1.845 | I49: 1.825 | J49: =IF(M49<>"",(H49-I49)/M49,"") -> 0.02 | K49: =(F49*(273.15+D49)/273.15)/(M49*N49) -> 7.5938861 | L49: MI_V3 | M49: =VLOOKUP(L49,[1]allgemein!$B$3:$C$13,2,FALSE) -> 1 | N49: 25 | O49: "
B50: 19F-0032Z | C50: " | D50: 26.6 | E50: 0 | F50: 173 | H50: 1.844 | I50: 1.826 | J50: =IF(M50<>"",(H50-I50)/M50,"") -> 0.018 | K50: =(F50*(273.15+D50)/273.15)/(M50*N50) -> 7.5938861 | L50: MI_V3 | M50: =VLOOKUP(L50,[1]allgemein!$B$3:$C$13,2,FALSE) -> 1 | N50: 25 | O50: "
B51: 19F-0033Z | C51: " | D51: 26.6 | E51: 0 | F51: 173 | H51: 1.839 | I51: 1.818 | J51: =IF(M51<>"",(H51-I51)/M51,"") -> 0.021 | K51: =(F51*(273.15+D51)/273.15)/(M51*N51) -> 7.5938861 | L51: MI_V3 | M51: =VLOOKUP(L51,[1]allgemein!$B$3:$C$13,2,FALSE) -> 1 | N51: 25 | O51: "
B52: 19F-0034Z | C52: " | D52: 26.5 | E52: 0 | F52: 173 | H52: 1.848 | I52: 1.829 | J52: =IF(M52<>"",(H52-I52)/M52,"") -> 0.019 | K52: =(F52*(273.15+D52)/273.15)/(M52*N52) -> 7.5913527 | L52: MI_V3 | M52: =VLOOKUP(L52,[1]allgemein!$B$3:$C$13,2,FALSE) -> 1 | N52: 25 | O52: "
B53: 19F-0035Z | C53: " | D53: 26.5 | E53: 0.1 | F53: 173 | H53: 1.836 | I53: 1.818 | J53: =IF(M53<>"",(H53-I53)/M53,"") -> 0.018 | K53: =(F53*(273.15+D53)/273.15)/(M53*N53) -> 7.5913527 | L53: MI_V3 | M53: =VLOOKUP(L53,[1]allgemein!$B$3:$C$13,2,FALSE) -> 1 | N53: 25 | O53: "
B54: 19F-0036Z | C54: " | D54: 26.5 | E54: 0 | F54: 173 | H54: 1.839 | I54: 1.82 | J54: =IF(M54<>"",(H54-I54)/M54,"") -> 0.019 | K54: =(F54*(273.15+D54)/273.15)/(M54*N54) -> 7.5913527 | L54: MI_V3 | M54: =VLOOKUP(L54,[1]allgemein!$B$3:$C$13,2,FALSE) -> 1 | N54: 25 | O54: "
B55: 19F-0037Z | C55: " | D55: 26.5 | E55: 0 | F55: 173 | H55: 1.839 | I55: 1.822 | J55: =IF(M55<>"",(H55-I55)/M55,"") -> 0.017 | K55: =(F55*(273.15+D55)/273.15)/(M55*N55) -> 7.5913527 | L55: MI_V3 | M55: =VLOOKUP(L55,[1]allgemein!$B$3:$C$13,2,FALSE) -> 1 | N55: 25 | O55: "
B56: 19F-0038Z | C56: " | D56: 25.9 | E56: 0.2 | F56: 854 | G56: 1.854 | H56: 5.554 | I56: 5.51 | J56: =IF(M56<>"",(H56-I56)/M56,"") -> 0.014666667 | K56: =(F56*(273.15+D56)/273.15)/(M56*N56) -> 7.7914668 | L56: MU3 | M56: =VLOOKUP(L56,[1]allgemein!$B$3:$C$13,2,FALSE) -> 3 | N56: 40 | O56: FA521845
C57: " | G57: 1.848
C58: " | G58: 1.852 | P58: b
B59: 19F-0039Z | C59: " | D59: 25.6 | E59: 0.1 | F59: 854 | G59: 1.859 | H59: 5.568 | I59: 5.522 | J59: =IF(M59<>"",(H59-I59)/M59,"") -> 0.015333333 | K59: =(F59*(273.15+D59)/273.15)/(M59*N59) -> 7.7836506 | L59: MU3 | M59: =VLOOKUP(L59,[1]allgemein!$B$3:$C$13,2,FALSE) -> 3 | N59: 40 | O59: "
C60: " | G60: 1.852 | Q60: Mem. kleine Pt.Löcher
C61: " | G61: 1.857 | P61: b | Q61: Mem. kleine Pt.Löcher
B62: 19F-0040Z | C62: " | D62: 27.3 | E62: 0 | F62: 564 | G62: 1.859 | H62: 3.718 | I62: 3.695 | J62: =IF(M62<>"",(H62-I62)/M62,"") -> 0.0115 | K62: =(F62*(273.15+D62)/273.15)/(M62*N62) -> 7.7546129 | L62: MU2 | M62: =VLOOKUP(L62,[1]allgemein!$B$3:$C$13,2,FALSE) -> 2 | N62: 40 | O62: FA518471 | Q62: "
C63: 512136 | G63: 1.859 | P63: *
B64: 19F-0041Z | C64: " | D64: 27.2 | E64: 0 | F64: 565 | G64: 1.807 | H64: 3.667 | I64: 3.645 | J64: =IF(M64<>"",(H64-I64)/M64,"") -> 0.011 | K64: =(F64*(273.15+D64)/273.15)/(M64*N64) -> 7.7657766 | L64: MU2 | M64: =VLOOKUP(L64,[1]allgemein!$B$3:$C$13,2,FALSE) -> 2 | N64: 40 | O64: " | Q64: aus MAXI, teilweise schon gespült.
C65: " | G65: 1.86 | P65: * | Q65: "
B66: 19F-0042Z | C66: " | D66: 26.8 | E66: 0 | F66: 564 | G66: 1.859 | H66: 3.706 | I66: 3.685 | J66: =IF(M66<>"",(H66-I66)/M66,"") -> 0.0105 | K66: =(F66*(273.15+D66)/273.15)/(M66*N66) -> 7.7417079 | L66: MU2 | M66: =VLOOKUP(L66,[1]allgemein!$B$3:$C$13,2,FALSE) -> 2 | N66: 40 | O66: " | Q66: "
C67: " | G67: 1.847 | P67: * | Q67: "
B68: 19F-0043Z | C68: " | D68: 26.4 | E68: 0 | F68: 565 | G68: 1.859 | H68: 3.668 | I68: 3.644 | J68: =IF(M68<>"",(H68-I68)/M68,"") -> 0.012 | K68: =(F68*(273.15+D68)/273.15)/(M68*N68) -> 7.745092 | L68: MU2 | M68: =VLOOKUP(L68,[1]allgemein!$B$3:$C$13,2,FALSE) -> 2 | N68: 40 | O68: " | Q68: "
C69: " | G69: 1.809 | P69: * | Q69: "
B70: 19F-0044Z | C70: " | D70: 26.1 | E70: 0 | F70: 565 | G70: 1.807 | H70: 3.665 | I70: 3.641 | J70: =IF(M70<>"",(H70-I70)/M70,"") -> 0.012 | K70: =(F70*(273.15+D70)/273.15)/(M70*N70) -> 7.7373353 | L70: MU2 | M70: =VLOOKUP(L70,[1]allgemein!$B$3:$C$13,2,FALSE) -> 2 | N70: 40 | O70: " | Q70: "
C71: " | G71: 1.858 | P71: *
B72: 19F-0045Z | C72: 503924 | D72: 26.2 | E72: 0 | F72: 173 | H72: 1.849 | I72: 1.836 | J72: =IF(M72<>"",(H72-I72)/M72,"") -> 0.013 | K72: =(F72*(273.15+D72)/273.15)/(M72*N72) -> 7.5837525 | L72: MI_V3 | M72: =VLOOKUP(L72,[1]allgemein!$B$3:$C$13,2,FALSE) -> 1 | N72: 25 | O72: FA519065 | T72: th
B73: 19F-0046Z | C73: " | D73: 26.1 | E73: 0 | F73: 173 | H73: 1.852 | I73: 1.837 | J73: =IF(M73<>"",(H73-I73)/M73,"") -> 0.015 | K73: =(F73*(273.15+D73)/273.15)/(M73*N73) -> 7.5812191 | L73: MI_V3 | M73: =VLOOKUP(L73,[1]allgemein!$B$3:$C$13,2,FALSE) -> 1 | N73: 25 | O73: " | T73: th
B74: 19F-0047Z | C74: " | D74: 25.9 | E74: 0 | F74: 173 | H74: 1.848 | I74: 1.832 | J74: =IF(M74<>"",(H74-I74)/M74,"") -> 0.016 | K74: =(F74*(273.15+D74)/273.15)/(M74*N74) -> 7.5761523 | L74: MI_V3 | M74: =VLOOKUP(L74,[1]allgemein!$B$3:$C$13,2,FALSE) -> 1 | N74: 25 | O74: " | T74: th
B75: 19F-0048Z | C75: " | D75: 25.8 | E75: 0 | F75: 173 | H75: 1.849 | I75: 1.834 | J75: =IF(M75<>"",(H75-I75)/M75,"") -> 0.015 | K75: =(F75*(273.15+D75)/273.15)/(M75*N75) -> 7.5736189 | L75: MI_V3 | M75: =VLOOKUP(L75,[1]allgemein!$B$3:$C$13,2,FALSE) -> 1 | N75: 25 | O75: " | T75: th
B76: 19F-0049Z | C76: " | D76: 25.7 | E76: 0 | F76: 173 | H76: 1.854 | I76: 1.84 | J76: =IF(M76<>"",(H76-I76)/M76,"") -> 0.014 | K76: =(F76*(273.15+D76)/273.15)/(M76*N76) -> 7.5710855 | L76: MI_V3 | M76: =VLOOKUP(L76,[1]allgemein!$B$3:$C$13,2,FALSE) -> 1 | N76: 25 | O76: " | T76: th
B77: 19F-0050Z | C77: " | D77: 24.8 | E77: 0 | F77: 173 | H77: 1.845 | I77: 1.834 | J77: =IF(M77<>"",(H77-I77)/M77,"") -> 0.011 | K77: =(F77*(273.15+D77)/273.15)/(M77*N77) -> 7.5482848 | L77: MI_V3 | M77: =VLOOKUP(L77,[1]allgemein!$B$3:$C$13,2,FALSE) -> 1 | N77: 25 | O77: " | T77: th
B78: 19F-0051Z | C78: " | D78: 24.9 | E78: 0 | F78: 173 | H78: 1.84 | I78: 1.826 | J78: =IF(M78<>"",(H78-I78)/M78,"") -> 0.014 | K78: =(F78*(273.15+D78)/273.15)/(M78*N78) -> 7.5508182 | L78: MI_V3 | M78: =VLOOKUP(L78,[1]allgemein!$B$3:$C$13,2,FALSE) -> 1 | N78: 25 | O78: " | T78: th
B79: 19F-0052Z | C79: " | D79: 24.9 | E79: 0 | F79: 173 | H79: 1.841 | I79: 1.825 | J79: =IF(M79<>"",(H79-I79)/M79,"") -> 0.016 | K79: =(F79*(273.15+D79)/273.15)/(M79*N79) -> 7.5508182 | L79: MI_V3 | M79: =VLOOKUP(L79,[1]allgemein!$B$3:$C$13,2,FALSE) -> 1 | N79: 25 | O79: " | T79: th
B80: 19F-0053Z | C80: " | D80: 25.1 | E80: 0 | F80: 173 | H80: 1.863 | I80: 1.848 | J80: =IF(M80<>"",(H80-I80)/M80,"") -> 0.015 | K80: =(F80*(273.15+D80)/273.15)/(M80*N80) -> 7.555885 | L80: MI_V3 | M80: =VLOOKUP(L80,[1]allgemein!$B$3:$C$13,2,FALSE) -> 1 | N80: 25 | O80: " | T80: th
B82: 19F-0054Z | C82: " | D82: 26.8 | E82: 0.1 | F82: 173 | H82: 1.846 | I82: 1.829 | J82: =IF(M82<>"",(H82-I82)/M82,"") -> 0.017 | K82: =(F82*(273.15+D82)/273.15)/(M82*N82) -> 7.598953 | L82: MI_V3 | M82: =VLOOKUP(L82,[1]allgemein!$B$3:$C$13,2,FALSE) -> 1 | N82: 25 | O82: FA522705 | R82: TH | S82: neue Spülanlage
B83: 19F-0055Z | C83: " | D83: 26.6 | E83: 0.2 | F83: 173 | H83: 1.843 | I83: 1.828 | J83: =IF(M83<>"",(H83-I83)/M83,"") -> 0.015 | K83: =(F83*(273.15+D83)/273.15)/(M83*N83) -> 7.5938861 | L83: MI_V3 | M83: =VLOOKUP(L83,[1]allgemein!$B$3:$C$13,2,FALSE) -> 1 | N83: 25 | O83: " | R83: TH
B84: 19F-0056Z | C84: 503925 | D84: 26.6 | E84: 0 | F84: 173 | H84: 1.848 | I84: 1.834 | J84: =IF(M84<>"",(H84-I84)/M84,"") -> 0.014 | K84: =(F84*(273.15+D84)/273.15)/(M84*N84) -> 7.5938861 | L84: MI_V3 | M84: =VLOOKUP(L84,[1]allgemein!$B$3:$C$13,2,FALSE) -> 1 | N84: 25 | O84: " | R84: TH
B85: 19F-0057Z | C85: " | D85: 26.4 | E85: 0 | F85: 172 | H85: 1.842 | I85: 1.83 | J85: =IF(M85<>"",(H85-I85)/M85,"") -> 0.012 | K85: =(F85*(273.15+D85)/273.15)/(M85*N85) -> 7.5449533 | L85: MI_V3 | M85: =VLOOKUP(L85,[1]allgemein!$B$3:$C$13,2,FALSE) -> 1 | N85: 25 | O85: " | R85: TH
B86: 19F-0058Z | C86: " | D86: 28 | E86: 0.4 | F86: 173 | H86: 1.83 | I86: 1.815 | J86: =IF(M86<>"",(H86-I86)/M86,"") -> 0.015 | K86: =(F86*(273.15+D86)/273.15)/(M86*N86) -> 7.6293538 | L86: MI_V3 | M86: =VLOOKUP(L86,[1]allgemein!$B$3:$C$13,2,FALSE) -> 1 | N86: 25 | O86: " | R86: TH
B87: 19F-0059Z | C87: " | D87: 28 | E87: 0.4 | F87: 173 | H87: 1.839 | I87: 1.827 | J87: =IF(M87<>"",(H87-I87)/M87,"") -> 0.012 | K87: =(F87*(273.15+D87)/273.15)/(M87*N87) -> 7.6293538 | L87: MI_V3 | M87: =VLOOKUP(L87,[1]allgemein!$B$3:$C$13,2,FALSE) -> 1 | N87: 25 | O87: " | R87: TH
B88: 19F-0060Z | C88: " | D88: 28 | E88: 0.5 | F88: 173 | H88: 1.845 | I88: 1.828 | J88: =IF(M88<>"",(H88-I88)/M88,"") -> 0.017 | K88: =(F88*(273.15+D88)/273.15)/(M88*N88) -> 7.6293538 | L88: MI_V3 | M88: =VLOOKUP(L88,[1]allgemein!$B$3:$C$13,2,FALSE) -> 1 | N88: 25 | O88: " | R88: TH
B89: 19F-0061Z | C89: " | D89: 27.9 | E89: 1.3 | F89: 171 | H89: 1.888 | I89: 1.87 | J89: =IF(M89<>"",(H89-I89)/M89,"") -> 0.018 | K89: =(F89*(273.15+D89)/273.15)/(M89*N89) -> 7.5386491 | L89: MI_V3 | M89: =VLOOKUP(L89,[1]allgemein!$B$3:$C$13,2,FALSE) -> 1 | N89: 25 | O89: " | Q89: nach 30 min. TH | R89: TH
B90: " | C90: " | D90: 25.8 | E90: 0.2 | F90: 172 | H90: 1.847 | I90: 1.815 | J90: =IF(M90<>"",(H90-I90)/M90,"") -> 0.032 | K90: =(F90*(273.15+D90)/273.15)/(M90*N90) -> 7.5298407 | L90: MI_V3 | M90: =VLOOKUP(L90,[1]allgemein!$B$3:$C$13,2,FALSE) -> 1 | N90: 25 | Q90: Mem. gewechselt | R90: TH
B91: 19F-0062Z | C91: " | D91: 27.8 | E91: 0.1 | F91: 173 | H91: 1.835 | I91: 1.818 | J91: =IF(M91<>"",(H91-I91)/M91,"") -> 0.017 | K91: =(F91*(273.15+D91)/273.15)/(M91*N91) -> 7.624287 | L91: MI_V3 | M91: =VLOOKUP(L91,[1]allgemein!$B$3:$C$13,2,FALSE) -> 1 | N91: 25 | O91: " | R91: TH
B92: 19F-0063Z | C92: " | D92: 27.8 | E92: 0.1 | F92: 173 | H92: 1.827 | I92: 1.81 | J92: =IF(M92<>"",(H92-I92)/M92,"") -> 0.017 | K92: =(F92*(273.15+D92)/273.15)/(M92*N92) -> 7.624287 | L92: MI_V3 | M92: =VLOOKUP(L92,[1]allgemein!$B$3:$C$13,2,FALSE) -> 1 | N92: 25 | O92: " | R92: TH
B93: 19F-0064Z-R | C93: 512136 | D93: 28.4 | E93: 0 | F93: 279 | H93: 1.882 | I93: 1.867 | J93: =IF(M93<>"",(H93-I93)/M93,"") -> 0.015 | K93: =(F93*(273.15+D93)/273.15)/(M93*N93) -> 7.7002059 | L93: MA_V1 | M93: =VLOOKUP(L93,[1]allgemein!$B$3:$C$13,2,FALSE) -> 1 | N93: 40 | O93: FA519558 | Q93: nur O-seitig TeflonDichtung (Anord. C.S.)/ Vlies DB-10436;Stützring ø92.4
B94: 19F-0065Z-R | C94: " | D94: 28.3 | E94: 0 | F94: 279 | H94: 1.876 | I94: 1.86 | J94: =IF(M94<>"",(H94-I94)/M94,"") -> 0.016 | K94: =(F94*(273.15+D94)/273.15)/(M94*N94) -> 7.6976524 | L94: MA_V1 | M94: =VLOOKUP(L94,[1]allgemein!$B$3:$C$13,2,FALSE) -> 1 | N94: 40 | O94: FA518027 | Q94: "
B95: 19F-0066Z-R | C95: " | D95: 28.2 | E95: 0 | F95: 279 | H95: 1.889 | I95: 1.876 | J95: =IF(M95<>"",(H95-I95)/M95,"") -> 0.013 | K95: =(F95*(273.15+D95)/273.15)/(M95*N95) -> 7.6950988 | L95: MA_V1 | M95: =VLOOKUP(L95,[1]allgemein!$B$3:$C$13,2,FALSE) -> 1 | N95: 40 | O95: " | Q95: "
B96: 19F-0067Z-R | C96: " | D96: 28.1 | E96: 0 | F96: 279 | H96: 1.883 | I96: 1.869 | J96: =IF(M96<>"",(H96-I96)/M96,"") -> 0.014 | K96: =(F96*(273.15+D96)/273.15)/(M96*N96) -> 7.6925453 | L96: MA_V1 | M96: =VLOOKUP(L96,[1]allgemein!$B$3:$C$13,2,FALSE) -> 1 | N96: 40 | O96: " | Q96: "
B97: 19F-0068Z-R | C97: " | D97: 28 | E97: 0 | F97: 279 | H97: 1.894 | I97: 1.881 | J97: =IF(M97<>"",(H97-I97)/M97,"") -> 0.013 | K97: =(F97*(273.15+D97)/273.15)/(M97*N97) -> 7.6899918 | L97: MA_V1 | M97: =VLOOKUP(L97,[1]allgemein!$B$3:$C$13,2,FALSE) -> 1 | N97: 40 | O97: " | Q97: "
B98: 19F-0069Z-R | C98: " | D98: 27.7 | E98: 0 | F98: 280 | H98: 1.893 | I98: 1.881 | J98: =IF(M98<>"",(H98-I98)/M98,"") -> 0.012 | K98: =(F98*(273.15+D98)/273.15)/(M98*N98) -> 7.7098664 | L98: MA_V1 | M98: =VLOOKUP(L98,[1]allgemein!$B$3:$C$13,2,FALSE) -> 1 | N98: 40 | O98: FA516561 | Q98: "
B99: 19F-0070Z-R | C99: 512136 | D99: 28.4 | E99: 2.5 | F99: 278 | H99: 1.901 | I99: 1.888 | J99: =IF(M99<>"",(H99-I99)/M99,"") -> 0.013 | K99: =(F99*(273.15+D99)/273.15)/(M99*N99) -> 7.6726066 | L99: MA_V1 | M99: =VLOOKUP(L99,[1]allgemein!$B$3:$C$13,2,FALSE) -> 1 | N99: 40 | O99: " | Q99: "
B100: 19F-0071Z-R | C100: " | D100: 28.4 | E100: 3.1 | F100: 278 | H100: 1.893 | I100: 1.879 | J100: =IF(M100<>"",(H100-I100)/M100,"") -> 0.014 | K100: =(F100*(273.15+D100)/273.15)/(M100*N100) -> 7.6726066 | L100: MA_V1 | M100: =VLOOKUP(L100,[1]allgemein!$B$3:$C$13,2,FALSE) -> 1 | N100: 40 | O100: " | Q100: "
B101: 19F-0072Z-R | C101: " | D101: 27.2 | E101: 2.9 | F101: 277 | H101: 1.897 | I101: 1.884 | J101: =IF(M101<>"",(H101-I101)/M101,"") -> 0.013 | K101: =(F101*(273.15+D101)/273.15)/(M101*N101) -> 7.6145845 | L101: MA_V1 | M101: =VLOOKUP(L101,[1]allgemein!$B$3:$C$13,2,FALSE) -> 1 | N101: 40 | O101: FA524602 | Q101: " | R101: Mem. Kratzer
...

Sheet Jul
B1: Cell # | C1: Membran Batch FA | D1: Temp Gas / [°C] | E1: Temp Kat T1-T2 / [°C] | F1: Gasfluss / [mln / min] | G1: Membrane V @ 13 bar/[V] | H1: Cell V @ 13 bar/[V] | I1: Cell V @ 0 bar [V] | J1: Voltage Diff. / [V] | K1: H2 Prod / [nmL/A] | L1: Typ | M1: Anz. Layer | N1: Strom / [A] | O1: FA # | Q1: Bemerkungen | R1: Bemerkungen | T1: Visum | U1: Jahr: | V1: 2019
B2: 19G-0001Z | C2: 503925 | D2: 25.3 | E2: 0 | F2: 172 | H2: 1.846 | I2: 1.831 | J2: =IF(M2<>"",(H2-I2)/M2,"") -> 0.015 | K2: =(F2*(273.15+D2)/273.15)/(M2*N2) -> 7.5172469 | L2: MI_V3 | M2: =VLOOKUP(L2,[1]allgemein!$B$3:$C$13,2,FALSE) -> 1 | N2: 25 | O2: FA521319 | Q2: ok laut CS | T2: TH
B3: 19G-0002Z | C3: 503925 | D3: 25 | E3: 0.6 | F3: 172 | H3: 1.863 | I3: 1.84 | J3: =IF(M3<>"",(H3-I3)/M3,"") -> 0.023 | K3: =(F3*(273.15+D3)/273.15)/(M3*N3) -> 7.5096906 | L3: MI_V3 | M3: =VLOOKUP(L3,[1]allgemein!$B$3:$C$13,2,FALSE) -> 1 | N3: 25 | O3: " | Q3: ok laut CS | T3: TH
B4: 19G-0003Z | C4: 503925 | D4: 24.9 | E4: 0.6 | F4: 172 | H4: 1.852 | I4: 1.839 | J4: =IF(M4<>"",(H4-I4)/M4,"") -> 0.013 | K4: =(F4*(273.15+D4)/273.15)/(M4*N4) -> 7.5071719 | L4: MI_V3 | M4: =VLOOKUP(L4,[1]allgemein!$B$3:$C$13,2,FALSE) -> 1 | N4: 25 | O4: " | Q4: ok laut CS | T4: TH
B5: 19G-0004Z | C5: 503925 | D5: 24.9 | E5: 0 | F5: 172 | H5: 1.846 | I5: 1.836 | J5: =IF(M5<>"",(H5-I5)/M5,"") -> 0.01 | K5: =(F5*(273.15+D5)/273.15)/(M5*N5) -> 7.5071719 | L5: MI_V3 | M5: =VLOOKUP(L5,[1]allgemein!$B$3:$C$13,2,FALSE) -> 1 | N5: 25 | O5: " | Q5: ok laut CS | T5: TH
B6: 19G-0005Z | C6: 503925 | D6: 24.8 | E6: 0 | F6: 173 | H6: 1.849 | I6: 1.837 | J6: =IF(M6<>"",(H6-I6)/M6,"") -> 0.012 | K6: =(F6*(273.15+D6)/273.15)/(M6*N6) -> 7.5482848 | L6: MI_V3 | M6: =VLOOKUP(L6,[1]allgemein!$B$3:$C$13,2,FALSE) -> 1 | N6: 25 | O6: " | Q6: ok laut CS | T6: TH
B7: 19G-0006Z | C7: 503925 | D7: 24.8 | E7: 0.1 | F7: 173 | H7: 1.87 | I7: 1.853 | J7: =IF(M7<>"",(H7-I7)/M7,"") -> 0.017 | K7: =(F7*(273.15+D7)/273.15)/(M7*N7) -> 7.5482848 | L7: MI_V3 | M7: =VLOOKUP(L7,[1]allgemein!$B$3:$C$13,2,FALSE) -> 1 | N7: 25 | O7: " | Q7: ok laut CS | T7: TH
B8: 19G-0007Z | C8: 503925 | D8: 24.8 | E8: 0 | F8: 172 | H8: 1.87 | I8: 1.861 | J8: =IF(M8<>"",(H8-I8)/M8,"") -> 0.009 | K8: =(F8*(273.15+D8)/273.15)/(M8*N8) -> 7.5046531 | L8: MI_V3 | M8: =VLOOKUP(L8,[1]allgemein!$B$3:$C$13,2,FALSE) -> 1 | N8: 25 | O8: " | Q8: ok laut CS | T8: TH
B9: 19G-0008Z | C9: 503925 | D9: 24.9 | E9: 0.3 | F9: 172 | H9: 1.874 | I9: 1.859 | J9: =IF(M9<>"",(H9-I9)/M9,"") -> 0.015 | K9: =(F9*(273.15+D9)/273.15)/(M9*N9) -> 7.5071719 | L9: MI_V3 | M9: =VLOOKUP(L9,[1]allgemein!$B$3:$C$13,2,FALSE) -> 1 | N9: 25 | O9: " | Q9: ok laut CS | T9: TH
B10: 19G-0009Z | C10: 503925 | D10: 25.1 | E10: 0 | F10: 172 | H10: 1.867 | I10: 1.853 | J10: =IF(M10<>"",(H10-I10)/M10,"") -> 0.014 | K10: =(F10*(273.15+D10)/273.15)/(M10*N10) -> 7.5122094 | L10: MI_V3 | M10: =VLOOKUP(L10,[1]allgemein!$B$3:$C$13,2,FALSE) -> 1 | N10: 25 | O10: " | Q10: ok laut CS | T10: TH
B11: 19G-0010Z | C11: 512136 | D11: 27.7 | E11: 6.9 | F11: 565 | G11: 1.87 | H11: 3.731 | I11: 3.701 | J11: =IF(M11<>"",(H11-I11)/M11,"") -> 0.015 | K11: =(F11*(273.15+D11)/273.15)/(M11*N11) -> 7.7787045 | L11: MU2 | M11: =VLOOKUP(L11,[1]allgemein!$B$3:$C$13,2,FALSE) -> 2 | N11: 40 | O11: FA521320 | R11: neue Spülanlage | T11: HBR
C12: " | G12: 1.861 | P12: * | T12: HBR
B13: 19G-0011Z | C13: " | D13: 27.7 | E13: 6.3 | F13: 565 | G13: 1.864 | H13: 3.717 | I13: 3.688 | J13: =IF(M13<>"",(H13-I13)/M13,"") -> 0.0145 | K13: =(F13*(273.15+D13)/273.15)/(M13*N13) -> 7.7787045 | L13: MU2 | M13: =VLOOKUP(L13,[1]allgemein!$B$3:$C$13,2,FALSE) -> 2 | N13: 40 | O13: " | T13: HBR
C14: " | G14: 1.853 | P14: * | T14: HBR
B15: 19G-0012Z | C15: 514283 | D15: 27.7 | E15: 6.1 | F15: 564 | G15: 1.865 | H15: 3.731 | I15: 3.706 | J15: =IF(M15<>"",(H15-I15)/M15,"") -> 0.0125 | K15: =(F15*(273.15+D15)/273.15)/(M15*N15) -> 7.7649368 | L15: MU2 | M15: =VLOOKUP(L15,[1]allgemein!$B$3:$C$13,2,FALSE) -> 2 | N15: 40 | O15: " | T15: HBR
C16: " | G16: 1.866 | P16: * | Q16: Mem. leicht transp. | T16: HBR
B17: 19G-0013Z | C17: " | D17: 27.4 | E17: 7.1 | F17: 564 | G17: 1.863 | H17: 3.723 | I17: 3.697 | J17: =IF(M17<>"",(H17-I17)/M17,"") -> 0.013 | K17: =(F17*(273.15+D17)/273.15)/(M17*N17) -> 7.7571938 | L17: MU2 | M17: =VLOOKUP(L17,[1]allgemein!$B$3:$C$13,2,FALSE) -> 2 | N17: 40 | O17: " | T17: HBR
C18: " | G18: 1.86 | P18: * | Q18: Mem. leicht transp. | T18: HBR
B19: 19G-0014Z | C19: " | D19: 27.3 | E19: 6.5 | F19: 565 | G19: 1.853 | H19: 3.717 | I19: 3.692 | J19: =IF(M19<>"",(H19-I19)/M19,"") -> 0.0125 | K19: =(F19*(273.15+D19)/273.15)/(M19*N19) -> 7.7683622 | L19: MU2 | M19: =VLOOKUP(L19,[1]allgemein!$B$3:$C$13,2,FALSE) -> 2 | N19: 40 | O19: " | T19: HBR
C20: " | G20: 1.864 | P20: * | Q20: Mem. leicht transp. | T20: HBR
B21: 19G-0015Z | C21: " | D21: 27.2 | E21: 4.7 | F21: 564 | G21: 1.876 | H21: 3.75 | I21: 3.714 | J21: =IF(M21<>"",(H21-I21)/M21,"") -> 0.018 | K21: =(F21*(273.15+D21)/273.15)/(M21*N21) -> 7.7520319 | L21: MU2 | M21: =VLOOKUP(L21,[1]allgemein!$B$3:$C$13,2,FALSE) -> 2 | N21: 40 | O21: " | T21: HBR
C22: " | G22: 1.874 | P22: * | T22: HBR
B23: 19G-0016Z | C23: " | D23: 27.9 | E23: 0.3 | F23: 853 | G23: 1.854 | H23: 5.554 | I23: 5.51 | J23: =IF(M23<>"",(H23-I23)/M23,"") -> 0.014666667 | K23: =(F23*(273.15+D23)/273.15)/(M23*N23) -> 7.8343904 | L23: MU3 | M23: =VLOOKUP(L23,[1]allgemein!$B$3:$C$13,2,FALSE) -> 3 | N23: 40 | O23: FA519066 | T23: HBR
C24: " | G24: 1.852 | Q24: Mem. kl Ptloch | T24: HBR
C25: " | G25: 1.848 | P25: * | Q25: Mem. leicht transp. | T25: HBR
B26: 19G-0017Z | C26: 514283 | D26: 27.7 | E26: 0.8 | F26: 853 | G26: 1.853 | H26: 5.569 | I26: 5.528 | J26: =IF(M26<>"",(H26-I26)/M26,"") -> 0.013666667 | K26: =(F26*(273.15+D26)/273.15)/(M26*N26) -> 7.8291857 | L26: MU3 | M26: =VLOOKUP(L26,[1]allgemein!$B$3:$C$13,2,FALSE) -> 3 | N26: 40 | O26: " | T26: HBR
C27: " | G27: 1.855 | T27: HBR
C28: " | G28: 1.861 | P28: * | Q28: Mem. kl Ptloch | T28: HBR
B29: 19G-0018Z | C29: " | D29: 28.7 | E29: 0 | F29: 854 | G29: 1.865 | H29: 5.588 | I29: 5.546 | J29: =IF(M29<>"",(H29-I29)/M29,"") -> 0.014 | K29: =(F29*(273.15+D29)/273.15)/(M29*N29) -> 7.8644182 | L29: MU3 | M29: =VLOOKUP(L29,[1]allgemein!$B$3:$C$13,2,FALSE) -> 3 | N29: 40 | O29: " | T29: HBR
C30: " | G30: 1.863 | T30: HBR
C31: " | G31: 1.86 | P31: * | Q31: Mem. leicht transp. | T31: HBR
B32: 19G-0019Z | C32: " | D32: 28.4 | E32: 0.1 | F32: 854 | G32: 1.861 | H32: 5.576 | I32: 5.533 | J32: =IF(M32<>"",(H32-I32)/M32,"") -> 0.014333333 | K32: =(F32*(273.15+D32)/273.15)/(M32*N32) -> 7.856602 | L32: MU3 | M32: =VLOOKUP(L32,[1]allgemein!$B$3:$C$13,2,FALSE) -> 3 | N32: 40 | O32: " | T32: HBR
C33: " | G33: 1.859 | Q33: Mem. leicht transp. | T33: HBR
C34: " | G34: 1.856 | P34: * | Q34: " | T34: HBR
B35: 19G-0020Z | C35: " | D35: 28.3 | E35: 0.2 | F35: 853 | G35: 1.869 | H35: 5.605 | I35: 5.561 | J35: =IF(M35<>"",(H35-I35)/M35,"") -> 0.014666667 | K35: =(F35*(273.15+D35)/273.15)/(M35*N35) -> 7.8447999 | L35: MU3 | M35: =VLOOKUP(L35,[1]allgemein!$B$3:$C$13,2,FALSE) -> 3 | N35: 40 | O35: " | Q35: " | T35: HBR
C36: " | G36: 1.868 | Q36: " | T36: HBR
C37: " | G37: 1.868 | P37: * | Q37: " | T37: HBR
B38: 19G-0021Z-R | C38: 514283 | D38: 28.2 | E38: 0.2 | F38: 279 | H38: 1.885 | I38: 1.8713 | J38: =IF(M38<>"",(H38-I38)/M38,"") -> 0.0137 | K38: =(F38*(273.15+D38)/273.15)/(M38*N38) -> 7.6950988 | L38: MA_V1 | M38: =VLOOKUP(L38,[1]allgemein!$B$3:$C$13,2,FALSE) -> 1 | N38: 40 | O38: FA523183 | Q38: " | T38: HBR
B39: 19G-0022Z-R | C39: " | D39: 28.1 | E39: 0.1 | F39: 278 | H39: 1.888 | I39: 1.872 | J39: =IF(M39<>"",(H39-I39)/M39,"") -> 0.016 | K39: =(F39*(273.15+D39)/273.15)/(M39*N39) -> 7.6649735 | L39: MA_V1 | M39: =VLOOKUP(L39,[1]allgemein!$B$3:$C$13,2,FALSE) -> 1 | N39: 40 | O39: " | Q39: Mem. kl Ptloch | T39: HBR
B40: 19G-0023Z-R | C40: " | D40: 28.1 | E40: 0.1 | F40: 278 | H40: 1.876 | I40: 1.862 | J40: =IF(M40<>"",(H40-I40)/M40,"") -> 0.014 | K40: =(F40*(273.15+D40)/273.15)/(M40*N40) -> 7.6649735 | L40: MA_V1 | M40: =VLOOKUP(L40,[1]allgemein!$B$3:$C$13,2,FALSE) -> 1 | N40: 40 | O40: FA516561 | Q40: " | T40: HBR
B41: 19G-0024Z-R | C41: 514283 | D41: 28 | E41: 0.1 | F41: 278 | H41: 1.872 | I41: 1.859 | J41: =IF(M41<>"",(H41-I41)/M41,"") -> 0.013 | K41: =(F41*(273.15+D41)/273.15)/(M41*N41) -> 7.6624291 | L41: MA_V1 | M41: =VLOOKUP(L41,[1]allgemein!$B$3:$C$13,2,FALSE) -> 1 | N41: 40 | O41: " | Q41: Mem. leicht transp. | T41: HBR
B42: 19G-0025Z-R | C42: " | D42: 27.8 | E42: 0.1 | F42: 278 | H42: 1.864 | I42: 1.849 | J42: =IF(M42<>"",(H42-I42)/M42,"") -> 0.015 | K42: =(F42*(273.15+D42)/273.15)/(M42*N42) -> 7.6573403 | L42: MA_V1 | M42: =VLOOKUP(L42,[1]allgemein!$B$3:$C$13,2,FALSE) -> 1 | N42: 40 | O42: FA522682 | T42: HBR
B43: 19G-0026Z-R | C43: " | D43: 27.7 | E43: 0.2 | F43: 278 | H43: 1.877 | I43: 1.864 | J43: =IF(M43<>"",(H43-I43)/M43,"") -> 0.013 | K43: =(F43*(273.15+D43)/273.15)/(M43*N43) -> 7.6547959 | L43: MA_V1 | M43: =VLOOKUP(L43,[1]allgemein!$B$3:$C$13,2,FALSE) -> 1 | N43: 40 | O43: " | Q43: Mem. kl Ptloch | T43: HBR
B44: 19G-0027Z | C44: 503925 | D44: 28.1 | E44: 1.4 | F44: 172 | H44: 1.849 | I44: 1.835 | J44: =IF(M44<>"",(H44-I44)/M44,"") -> 0.014 | K44: =(F44*(273.15+D44)/273.15)/(M44*N44) -> 7.5877723 | L44: MI_V3 | M44: =VLOOKUP(L44,[1]allgemein!$B$3:$C$13,2,FALSE) -> 1 | N44: 25 | O44: FA496363 | R44: i.O. CS | T44: TH
B45: 19G-0028Z | C45: " | D45: 25.2 | E45: 1 | F45: 172 | H45: 1.855 | I45: 1.843 | J45: =IF(M45<>"",(H45-I45)/M45,"") -> 0.012 | K45: =(F45*(273.15+D45)/273.15)/(M45*N45) -> 7.5147282 | L45: MI_V3 | M45: =VLOOKUP(L45,[1]allgemein!$B$3:$C$13,2,FALSE) -> 1 | N45: 25 | O45: " | R45: i.O. CS | T45: TH
B46: 19G-0029Z | C46: " | D46: 25.6 | E46: 1.3 | F46: 173 | H46: 1.853 | I46: 1.842 | J46: =IF(M46<>"",(H46-I46)/M46,"") -> 0.011 | K46: =(F46*(273.15+D46)/273.15)/(M46*N46) -> 7.5685521 | L46: MI_V3 | M46: =VLOOKUP(L46,[1]allgemein!$B$3:$C$13,2,FALSE) -> 1 | N46: 25 | O46: " | R46: i.O. CS | T46: TH
B47: 19G-0030Z | C47: " | D47: 25.8 | E47: 1.7 | F47: 172 | H47: 1.854 | I47: 1.838 | J47: =IF(M47<>"",(H47-I47)/M47,"") -> 0.016 | K47: =(F47*(273.15+D47)/273.15)/(M47*N47) -> 7.5298407 | L47: MI_V3 | M47: =VLOOKUP(L47,[1]allgemein!$B$3:$C$13,2,FALSE) -> 1 | N47: 25 | O47: " | R47: i.O. CS | T47: TH
B48: 19G-0031Z | C48: " | D48: 26.1 | E48: 1.1 | F48: 172 | H48: 1.851 | I48: 1.837 | J48: =IF(M48<>"",(H48-I48)/M48,"") -> 0.014 | K48: =(F48*(273.15+D48)/273.15)/(M48*N48) -> 7.537397 | L48: MI_V3 | M48: =VLOOKUP(L48,[1]allgemein!$B$3:$C$13,2,FALSE) -> 1 | N48: 25 | O48: " | R48: i.O. CS | T48: TH
B49: 19G-0032Z | C49: " | D49: 28.1 | E49: 2 | F49: 172 | H49: 1.839 | I49: 1.826 | J49: =IF(M49<>"",(H49-I49)/M49,"") -> 0.013 | K49: =(F49*(273.15+D49)/273.15)/(M49*N49) -> 7.5877723 | L49: MI_V3 | M49: =VLOOKUP(L49,[1]allgemein!$B$3:$C$13,2,FALSE) -> 1 | N49: 25 | O49: " | R49: i.O. CS | T49: TH
B50: 19G-0033Z | C50: " | D50: 28.1 | E50: 1.7 | F50: 172 | H50: 1.843 | I50: 1.829 | J50: =IF(M50<>"",(H50-I50)/M50,"") -> 0.014 | K50: =(F50*(273.15+D50)/273.15)/(M50*N50) -> 7.5877723 | L50: MI_V3 | M50: =VLOOKUP(L50,[1]allgemein!$B$3:$C$13,2,FALSE) -> 1 | N50: 25 | O50: " | R50: i.O. CS | T50: TH
B51: 19G-0034Z | C51: " | D51: 28.1 | E51: 1.9 | F51: 173 | H51: 1.847 | I51: 1.834 | J51: =IF(M51<>"",(H51-I51)/M51,"") -> 0.013 | K51: =(F51*(273.15+D51)/273.15)/(M51*N51) -> 7.6318872 | L51: MI_V3 | M51: =VLOOKUP(L51,[1]allgemein!$B$3:$C$13,2,FALSE) -> 1 | N51: 25 | O51: " | T51: TH
B52: 19G-0035Z | C52: " | D52: 28.4 | E52: 0.9 | F52: 173 | H52: 1.833 | I52: 1.818 | J52: =IF(M52<>"",(H52-I52)/M52,"") -> 0.015 | K52: =(F52*(273.15+D52)/273.15)/(M52*N52) -> 7.6394875 | L52: MI_V3 | M52: =VLOOKUP(L52,[1]allgemein!$B$3:$C$13,2,FALSE) -> 1 | N52: 25 | O52: " | T52: TH
B53: 19G-0036Z | C53: " | D53: 28.4 | E53: 1.6 | F53: 173 | H53: 1.832 | I53: 1.817 | J53: =IF(M53<>"",(H53-I53)/M53,"") -> 0.015 | K53: =(F53*(273.15+D53)/273.15)/(M53*N53) -> 7.6394875 | L53: MI_V3 | M53: =VLOOKUP(L53,[1]allgemein!$B$3:$C$13,2,FALSE) -> 1 | N53: 25 | O53: " | T53: TH
B54: 19G-0037Z | C54: " | D54: 25.1 | E54: 0 | F54: 173 | G54: 1.868 | H54: 1.868 | I54: 1.852 | J54: =IF(M54<>"",(H54-I54)/M54,"") -> 0.016 | K54: =(F54*(273.15+D54)/273.15)/(M54*N54) -> 7.555885 | L54: MI_V3 | M54: =VLOOKUP(L54,[1]allgemein!$B$3:$C$13,2,FALSE) -> 1 | N54: 25 | O54: " | T54: sb
B55: 19G-0038Z | C55: " | D55: 25.2 | E55: 0.2 | F55: 173 | G55: 1.863 | H55: 1.863 | I55: 1.85 | J55: =IF(M55<>"",(H55-I55)/M55,"") -> 0.013 | K55: =(F55*(273.15+D55)/273.15)/(M55*N55) -> 7.5584185 | L55: MI_V3 | M55: =VLOOKUP(L55,[1]allgemein!$B$3:$C$13,2,FALSE) -> 1 | N55: 25 | O55: FA525606 | T55: sb
B56: 19G-0039Z | C56: " | D56: 25.3 | E56: 0 | F56: 173 | G56: 1.86 | H56: 1.86 | I56: 1.847 | J56: =IF(M56<>"",(H56-I56)/M56,"") -> 0.013 | K56: =(F56*(273.15+D56)/273.15)/(M56*N56) -> 7.5609519 | L56: MI_V3 | M56: =VLOOKUP(L56,[1]allgemein!$B$3:$C$13,2,FALSE) -> 1 | N56: 25 | O56: " | T56: sb
B57: 19G-0040Z | C57: " | D57: 25.5 | E57: 0 | F57: 173 | G57: 1.854 | H57: 1.854 | I57: 1.842 | J57: =IF(M57<>"",(H57-I57)/M57,"") -> 0.012 | K57: =(F57*(273.15+D57)/273.15)/(M57*N57) -> 7.5660187 | L57: MI_V3 | M57: =VLOOKUP(L57,[1]allgemein!$B$3:$C$13,2,FALSE) -> 1 | N57: 25 | O57: " | T57: sb
B58: 19G-0041Z | C58: 505189 | D58: 25.6 | E58: 0 | F58: 172 | G58: 1.905 | H58: 1.905 | I58: 1.891 | J58: =IF(M58<>"",(H58-I58)/M58,"") -> 0.014 | K58: =(F58*(273.15+D58)/273.15)/(M58*N58) -> 7.5248032 | L58: MI_V3 | M58: =VLOOKUP(L58,[1]allgemein!$B$3:$C$13,2,FALSE) -> 1 | N58: 25 | O58: " | T58: sb
B59: 19G-0042Z | C59: 514283 | D59: 24.9 | E59: 0 | F59: 280 | H59: 1.871 | I59: 1.85 | J59: =IF(M59<>"",(H59-I59)/M59,"") -> 0.021 | K59: =(F59*(273.15+D59)/273.15)/(M59*N59) -> 7.6381109 | L59: MU1 | M59: =VLOOKUP(L59,[1]allgemein!$B$3:$C$13,2,FALSE) -> 1 | N59: 40 | O59: FA519427 | P59: * | Q59: PT. Löcher | T59: HBR
B60: 19G-0043Z | C60: " | D60: 25.1 | E60: 0.2 | F60: 280 | H60: 1.87 | I60: 1.858 | J60: =IF(M60<>"",(H60-I60)/M60,"") -> 0.012 | K60: =(F60*(273.15+D60)/273.15)/(M60*N60) -> 7.6432363 | L60: MU1 | M60: =VLOOKUP(L60,[1]allgemein!$B$3:$C$13,2,FALSE) -> 1 | N60: 40 | O60: " | P60: * | Q60: Mem. leicht transp./ 1mm verschoben | T60: HBR
B61: 19G-0044Z | C61: " | D61: 25.3 | E61: 0 | F61: 280 | H61: 1.862 | I61: 1.85 | J61: =IF(M61<>"",(H61-I61)/M61,"") -> 0.012 | K61: =(F61*(273.15+D61)/273.15)/(M61*N61) -> 7.6483617 | L61: MU1 | M61: =VLOOKUP(L61,[1]allgemein!$B$3:$C$13,2,FALSE) -> 1 | N61: 40 | O61: " | P61: * | Q61: Mem.1mm verschoben | T61: HBR
B62: 19G-0045Z | C62: 514283 | D62: 25.1 | E62: 0 | F62: 279 | H62: 1.865 | I62: 1.852 | J62: =IF(M62<>"",(H62-I62)/M62,"") -> 0.013 | K62: =(F62*(273.15+D62)/273.15)/(M62*N62) -> 7.615939 | L62: MU1 | M62: =VLOOKUP(L62,[1]allgemein!$B$3:$C$13,2,FALSE) -> 1 | N62: 40 | O62: " | P62: * | Q62: Mem. leicht transp. | T62: HBR
B63: 19G-0046Z | C63: " | D63: 23.6 | E63: 0.1 | F63: 280 | H63: 1.844 | I63: 1.825 | J63: =IF(M63<>"",(H63-I63)/M63,"") -> 0.019 | K63: =(F63*(273.15+D63)/273.15)/(M63*N63) -> 7.6047959 | L63: MU1 | M63: =VLOOKUP(L63,[1]allgemein!$B$3:$C$13,2,FALSE) -> 1 | N63: 40 | O63: " | P63: * | Q63: PT. Löcher | T63: HBR
B64: 19G-0047Z | C64: 512137 | D64: 25.6 | E64: 0.2 | F64: 281 | H64: 1.898 | I64: 1.877 | J64: =IF(M64<>"",(H64-I64)/M64,"") -> 0.021 | K64: =(F64*(273.15+D64)/273.15)/(M64*N64) -> 7.6833928 | L64: MU1 | M64: =VLOOKUP(L64,[1]allgemein!$B$3:$C$13,2,FALSE) -> 1 | N64: 40 | O64: " | P64: * | T64: HBR/LP
B65: 19G-0048Z | C65: " | D65: 25.6 | E65: 0.3 | F65: 280 | H65: 1.894 | I65: 1.882 | J65: =IF(M65<>"",(H65-I65)/M65,"") -> 0.012 | K65: =(F65*(273.15+D65)/273.15)/(M65*N65) -> 7.6560498 | L65: MU1 | M65: =VLOOKUP(L65,[1]allgemein!$B$3:$C$13,2,FALSE) -> 1 | N65: 40 | O65: FA522708 | P65: * | T65: HBR/LP
B66: 19G-0049Z | C66: " | D66: 25.5 | E66: 0.3 | F66: 281 | H66: 1.896 | I66: 1.88 | J66: =IF(M66<>"",(H66-I66)/M66,"") -> 0.016 | K66: =(F66*(273.15+D66)/273.15)/(M66*N66) -> 7.680821 | L66: MU1 | M66: =VLOOKUP(L66,[1]allgemein!$B$3:$C$13,2,FALSE) -> 1 | N66: 40 | O66: " | P66: * | Q66: Mem. Kl. Kratzer, Ir Flecken | T66: HBR/LP
B67: 19G-0050Z | C67: " | D67: 25.5 | E67: 0.3 | F67: 281 | H67: 1.892 | I67: 1.871 | J67: =IF(M67<>"",(H67-I67)/M67,"") -> 0.021 | K67: =(F67*(273.15+D67)/273.15)/(M67*N67) -> 7.680821 | L67: MU1 | M67: =VLOOKUP(L67,[1]allgemein!$B$3:$C$13,2,FALSE) -> 1 | N67: 40 | O67: " | P67: * | Q67: " | T67: HBR/LP
B68: 19G-0051Z | C68: " | D68: 25.5 | E68: 0.5 | F68: 280 | H68: 1.891 | I68: 1.878 | J68: =IF(M68<>"",(H68-I68)/M68,"") -> 0.013 | K68: =(F68*(273.15+D68)/273.15)/(M68*N68) -> 7.6534871 | L68: MU1 | M68: =VLOOKUP(L68,[1]allgemein!$B$3:$C$13,2,FALSE) -> 1 | N68: 40 | O68: " | P68: * | Q68: Mem. Löcher, Kratzer | T68: HBR/LP
B69: 19G-0052Z | C69: " | D69: 25.5 | E69: 1.6 | F69: 280 | H69: 1.917 | I69: 1.891 | J69: =IF(M69<>"",(H69-I69)/M69,"") -> 0.026 | K69: =(F69*(273.15+D69)/273.15)/(M69*N69) -> 7.6534871 | L69: MU1 | M69: =VLOOKUP(L69,[1]allgemein!$B$3:$C$13,2,FALSE) -> 1 | N69: 40 | O69: " | P69: * | Q69: 6???? | R69: SB i.O. | T69: HBR/LP
B70: 19G-0053Z | C70: " | D70: 25.5 | E70: 0 | F70: 280 | H70: 1.896 | I70: 1.874 | J70: =IF(M70<>"",(H70-I70)/M70,"") -> 0.022 | K70: =(F70*(273.15+D70)/273.15)/(M70*N70) -> 7.6534871 | L70: MU1 | M70: =VLOOKUP(L70,[1]allgemein!$B$3:$C$13,2,FALSE) -> 1 | N70: 40 | O70: " | P70: * | Q70: Mem. leicht transp | T70: HBR/LP
B71: 19G-0054Z | C71: " | D71: 25.3 | E71: 0 | F71: 279 | H71: 1.894 | I71: 1.879 | J71: =IF(M71<>"",(H71-I71)/M71,"") -> 0.015 | K71: =(F71*(273.15+D71)/273.15)/(M71*N71) -> 7.6210461 | L71: MU1 | M71: =VLOOKUP(L71,[1]allgemein!$B$3:$C$13,2,FALSE) -> 1 | N71: 40 | O71: " | P71: * | Q71: Mem. Löcher, Kratzer | T71: HBR/LP
B72: 19G-0055Z | C72: " | D72: 25.1 | E72: 0 | F72: 280 | H72: 1.891 | I72: 1.875 | J72: =IF(M72<>"",(H72-I72)/M72,"") -> 0.016 | K72: =(F72*(273.15+D72)/273.15)/(M72*N72) -> 7.6432363 | L72: MU1 | M72: =VLOOKUP(L72,[1]allgemein!$B$3:$C$13,2,FALSE) -> 1 | N72: 40 | O72: " | P72: * | Q72: Mem. leicht transp | T72: HBR/LP
B73: 19G-0056Z | C73: " | D73: 25.8 | E73: 0 | F73: 280 | H73: 1.889 | I73: 1.866 | J73: =IF(M73<>"",(H73-I73)/M73,"") -> 0.023 | K73: =(F73*(273.15+D73)/273.15)/(M73*N73) -> 7.6611752 | L73: MU1 | M73: =VLOOKUP(L73,[1]allgemein!$B$3:$C$13,2,FALSE) -> 1 | N73: 40 | O73: " | P73: * | Q73: Mem. Löcher, Kratzer | T73: HBR/LP
B74: 19G-0057Z | C74: " | D74: 25.7 | E74: 0 | F74: 281 | H74: 1.888 | I74: 1.869 | J74: =IF(M74<>"",(H74-I74)/M74,"") -> 0.019 | K74: =(F74*(273.15+D74)/273.15)/(M74*N74) -> 7.6859647 | L74: MU1 | M74: =VLOOKUP(L74,[1]allgemein!$B$3:$C$13,2,FALSE) -> 1 | N74: 40 | O74: " | P74: * | T74: HBR/LP
B75: 19G-0058Z | C75: " | D75: 25.6 | E75: 0 | F75: 281 | H75: 1.887 | I75: 1.871 | J75: =IF(M75<>"",(H75-I75)/M75,"") -> 0.016 | K75: =(F75*(273.15+D75)/273.15)/(M75*N75) -> 7.6833928 | L75: MU1 | M75: =VLOOKUP(L75,[1]allgemein!$B$3:$C$13,2,FALSE) -> 1 | N75: 40 | O75: " | P75: * | T75: HBR/LP
B76: 19G-0059Z | C76: " | D76: 25.6 | E76: 0 | F76: 281 | H76: 1.881 | I76: 1.867 | J76: =IF(M76<>"",(H76-I76)/M76,"") -> 0.014 | K76: =(F76*(273.15+D76)/273.15)/(M76*N76) -> 7.6833928 | L76: MU1 | M76: =VLOOKUP(L76,[1]allgemein!$B$3:$C$13,2,FALSE) -> 1 | N76: 40 | O76: " | P76: * | T76: HBR/LP
B77: 19G-0060Z | C77: " | D77: 26.5 | E77: 4.6 | F77: 281 | H77: 1.885 | I77: 1.871 | J77: =IF(M77<>"",(H77-I77)/M77,"") -> 0.014 | K77: =(F77*(273.15+D77)/273.15)/(M77*N77) -> 7.7065394 | L77: MU1 | M77: =VLOOKUP(L77,[1]allgemein!$B$3:$C$13,2,FALSE) -> 1 | N77: 40 | O77: FA525609 | P77: * | Q77: Mem. leicht transp. | T77: HBR/LP
B78: 19G-0061Z | C78: 512137 | D78: 26.5 | E78: 3.9 | F78: 281 | H78: 1.875 | I78: 1.86 | J78: =IF(M78<>"",(H78-I78)/M78,"") -> 0.015 | K78: =(F78*(273.15+D78)/273.15)/(M78*N78) -> 7.7065394 | L78: MU1 | M78: =VLOOKUP(L78,[1]allgemein!$B$3:$C$13,2,FALSE) -> 1 | N78: 40 | O78: " | P78: * | T78: HBR/LP
B79: 19G-0062Z | C79: " | D79: 26.5 | E79: 4 | F79: 281 | H79: 1.876 | I79: 1.86 | J79: =IF(M79<>"",(H79-I79)/M79,"") -> 0.016 | K79: =(F79*(273.15+D79)/273.15)/(M79*N79) -> 7.7065394 | L79: MU1 | M79: =VLOOKUP(L79,[1]allgemein!$B$3:$C$13,2,FALSE) -> 1 | N79: 40 | O79: " | P79: * | T79: HBR/LP
B80: 19G-0063Z | C80: " | D80: 26.4 | E80: 3.4 | F80: 281 | H80: 1.869 | I80: 1.854 | J80: =IF(M80<>"",(H80-I80)/M80,"") -> 0.015 | K80: =(F80*(273.15+D80)/273.15)/(M80*N80) -> 7.7039676 | L80: MU1 | M80: =VLOOKUP(L80,[1]allgemein!$B$3:$C$13,2,FALSE) -> 1 | N80: 40 | O80: " | P80: * | T80: HBR/LP
B81: 19G-0064Z | C81: " | D81: 26.3 | E81: 2.9 | F81: 281 | H81: 1.876 | I81: 1.859 | J81: =IF(M81<>"",(H81-I81)/M81,"") -> 0.017 | K81: =(F81*(273.15+D81)/273.15)/(M81*N81) -> 7.7013958 | L81: MU1 | M81: =VLOOKUP(L81,[1]allgemein!$B$3:$C$13,2,FALSE) -> 1 | N81: 40 | O81: FA522708 | P81: * | Q81: Mem. Pt.loch | T81: HBR/LP
B82: 19G-0065Z | C82: " | D82: 26.2 | E82: 2.4 | F82: 281 | H82: 1.873 | I82: 1.858 | J82: =IF(M82<>"",(H82-I82)/M82,"") -> 0.015 | K82: =(F82*(273.15+D82)/273.15)/(M82*N82) -> 7.6988239 | L82: MU1 | M82: =VLOOKUP(L82,[1]allgemein!$B$3:$C$13,2,FALSE) -> 1 | N82: 40 | O82: " | P82: * | T82: HBR/LP
B83: 19G-0066Z | C83: " | D83: 26.9 | E83: 2.6 | F83: 279 | H83: 1.878 | I83: 1.866 | J83: =IF(M83<>"",(H83-I83)/M83,"") -> 0.012 | K83: =(F83*(273.15+D83)/273.15)/(M83*N83) -> 7.6619028 | L83: MU1 | M83: =VLOOKUP(L83,[1]allgemein!$B$3:$C$13,2,FALSE) -> 1 | N83: 40 | O83: " | P83: * | T83: HBR/LP
B84: 19G-0067Z | C84: " | D84: 26.8 | E84: 1.3 | F84: 280 | H84: 1.876 | I84: 1.861 | J84: =IF(M84<>"",(H84-I84)/M84,"") -> 0.015 | K84: =(F84*(273.15+D84)/273.15)/(M84*N84) -> 7.6868021 | L84: MU1 | M84: =VLOOKUP(L84,[1]allgemein!$B$3:$C$13,2,FALSE) -> 1 | N84: 40 | O84: " | P84: * | T84: HBR/LP
B85: 19G-0068Z | C85: " | D85: 26.8 | E85: 0.9 | F85: 281 | H85: 1.885 | I85: 1.863 | J85: =IF(M85<>"",(H85-I85)/M85,"") -> 0.022 | K85: =(F85*(273.15+D85)/273.15)/(M85*N85) -> 7.714255 | L85: MU1 | M85: =VLOOKUP(L85,[1]allgemein!$B$3:$C$13,2,FALSE) -> 1 | N85: 40 | O85: " | P85: * | Q85: Mem. leicht transp. | T85: HBR/LP
B86: 19G-0069Z | C86: " | D86: 26.8 | E86: 1.2 | F86: 280 | H86: 1.864 | I86: 1.851 | J86: =IF(M86<>"",(H86-I86)/M86,"") -> 0.013 | K86: =(F86*(273.15+D86)/273.15)/(M86*N86) -> 7.6868021 | L86: MU1 | M86: =VLOOKUP(L86,[1]allgemein!$B$3:$C$13,2,FALSE) -> 1 | N86: 40 | O86: " | P86: * | Q86: " | T86: HBR/LP
B87: 19G-0070Z | C87: " | D87: 26.8 | E87: 0.9 | F87: 281 | H87: 1.881 | I87: 1.866 | J87: =IF(M87<>"",(H87-I87)/M87,"") -> 0.015 | K87: =(F87*(273.15+D87)/273.15)/(M87*N87) -> 7.714255 | L87: MU1 | M87: =VLOOKUP(L87,[1]allgemein!$B$3:$C$13,2,FALSE) -> 1 | N87: 40 | O87: " | P87: * | T87: HBR/LP
B88: 19G-0071Z | C88: " | D88: 26.8 | E88: 0.9 | F88: 281 | H88: 1.871 | I88: 1.855 | J88: =IF(M88<>"",(H88-I88)/M88,"") -> 0.016 | K88: =(F88*(273.15+D88)/273.15)/(M88*N88) -> 7.714255 | L88: MU1 | M88: =VLOOKUP(L88,[1]allgemein!$B$3:$C$13,2,FALSE) -> 1 | N88: 40 | O88: " | P88: * | Q88: Mem. Kratzer | T88: HBR/LP
B89: 19G-0072Z-R | C89: " | D89: 26.2 | E89: 3.3 | F89: 280 | H89: 1.901 | I89: 1.888 | J89: =IF(M89<>"",(H89-I89)/M89,"") -> 0.013 | K89: =(F89*(273.15+D89)/273.15)/(M89*N89) -> 7.671426 | L89: MA_V1 | M89: =VLOOKUP(L89,[1]allgemein!$B$3:$C$13,2,FALSE) -> 1 | N89: 40 | O89: FA522682 | Q89: nur O-seitig TeflonDichtung (Anord. C.S.)/ Vlies DB-10436;Stützring ø92.4 | T89: HBR
B90: 19G-0073Z-R | C90: " | D90: 26.2 | E90: 3.6 | F90: 280 | H90: 1.899 | I90: 1.885 | J90: =IF(M90<>"",(H90-I90)/M90,"") -> 0.014 | K90: =(F90*(273.15+D90)/273.15)/(M90*N90) -> 7.671426 | L90: MA_V1 | M90: =VLOOKUP(L90,[1]allgemein!$B$3:$C$13,2,FALSE) -> 1 | N90: 40 | O90: " | Q90: " | T90: HBR
B91: 19G-0074Z | C91: 505189 | D91: 25.6 | E91: 0.1 | F91: 172 | G91: 1.93 | H91: 1.93 | I91: 1.917 | J91: =IF(M91<>"",(H91-I91)/M91,"") -> 0.013 | K91: =(F91*(273.15+D91)/273.15)/(M91*N91) -> 7.5248032 | L91: MI_V3 | M91: =VLOOKUP(L91,[1]allgemein!$B$3:$C$13,2,FALSE) -> 1 | N91: 25 | O91: FA525606 | T91: sb
B92: 19G-0075Z | C92: " | D92: 22.9 | E92: 0.2 | F92: 172 | G92: 1.893 | H92: 1.893 | I92: 1.883 | J92: =IF(M92<>"",(H92-I92)/M92,"") -> 0.01 | K92: =(F92*(273.15+D92)/273.15)/(M92*N92) -> 7.4567966 | L92: MI_V3 | M92: =VLOOKUP(L92,[1]allgemein!$B$3:$C$13,2,FALSE) -> 1 | N92: 25 | O92: " | T92: sb
B93: 19G-0076Z | C93: " | D93: 25.7 | E93: 0 | F93: 172 | G93: 1.9 | H93: 1.9 | I93: 1.882 | J93: =IF(M93<>"",(H93-I93)/M93,"") -> 0.018 | K93: =(F93*(273.15+D93)/273.15)/(M93*N93) -> 7.527322 | L93: MI_V3 | M93: =VLOOKUP(L93,[1]allgemein!$B$3:$C$13,2,FALSE) -> 1 | N93: 25 | O93: " | T93: sb
B94: 19G-0077Z | C94: " | D94: 25.8 | E94: 0.1 | F94: 172 | G94: 1.898 | H94: 1.898 | I94: 1.886 | J94: =IF(M94<>"",(H94-I94)/M94,"") -> 0.012 | K94: =(F94*(273.15+D94)/273.15)/(M94*N94) -> 7.5298407 | L94: MI_V3 | M94: =VLOOKUP(L94,[1]allgemein!$B$3:$C$13,2,FALSE) -> 1 | N94: 25 | O94: " | T94: sb
B95: 19G-0078Z | C95: " | D95: 22.9 | E95: 0.3 | F95: 174 | G95: 1.889 | H95: 1.889 | I95: 1.871 | J95: =IF(M95<>"",(H95-I95)/M95,"") -> 0.018 | K95: =(F95*(273.15+D95)/273.15)/(M95*N95) -> 7.5435036 | L95: MI_V3 | M95: =VLOOKUP(L95,[1]allgemein!$B$3:$C$13,2,FALSE) -> 1 | N95: 25 | O95: " | T95: sb
B96: 19G-0079Z | C96: " | D96: 22.9 | E96: 0 | F96: 173 | G96: 1.884 | H96: 1.884 | I96: 1.871 | J96: =IF(M96<>"",(H96-I96)/M96,"") -> 0.013 | K96: =(F96*(273.15+D96)/273.15)/(M96*N96) -> 7.5001501 | L96: MI_V3 | M96: =VLOOKUP(L96,[1]allgemein!$B$3:$C$13,2,FALSE) -> 1 | N96: 25 | O96: " | T96: sb
B97: 19G-0080Z | C97: " | D97: 22.9 | E97: 0 | F97: 172 | G97: 1.892 | H97: 1.892 | I97: 1.881 | J97: =IF(M97<>"",(H97-I97)/M97,"") -> 0.011 | K97: =(F97*(273.15+D97)/273.15)/(M97*N97) -> 7.4567966 | L97: MI_V3 | M97: =VLOOKUP(L97,[1]allgemein!$B$3:$C$13,2,FALSE) -> 1 | N97: 25 | O97: " | T97: sb
B98: 19G-0081Z | C98: " | D98: 23 | E98: 0 | F98: 173 | G98: 1.905 | H98: 1.905 | I98: 1.89 | J98: =IF(M98<>"",(H98-I98)/M98,"") -> 0.015 | K98: =(F98*(273.15+D98)/273.15)/(M98*N98) -> 7.5026835 | L98: MI_V3 | M98: =VLOOKUP(L98,[1]allgemein!$B$3:$C$13,2,FALSE) -> 1 | N98: 25 | O98: " | Q98: Mem. überlapt | T98: sb
B99: 19G-0082Z | C99: " | D99: 24.4 | E99: 0 | F99: 173 | G99: 1.896 | H99: 1.896 | I99: 1.883 | J99: =IF(M99<>"",(H99-I99)/M99,"") -> 0.013 | K99: =(F99*(273.15+D99)/273.15)/(M99*N99) -> 7.5381512 | L99: MI_V3 | M99: =VLOOKUP(L99,[1]allgemein!$B$3:$C$13,2,FALSE) -> 1 | N99: 25 | O99: " | T99: sb
B100: 19G-0083Z | C100: " | D100: 24.6 | E100: 0 | F100: 173 | G100: 1.894 | H100: 1.894 | I100: 1.879 | J100: =IF(M100<>"",(H100-I100)/M100,"") -> 0.015 | K100: =(F100*(273.15+D100)/273.15)/(M100*N100) -> 7.543218 | L100: MI_V3 | M100: =VLOOKUP(L100,[1]allgemein!$B$3:$C$13,2,FALSE) -> 1 | N100: 25 | O100: " | T100: sb
...

Sheet Aug
B1: Cell # | C1: Membran Batch FA | D1: Temp Gas / [°C] | E1: Temp Kat T1-T2 / [°C] | F1: Gasfluss / [mln / min] | G1: Membrane V @ 13 bar/[V] | H1: Cell V @ 13 bar/[V] | I1: Cell V @ 0 bar [V] | J1: Voltage Diff. / [V] | K1: H2 Prod / [nmL/A] | L1: Typ | M1: Anz. Layer | N1: Strom / [A] | O1: FA # | Q1: Bemerkungen | R1: Bemerkungen | T1: Visum | U1: Jahr: | V1: 2019
B2: 19H-0001Z | C2: 516442 | D2: 25.7 | E2: 0.1 | F2: 277 | H2: 1.871 | I2: 1.856 | J2: =IF(M2<>"",(H2-I2)/M2,"") -> 0.015 | K2: =(F2*(273.15+D2)/273.15)/(M2*N2) -> 7.5765559 | L2: MU1 | M2: =VLOOKUP(L2,[1]allgemein!$B$3:$C$13,2,FALSE) -> 1 | N2: 40 | O2: FA528780 | P2: * | T2: HBR/TH
B3: 19H-0002Z | C3: " | D3: 25.6 | E3: 0 | F3: 277 | H3: 1.878 | I3: 1.861 | J3: =IF(M3<>"",(H3-I3)/M3,"") -> 0.017 | K3: =(F3*(273.15+D3)/273.15)/(M3*N3) -> 7.5740207 | L3: MU1 | M3: =VLOOKUP(L3,[1]allgemein!$B$3:$C$13,2,FALSE) -> 1 | N3: 40 | O3: " | P3: * | T3: HBR/TH
B4: 19H-0003Z | C4: 516442 | D4: 25.6 | E4: 0.2 | F4: 277 | H4: 1.88 | I4: 1.867 | J4: =IF(M4<>"",(H4-I4)/M4,"") -> 0.013 | K4: =(F4*(273.15+D4)/273.15)/(M4*N4) -> 7.5740207 | L4: MU1 | M4: =VLOOKUP(L4,[1]allgemein!$B$3:$C$13,2,FALSE) -> 1 | N4: 40 | O4: " | P4: * | T4: HBR/TH
B5: 19H-0004Z | C5: " | D5: 25.6 | E5: 0.1 | F5: 277 | H5: 1.875 | I5: 1.863 | J5: =IF(M5<>"",(H5-I5)/M5,"") -> 0.012 | K5: =(F5*(273.15+D5)/273.15)/(M5*N5) -> 7.5740207 | L5: MU1 | M5: =VLOOKUP(L5,[1]allgemein!$B$3:$C$13,2,FALSE) -> 1 | N5: 40 | O5: " | P5: * | T5: HBR/TH
B6: 19H-0005Z | C6: " | D6: 25.4 | E6: 0 | F6: 278 | H6: 1.871 | I6: 1.856 | J6: =IF(M6<>"",(H6-I6)/M6,"") -> 0.015 | K6: =(F6*(273.15+D6)/273.15)/(M6*N6) -> 7.5962749 | L6: MU1 | M6: =VLOOKUP(L6,[1]allgemein!$B$3:$C$13,2,FALSE) -> 1 | N6: 40 | O6: " | P6: * | T6: HBR/TH
B7: 19H-0006Z | C7: " | D7: 25.2 | E7: 0 | F7: 278 | H7: 1.876 | I7: 1.856 | J7: =IF(M7<>"",(H7-I7)/M7,"") -> 0.02 | K7: =(F7*(273.15+D7)/273.15)/(M7*N7) -> 7.5911862 | L7: MU1 | M7: =VLOOKUP(L7,[1]allgemein!$B$3:$C$13,2,FALSE) -> 1 | N7: 40 | O7: " | P7: * | T7: HBR/TH
B8: 19H-0007Z | C8: " | D8: 24.9 | E8: 0 | F8: 277 | H8: 1.878 | I8: 1.87 | J8: =IF(M8<>"",(H8-I8)/M8,"") -> 0.008 | K8: =(F8*(273.15+D8)/273.15)/(M8*N8) -> 7.556274 | L8: MU1 | M8: =VLOOKUP(L8,[1]allgemein!$B$3:$C$13,2,FALSE) -> 1 | N8: 40 | O8: " | P8: * | T8: HBR/TH
B9: 19H-0008Z | C9: " | D9: 23.2 | E9: 0.1 | F9: 273 | H9: 1.935 | I9: 1.923 | J9: =IF(M9<>"",(H9-I9)/M9,"") -> 0.012 | K9: =(F9*(273.15+D9)/273.15)/(M9*N9) -> 7.4046815 | L9: MU1 | M9: =VLOOKUP(L9,[1]allgemein!$B$3:$C$13,2,FALSE) -> 1 | N9: 40 | O9: " | P9: * | T9: HBR/TH
B10: 19H-0009Z | C10: 505189 | D10: 25.6 | E10: 0.1 | F10: 170 | H10: 1.881 | I10: 1.868 | J10: =IF(M10<>"",(H10-I10)/M10,"") -> 0.013 | K10: =(F10*(273.15+D10)/273.15)/(M10*N10) -> 7.4373055 | L10: MI_V3 | M10: =VLOOKUP(L10,[1]allgemein!$B$3:$C$13,2,FALSE) -> 1 | N10: 25 | O10: FA503038 | Q10: Mem. Transparent | T10: LP
B11: 19H-0010Z | C11: " | D11: 25.5 | E11: 0 | F11: 171 | H11: 1.885 | I11: 1.874 | J11: =IF(M11<>"",(H11-I11)/M11,"") -> 0.011 | K11: =(F11*(273.15+D11)/273.15)/(M11*N11) -> 7.4785502 | L11: MI_V3 | M11: =VLOOKUP(L11,[1]allgemein!$B$3:$C$13,2,FALSE) -> 1 | N11: 25 | O11: " | Q11: Mem. Transparent | T11: LP
B12: 19H-0011Z | C12: " | D12: 25.5 | E12: 0 | F12: 170 | H12: 1.872 | I12: 1.859 | J12: =IF(M12<>"",(H12-I12)/M12,"") -> 0.013 | K12: =(F12*(273.15+D12)/273.15)/(M12*N12) -> 7.434816 | L12: MI_V3 | M12: =VLOOKUP(L12,[1]allgemein!$B$3:$C$13,2,FALSE) -> 1 | N12: 25 | O12: " | Q12: Mem. Transparent | T12: LP
B13: 19H-0012Z | C13: " | D13: 25.6 | E13: 0 | F13: 170 | H13: 1.875 | I13: 1.862 | J13: =IF(M13<>"",(H13-I13)/M13,"") -> 0.013 | K13: =(F13*(273.15+D13)/273.15)/(M13*N13) -> 7.4373055 | L13: MI_V3 | M13: =VLOOKUP(L13,[1]allgemein!$B$3:$C$13,2,FALSE) -> 1 | N13: 25 | O13: " | Q13: Mem. Transparent,Kl.Löcher | T13: LP
B14: 19H-0013Z | C14: " | D14: 25.8 | E14: 0 | F14: 170 | H14: 1.879 | I14: 1.866 | J14: =IF(M14<>"",(H14-I14)/M14,"") -> 0.013 | K14: =(F14*(273.15+D14)/273.15)/(M14*N14) -> 7.4422845 | L14: MI_V3 | M14: =VLOOKUP(L14,[1]allgemein!$B$3:$C$13,2,FALSE) -> 1 | N14: 25 | O14: " | T14: LP
B15: 19H-0014Z | C15: " | D15: 25.9 | E15: 0 | F15: 170 | H15: 1.887 | I15: 1.875 | J15: =IF(M15<>"",(H15-I15)/M15,"") -> 0.012 | K15: =(F15*(273.15+D15)/273.15)/(M15*N15) -> 7.4447739 | L15: MI_V3 | M15: =VLOOKUP(L15,[1]allgemein!$B$3:$C$13,2,FALSE) -> 1 | N15: 25 | O15: " | Q15: Mem. Transparent | T15: LP
B16: 19H-0015Z | C16: " | D16: 26.1 | E16: 0 | F16: 171 | H16: 1.867 | I16: 1.854 | J16: =IF(M16<>"",(H16-I16)/M16,"") -> 0.013 | K16: =(F16*(273.15+D16)/273.15)/(M16*N16) -> 7.493575 | L16: MI_V3 | M16: =VLOOKUP(L16,[1]allgemein!$B$3:$C$13,2,FALSE) -> 1 | N16: 25 | O16: " | Q16: Mem. Kl.Löcher | T16: LP
B17: 19H-0016Z | C17: " | D17: 26.4 | E17: 0 | F17: 171 | H17: 1.886 | I17: 1.873 | J17: =IF(M17<>"",(H17-I17)/M17,"") -> 0.013 | K17: =(F17*(273.15+D17)/273.15)/(M17*N17) -> 7.5010873 | L17: MI_V3 | M17: =VLOOKUP(L17,[1]allgemein!$B$3:$C$13,2,FALSE) -> 1 | N17: 25 | O17: " | T17: LP
B18: 19H-0017Z | C18: " | D18: 26.4 | E18: 0 | F18: 170 | H18: 1.874 | I18: 1.86 | J18: =IF(M18<>"",(H18-I18)/M18,"") -> 0.014 | K18: =(F18*(273.15+D18)/273.15)/(M18*N18) -> 7.4572213 | L18: MI_V3 | M18: =VLOOKUP(L18,[1]allgemein!$B$3:$C$13,2,FALSE) -> 1 | N18: 25 | O18: " | T18: LP
B19: 19H-0018Z | C19: 512134 | D19: 23.7 | E19: 0 | F19: 166 | H19: 1.879 | I19: 1.866 | J19: =IF(M19<>"",(H19-I19)/M19,"") -> 0.013 | K19: =(F19*(273.15+D19)/273.15)/(M19*N19) -> 7.216123 | L19: MI_V3 | M19: =VLOOKUP(L19,[1]allgemein!$B$3:$C$13,2,FALSE) -> 1 | N19: 25 | O19: " | Q19: MEM.ZU KNAPP GESCHNITTEN | R19: GASFLUSS DEFEKT | T19: LP/HBR
B20: 19H-0019Z | C20: " | D20: 26.5 | E20: 0.1 | F20: 170 | H20: 1.859 | I20: 1.848 | J20: =IF(M20<>"",(H20-I20)/M20,"") -> 0.011 | K20: =(F20*(273.15+D20)/273.15)/(M20*N20) -> 7.4597108 | L20: MI_V3 | M20: =VLOOKUP(L20,[1]allgemein!$B$3:$C$13,2,FALSE) -> 1 | N20: 25 | O20: " | Q20: Mem. Transparent | T20: LP/HBR
B21: 19H-0020Z | C21: " | D21: 26.5 | E21: 0 | F21: 171 | H21: 1.876 | I21: 1.863 | J21: =IF(M21<>"",(H21-I21)/M21,"") -> 0.013 | K21: =(F21*(273.15+D21)/273.15)/(M21*N21) -> 7.5035914 | L21: MI_V3 | M21: =VLOOKUP(L21,[1]allgemein!$B$3:$C$13,2,FALSE) -> 1 | N21: 25 | O21: " | T21: LP/HBR
B22: 19H-0021Z | C22: " | D22: 26.5 | E22: 0.1 | F22: 170 | H22: 1.862 | I22: 1.846 | J22: =IF(M22<>"",(H22-I22)/M22,"") -> 0.016 | K22: =(F22*(273.15+D22)/273.15)/(M22*N22) -> 7.4597108 | L22: MI_V3 | M22: =VLOOKUP(L22,[1]allgemein!$B$3:$C$13,2,FALSE) -> 1 | N22: 25 | O22: " | Q22: Mem. Transparent | T22: LP/HBR
B23: 19H-0022Z | C23: " | D23: 26.5 | E23: 0.2 | F23: 170 | H23: 1.864 | I23: 1.849 | J23: =IF(M23<>"",(H23-I23)/M23,"") -> 0.015 | K23: =(F23*(273.15+D23)/273.15)/(M23*N23) -> 7.4597108 | L23: MI_V3 | M23: =VLOOKUP(L23,[1]allgemein!$B$3:$C$13,2,FALSE) -> 1 | N23: 25 | O23: " | T23: LP/HBR
B24: 19H-0023Z | C24: " | D24: 27.4 | E24: 0.1 | F24: 57 | H24: 1.825 | I24: 1.816 | J24: =IF(M24<>"",(H24-I24)/M24,"") -> 0.009 | K24: =(F24*(273.15+D24)/273.15)/(M24*N24) -> 2.5087095 | L24: MI_V3 | M24: =VLOOKUP(L24,[1]allgemein!$B$3:$C$13,2,FALSE) -> 1 | N24: 25 | O24: " | Q24: Mem. Kl.Löcher | T24: LP/HBR
B25: 19H-0024Z | C25: " | D25: 27.5 | E25: 0 | F25: 0 | H25: 1.832 | I25: 1.821 | J25: =IF(M25<>"",(H25-I25)/M25,"") -> 0.011 | K25: =(F25*(273.15+D25)/273.15)/(M25*N25) -> 0 | L25: MI_V3 | M25: =VLOOKUP(L25,[1]allgemein!$B$3:$C$13,2,FALSE) -> 1 | N25: 25 | O25: " | R25: GASFLUSS DEFEKT | T25: LP/HBR
B26: 19H-0025Z | C26: " | D26: 27.1 | E26: 0.2 | F26: 0 | H26: 1.843 | I26: 1.829 | J26: =IF(M26<>"",(H26-I26)/M26,"") -> 0.014 | K26: =(F26*(273.15+D26)/273.15)/(M26*N26) -> 0 | L26: MI_V3 | M26: =VLOOKUP(L26,[1]allgemein!$B$3:$C$13,2,FALSE) -> 1 | N26: 25 | O26: " | R26: GASFLUSS DEFEKT | T26: LP/HBR
B27: 19H-0026Z | C27: 512134 | D27: 27.1 | E27: 0.1 | F27: 0 | H27: 1.854 | I27: 1.851 | J27: =IF(M27<>"",(H27-I27)/M27,"") -> 0.003 | K27: =(F27*(273.15+D27)/273.15)/(M27*N27) -> 0 | L27: MI_V3 | M27: =VLOOKUP(L27,[1]allgemein!$B$3:$C$13,2,FALSE) -> 1 | N27: 25 | O27: " | R27: GASFLUSS DEFEKT | T27: LP/HBR
B28: 19H-0027Z | C28: " | D28: 24 | E28: 0 | F28: 168 | H28: 1.892 | I28: 1.879 | J28: =IF(M28<>"",(H28-I28)/M28,"") -> 0.013 | K28: =(F28*(273.15+D28)/273.15)/(M28*N28) -> 7.3104448 | L28: MI_V3 | M28: =VLOOKUP(L28,[1]allgemein!$B$3:$C$13,2,FALSE) -> 1 | N28: 25 | O28: " | Q28: MEM. 1.5MM | R28: GASFLUSS DEFEKT | T28: LP
B29: 19H-0028Z | C29: " | D29: 23.6 | E29: 0 | F29: 167 | H29: 1.89 | I29: 1.877 | J29: =IF(M29<>"",(H29-I29)/M29,"") -> 0.013 | K29: =(F29*(273.15+D29)/273.15)/(M29*N29) -> 7.2571481 | L29: MI_V3 | M29: =VLOOKUP(L29,[1]allgemein!$B$3:$C$13,2,FALSE) -> 1 | N29: 25 | O29: " | Q29: MEM. 1.5MM, KRATZER | R29: GASFLUSS DEFEKT | T29: LP
B30: 19H-0029Z | C30: " | D30: 23.5 | E30: 0 | F30: 167 | H30: 1.883 | I30: 1.869 | J30: =IF(M30<>"",(H30-I30)/M30,"") -> 0.014 | K30: =(F30*(273.15+D30)/273.15)/(M30*N30) -> 7.2547025 | L30: MI_V3 | M30: =VLOOKUP(L30,[1]allgemein!$B$3:$C$13,2,FALSE) -> 1 | N30: 25 | O30: " | R30: GASFLUSS DEFEKT | T30: LP
B31: 19H-0030Z | C31: " | D31: 23.6 | E31: 0 | F31: 165 | H31: 1.871 | I31: 1.862 | J31: =IF(M31<>"",(H31-I31)/M31,"") -> 0.009 | K31: =(F31*(273.15+D31)/273.15)/(M31*N31) -> 7.1702361 | L31: MI_V3 | M31: =VLOOKUP(L31,[1]allgemein!$B$3:$C$13,2,FALSE) -> 1 | N31: 25 | O31: " | R31: GASFLUSS DEFEKT | T31: LP
B32: 19H-0031Z | C32: " | D32: 23.9 | E32: 0 | F32: 165 | H32: 1.86 | I32: 1.848 | J32: =IF(M32<>"",(H32-I32)/M32,"") -> 0.012 | K32: =(F32*(273.15+D32)/273.15)/(M32*N32) -> 7.1774849 | L32: MI_V3 | M32: =VLOOKUP(L32,[1]allgemein!$B$3:$C$13,2,FALSE) -> 1 | N32: 25 | O32: " | R32: GASFLUSS DEFEKT | T32: LP
B33: 19H-0032Z | C33: " | D33: 23.9 | E33: 0 | F33: 166 | H33: 1.865 | I33: 1.852 | J33: =IF(M33<>"",(H33-I33)/M33,"") -> 0.013 | K33: =(F33*(273.15+D33)/273.15)/(M33*N33) -> 7.2209848 | L33: MI_V3 | M33: =VLOOKUP(L33,[1]allgemein!$B$3:$C$13,2,FALSE) -> 1 | N33: 25 | O33: " | R33: GASFLUSS DEFEKT | T33: LP
B34: 19H-0033Z | C34: " | D34: 23.9 | E34: 0 | F34: 165 | H34: 1.867 | I34: 1.855 | J34: =IF(M34<>"",(H34-I34)/M34,"") -> 0.012 | K34: =(F34*(273.15+D34)/273.15)/(M34*N34) -> 7.1774849 | L34: MI_V3 | M34: =VLOOKUP(L34,[1]allgemein!$B$3:$C$13,2,FALSE) -> 1 | N34: 25 | O34: " | R34: GASFLUSS DEFEKT | T34: LP
B35: 19H-0034Z | C35: " | D35: 23.9 | E35: 0 | F35: 166 | H35: 1.87 | I35: 1.858 | J35: =IF(M35<>"",(H35-I35)/M35,"") -> 0.012 | K35: =(F35*(273.15+D35)/273.15)/(M35*N35) -> 7.2209848 | L35: MI_V3 | M35: =VLOOKUP(L35,[1]allgemein!$B$3:$C$13,2,FALSE) -> 1 | N35: 25 | O35: " | Q35: MEM. 1.5MM | R35: GASFLUSS DEFEKT | T35: LP
B36: 19H-0035Z | C36: 512134 | D36: 27.1 | E36: 0.1 | F36: 0 | H36: 1.831 | I36: 1.82 | J36: =IF(M36<>"",(H36-I36)/M36,"") -> 0.011 | K36: =(F36*(273.15+D36)/273.15)/(M36*N36) -> 0 | L36: MI_V3 | M36: =VLOOKUP(L36,[1]allgemein!$B$3:$C$13,2,FALSE) -> 1 | N36: 25 | O36: " | Q36: KL.PUNKTLÖCHER | R36: GASFLUSS DEFEKT | T36: TH
B37: 19H-0036Z | C37: " | D37: 25.8 | E37: 0 | F37: 0 | H37: 1.872 | I37: 1.86 | J37: =IF(M37<>"",(H37-I37)/M37,"") -> 0.012 | K37: =(F37*(273.15+D37)/273.15)/(M37*N37) -> 0 | L37: MI_V3 | M37: =VLOOKUP(L37,[1]allgemein!$B$3:$C$13,2,FALSE) -> 1 | N37: 25 | O37: " | T37: TH
B38: 19H-0037Z | C38: " | D38: 25.9 | E38: 0.1 | F38: 0 | H38: 1.875 | I38: 1.865 | J38: =IF(M38<>"",(H38-I38)/M38,"") -> 0.01 | K38: =(F38*(273.15+D38)/273.15)/(M38*N38) -> 0 | L38: MI_V3 | M38: =VLOOKUP(L38,[1]allgemein!$B$3:$C$13,2,FALSE) -> 1 | N38: 25 | O38: " | T38: TH
B39: 19H-0038Z | C39: " | D39: 25.6 | E39: 0 | F39: 0 | H39: 1.898 | I39: 1.886 | J39: =IF(M39<>"",(H39-I39)/M39,"") -> 0.012 | K39: =(F39*(273.15+D39)/273.15)/(M39*N39) -> 0 | L39: MI_V3 | M39: =VLOOKUP(L39,[1]allgemein!$B$3:$C$13,2,FALSE) -> 1 | N39: 25 | O39: " | T39: TH
B40: 19H-0039Z | C40: " | D40: 26.1 | E40: 0 | F40: 0 | H40: 1.883 | I40: 1.87 | J40: =IF(M40<>"",(H40-I40)/M40,"") -> 0.013 | K40: =(F40*(273.15+D40)/273.15)/(M40*N40) -> 0 | L40: MI_V3 | M40: =VLOOKUP(L40,[1]allgemein!$B$3:$C$13,2,FALSE) -> 1 | N40: 25 | O40: " | T40: TH
B41: 19H-0040Z | C41: " | D41: 26.2 | E41: 0 | F41: 0 | H41: 1.879 | I41: 1.864 | J41: =IF(M41<>"",(H41-I41)/M41,"") -> 0.015 | K41: =(F41*(273.15+D41)/273.15)/(M41*N41) -> 0 | L41: MI_V3 | M41: =VLOOKUP(L41,[1]allgemein!$B$3:$C$13,2,FALSE) -> 1 | N41: 25 | O41: " | T41: TH
B42: 19H-0041Z | C42: " | D42: 26.2 | E42: 0.1 | F42: 0 | H42: 1.874 | I42: 1.862 | J42: =IF(M42<>"",(H42-I42)/M42,"") -> 0.012 | K42: =(F42*(273.15+D42)/273.15)/(M42*N42) -> 0 | L42: MI_V3 | M42: =VLOOKUP(L42,[1]allgemein!$B$3:$C$13,2,FALSE) -> 1 | N42: 25 | O42: " | T42: TH
B43: 19H-0042Z | C43: " | D43: 26.3 | E43: 0.1 | F43: 0 | H43: 1.883 | I43: 1.869 | J43: =IF(M43<>"",(H43-I43)/M43,"") -> 0.014 | K43: =(F43*(273.15+D43)/273.15)/(M43*N43) -> 0 | L43: MI_V3 | M43: =VLOOKUP(L43,[1]allgemein!$B$3:$C$13,2,FALSE) -> 1 | N43: 25 | O43: " | T43: TH
B44: 19H-0043Z | C44: 512134 | D44: 26.4 | E44: 0 | F44: 0 | H44: 1.885 | I44: 1.875 | J44: =IF(M44<>"",(H44-I44)/M44,"") -> 0.01 | K44: =(F44*(273.15+D44)/273.15)/(M44*N44) -> 0 | L44: MI_V3 | M44: =VLOOKUP(L44,[1]allgemein!$B$3:$C$13,2,FALSE) -> 1 | N44: 25 | O44: " | Q44: E-H KL. KRATZER | T44: TH
B45: 19H-0044Z | C45: 512134 | D45: 23.2 | E45: 0.1 | F45: 167 | H45: 1.86 | I45: 1.846 | J45: =IF(M45<>"",(H45-I45)/M45,"") -> 0.014 | K45: =(F45*(273.15+D45)/273.15)/(M45*N45) -> 7.2473659 | L45: MI_V3 | M45: =VLOOKUP(L45,[1]allgemein!$B$3:$C$13,2,FALSE) -> 1 | N45: 25 | O45: 516461 | Q45: MEM. GEWECHSELT | T45: TH/LP
B46: 19H-0045Z | C46: " | D46: 27.7 | E46: 0 | F46: 0 | H46: 1.898 | I46: 1.887 | J46: =IF(M46<>"",(H46-I46)/M46,"") -> 0.011 | K46: =(F46*(273.15+D46)/273.15)/(M46*N46) -> 0 | L46: MI_V3 | M46: =VLOOKUP(L46,[1]allgemein!$B$3:$C$13,2,FALSE) -> 1 | N46: 25 | O46: " | Q46: MEM. KRATZER | T46: TH/LP
B47: 19H-0046Z | C47: " | D47: 27.8 | E47: 0 | F47: 0 | H47: 1.908 | I47: 1.895 | J47: =IF(M47<>"",(H47-I47)/M47,"") -> 0.013 | K47: =(F47*(273.15+D47)/273.15)/(M47*N47) -> 0 | L47: MI_V3 | M47: =VLOOKUP(L47,[1]allgemein!$B$3:$C$13,2,FALSE) -> 1 | N47: 25 | O47: " | T47: TH/LP
B48: 19H-0047Z | C48: " | D48: 28 | E48: 0 | F48: 0 | H48: 1.905 | I48: 1.894 | J48: =IF(M48<>"",(H48-I48)/M48,"") -> 0.011 | K48: =(F48*(273.15+D48)/273.15)/(M48*N48) -> 0 | L48: MI_V3 | M48: =VLOOKUP(L48,[1]allgemein!$B$3:$C$13,2,FALSE) -> 1 | N48: 25 | O48: " | T48: TH/LP
B49: 19H-0048Z | C49: " | D49: 28.1 | E49: 0 | F49: 0 | H49: 1.9 | I49: 1.89 | J49: =IF(M49<>"",(H49-I49)/M49,"") -> 0.01 | K49: =(F49*(273.15+D49)/273.15)/(M49*N49) -> 0 | L49: MI_V3 | M49: =VLOOKUP(L49,[1]allgemein!$B$3:$C$13,2,FALSE) -> 1 | N49: 25 | O49: " | T49: TH/LP
B50: 19H-0049Z | C50: " | D50: 28.2 | E50: 0 | F50: 0 | H50: 1.899 | I50: 1.888 | J50: =IF(M50<>"",(H50-I50)/M50,"") -> 0.011 | K50: =(F50*(273.15+D50)/273.15)/(M50*N50) -> 0 | L50: MI_V3 | M50: =VLOOKUP(L50,[1]allgemein!$B$3:$C$13,2,FALSE) -> 1 | N50: 25 | O50: " | T50: TH/LP
B51: 19H-0050Z | C51: " | D51: 23 | E51: 0 | F51: 167 | H51: 1.906 | I51: 1.897 | J51: =IF(M51<>"",(H51-I51)/M51,"") -> 0.009 | K51: =(F51*(273.15+D51)/273.15)/(M51*N51) -> 7.2424748 | L51: MI_V3 | M51: =VLOOKUP(L51,[1]allgemein!$B$3:$C$13,2,FALSE) -> 1 | N51: 25 | O51: " | T51: TH/LP
B52: 19H-0051Z | C52: " | D52: 23.6 | E52: 0 | F52: 166 | H52: 1.895 | I52: 1.885 | J52: =IF(M52<>"",(H52-I52)/M52,"") -> 0.01 | K52: =(F52*(273.15+D52)/273.15)/(M52*N52) -> 7.2136921 | L52: MI_V3 | M52: =VLOOKUP(L52,[1]allgemein!$B$3:$C$13,2,FALSE) -> 1 | N52: 25 | O52: " | T52: TH/LP
B53: 19H-0052Z | C53: " | D53: 23.7 | E53: 0 | F53: 166 | H53: 1.908 | I53: 1.895 | J53: =IF(M53<>"",(H53-I53)/M53,"") -> 0.013 | K53: =(F53*(273.15+D53)/273.15)/(M53*N53) -> 7.216123 | L53: MI_V3 | M53: =VLOOKUP(L53,[1]allgemein!$B$3:$C$13,2,FALSE) -> 1 | N53: 25 | O53: " | Q53: MEM.KLEINE PUNKTLÖCHER | T53: TH/LP
B54: 19H-0053Z | C54: " | D54: 23.6 | E54: 0 | F54: 166 | H54: 1.905 | I54: 1.895 | J54: =IF(M54<>"",(H54-I54)/M54,"") -> 0.01 | K54: =(F54*(273.15+D54)/273.15)/(M54*N54) -> 7.2136921 | L54: MI_V3 | M54: =VLOOKUP(L54,[1]allgemein!$B$3:$C$13,2,FALSE) -> 1 | N54: 25 | O54: " | Q54: MEM.KLEINE PUNKTLÖCHER | T54: TH/LP
B55: 19H-0054Z | C55: 516443 | D55: 23.3 | E55: 0.2 | F55: 272 | H55: 1.92 | I55: 1.909 | J55: =IF(M55<>"",(H55-I55)/M55,"") -> 0.011 | K55: =(F55*(273.15+D55)/273.15)/(M55*N55) -> 7.3800476 | L55: MU1 | M55: =VLOOKUP(L55,[1]allgemein!$B$3:$C$13,2,FALSE) -> 1 | N55: 40 | O55: FA503024 | P55: * | T55: LP
B56: 19H-0055Z | C56: " | D56: 23.4 | E56: 0.2 | F56: 274 | H56: 1.919 | I56: 1.907 | J56: =IF(M56<>"",(H56-I56)/M56,"") -> 0.012 | K56: =(F56*(273.15+D56)/273.15)/(M56*N56) -> 7.4368204 | L56: MU1 | M56: =VLOOKUP(L56,[1]allgemein!$B$3:$C$13,2,FALSE) -> 1 | N56: 40 | O56: " | P56: * | T56: LP
B57: 19H-0056Z | C57: " | D57: 23.6 | E57: 0.4 | F57: 273 | H57: 1.92 | I57: 1.908 | J57: =IF(M57<>"",(H57-I57)/M57,"") -> 0.012 | K57: =(F57*(273.15+D57)/273.15)/(M57*N57) -> 7.414676 | L57: MU1 | M57: =VLOOKUP(L57,[1]allgemein!$B$3:$C$13,2,FALSE) -> 1 | N57: 40 | O57: " | P57: * | Q57: MEM.1.5MM , TRANSPARENT STELLEN | T57: LP
B58: 19H-0057Z | C58: " | D58: 23.9 | E58: 0.6 | F58: 271 | H58: 1.923 | I58: 1.915 | J58: =IF(M58<>"",(H58-I58)/M58,"") -> 0.008 | K58: =(F58*(273.15+D58)/273.15)/(M58*N58) -> 7.367797 | L58: MU1 | M58: =VLOOKUP(L58,[1]allgemein!$B$3:$C$13,2,FALSE) -> 1 | N58: 40 | O58: " | P58: * | Q58: MEM. TRANSPARENT STELLEN | T58: LP
B59: 19H-0058Z | C59: 523010 | D59: 23.6 | E59: 0 | F59: 272 | H59: 1.912 | I59: 1.892 | J59: =IF(M59<>"",(H59-I59)/M59,"") -> 0.02 | K59: =(F59*(273.15+D59)/273.15)/(M59*N59) -> 7.387516 | L59: MU1 | M59: =VLOOKUP(L59,[1]allgemein!$B$3:$C$13,2,FALSE) -> 1 | N59: 40 | O59: " | P59: * | T59: LP
B60: 19H-0059Z | C60: " | D60: 23.7 | E60: 0.1 | F60: 272 | H60: 1.91 | I60: 1.896 | J60: =IF(M60<>"",(H60-I60)/M60,"") -> 0.014 | K60: =(F60*(273.15+D60)/273.15)/(M60*N60) -> 7.3900055 | L60: MU1 | M60: =VLOOKUP(L60,[1]allgemein!$B$3:$C$13,2,FALSE) -> 1 | N60: 40 | O60: " | P60: * | T60: LP
B61: 19H-0060Z | C61: " | D61: 23.9 | E61: 0.3 | F61: 273 | H61: 1.902 | I61: 1.888 | J61: =IF(M61<>"",(H61-I61)/M61,"") -> 0.014 | K61: =(F61*(273.15+D61)/273.15)/(M61*N61) -> 7.4221719 | L61: MU1 | M61: =VLOOKUP(L61,[1]allgemein!$B$3:$C$13,2,FALSE) -> 1 | N61: 40 | O61: " | P61: * | T61: LP
B62: 19H-0061Z | C62: " | D62: 24.2 | E62: 0.4 | F62: 272 | H62: 1.892 | I62: 1.879 | J62: =IF(M62<>"",(H62-I62)/M62,"") -> 0.013 | K62: =(F62*(273.15+D62)/273.15)/(M62*N62) -> 7.4024529 | L62: MU1 | M62: =VLOOKUP(L62,[1]allgemein!$B$3:$C$13,2,FALSE) -> 1 | N62: 40 | O62: " | P62: * | T62: LP
B63: 19H-0062Z | C63: " | D63: 24.5 | E63: 0.7 | F63: 272 | H63: 1.879 | I63: 1.867 | J63: =IF(M63<>"",(H63-I63)/M63,"") -> 0.012 | K63: =(F63*(273.15+D63)/273.15)/(M63*N63) -> 7.4099213 | L63: MU1 | M63: =VLOOKUP(L63,[1]allgemein!$B$3:$C$13,2,FALSE) -> 1 | N63: 40 | O63: " | P63: * | T63: LP
B64: 19H-0063Z | C64: " | D64: 24.2 | E64: 0 | F64: 274 | H64: 1.901 | I64: 1.89 | J64: =IF(M64<>"",(H64-I64)/M64,"") -> 0.011 | K64: =(F64*(273.15+D64)/273.15)/(M64*N64) -> 7.4568827 | L64: MU1 | M64: =VLOOKUP(L64,[1]allgemein!$B$3:$C$13,2,FALSE) -> 1 | N64: 40 | O64: " | P64: * | T64: LP
B65: 19H-0064Z | C65: " | D65: 24.1 | E65: 0 | F65: 274 | H65: 1.88 | I65: 1.867 | J65: =IF(M65<>"",(H65-I65)/M65,"") -> 0.013 | K65: =(F65*(273.15+D65)/273.15)/(M65*N65) -> 7.4543749 | L65: MU1 | M65: =VLOOKUP(L65,[1]allgemein!$B$3:$C$13,2,FALSE) -> 1 | N65: 40 | O65: " | P65: * | T65: LP
B66: 19H-0065Z | C66: " | D66: 23.7 | E66: 0 | F66: 275 | H66: 1.89 | I66: 1.875 | J66: =IF(M66<>"",(H66-I66)/M66,"") -> 0.015 | K66: =(F66*(273.15+D66)/273.15)/(M66*N66) -> 7.4715129 | L66: MU1 | M66: =VLOOKUP(L66,[1]allgemein!$B$3:$C$13,2,FALSE) -> 1 | N66: 40 | O66: " | P66: * | T66: LP
B67: 19H-0066Z | C67: " | D67: 23.5 | E67: 0 | F67: 276 | H67: 1.884 | I67: 1.869 | J67: =IF(M67<>"",(H67-I67)/M67,"") -> 0.015 | K67: =(F67*(273.15+D67)/273.15)/(M67*N67) -> 7.4936299 | L67: MU1 | M67: =VLOOKUP(L67,[1]allgemein!$B$3:$C$13,2,FALSE) -> 1 | N67: 40 | O67: " | P67: * | T67: LP
B68: 19H-0067Z | C68: " | D68: 23.3 | E68: 0 | F68: 275 | H68: 1.896 | I68: 1.873 | J68: =IF(M68<>"",(H68-I68)/M68,"") -> 0.023 | K68: =(F68*(273.15+D68)/273.15)/(M68*N68) -> 7.4614452 | L68: MU1 | M68: =VLOOKUP(L68,[1]allgemein!$B$3:$C$13,2,FALSE) -> 1 | N68: 40 | O68: " | P68: * | T68: LP
B69: 19H-0068Z | C69: " | D69: 23 | E69: 0 | F69: 275 | H69: 1.888 | I69: 1.872 | J69: =IF(M69<>"",(H69-I69)/M69,"") -> 0.016 | K69: =(F69*(273.15+D69)/273.15)/(M69*N69) -> 7.4538944 | L69: MU1 | M69: =VLOOKUP(L69,[1]allgemein!$B$3:$C$13,2,FALSE) -> 1 | N69: 40 | O69: " | P69: * | T69: LP
B70: 19H-0069Z | C70: " | D70: 23 | E70: 0 | F70: 562 | G70: 1.888 | H70: 3.784 | I70: 3.757 | J70: =IF(M70<>"",(H70-I70)/M70,"") -> 0.0135 | K70: =(F70*(273.15+D70)/273.15)/(M70*N70) -> 7.6165248 | L70: MU2 | M70: =VLOOKUP(L70,[1]allgemein!$B$3:$C$13,2,FALSE) -> 2 | N70: 40 | O70: FA530397 | T70: LP
C71: " | G71: 1.895 | J71: =IF(M71<>"",(H71-I71)/M71,"") | K71: =IF(N71<>"",(I71-J71)/N71,"") | P71: * | T71: LP
B72: 19H-0070Z | C72: " | D72: 23 | E72: 0.1 | F72: 561 | G72: 1.896 | H72: 3.796 | I72: 3.773 | J72: =IF(M72<>"",(H72-I72)/M72,"") -> 0.0115 | K72: =(F72*(273.15+D72)/273.15)/(M72*N72) -> 7.6029723 | L72: MU2 | M72: =VLOOKUP(L72,[1]allgemein!$B$3:$C$13,2,FALSE) -> 2 | N72: 40 | O72: FA530001 | T72: LP
C73: " | G73: 1.897 | J73: =IF(M73<>"",(H73-I73)/M73,"") | K73: =IF(N73<>"",(I73-J73)/N73,"") | P73: * | T73: LP
B74: 19H-0071Z | C74: " | D74: 24.2 | E74: 2.8 | F74: 560 | G74: 1.882 | H74: 3.773 | I74: 3.744 | J74: =IF(M74<>"",(H74-I74)/M74,"") -> 0.0145 | K74: =(F74*(273.15+D74)/273.15)/(M74*N74) -> 7.6201721 | L74: MU2 | M74: =VLOOKUP(L74,[1]allgemein!$B$3:$C$13,2,FALSE) -> 2 | N74: 40 | O74: " | T74: LP
C75: " | G75: 1.89 | J75: =IF(M75<>"",(H75-I75)/M75,"") | K75: =IF(N75<>"",(I75-J75)/N75,"") | P75: * | Q75: MEM.PUNKTLÖCHER | T75: LP
B76: 19H-0072Z | C76: " | D76: 24.2 | E76: 2.4 | F76: 561 | G76: 1.89 | H76: 3.78 | I76: 3.744 | J76: =IF(M76<>"",(H76-I76)/M76,"") -> 0.018 | K76: =(F76*(273.15+D76)/273.15)/(M76*N76) -> 7.6337795 | L76: MU2 | M76: =VLOOKUP(L76,[1]allgemein!$B$3:$C$13,2,FALSE) -> 2 | N76: 40 | O76: " | T76: LP
C77: " | G77: 1.888 | J77: =IF(M77<>"",(H77-I77)/M77,"") | K77: =IF(N77<>"",(I77-J77)/N77,"") | P77: * | Q77: MEM.PUNKTLÖCHER | T77: LP
B78: 19H-0073Z | C78: 523010 | D78: 24.2 | E78: 2.4 | F78: 560 | G78: 1.876 | H78: 3.748 | I78: 3.72 | J78: =IF(M78<>"",(H78-I78)/M78,"") -> 0.014 | K78: =(F78*(273.15+D78)/273.15)/(M78*N78) -> 7.6201721 | L78: MU2 | M78: =VLOOKUP(L78,[1]allgemein!$B$3:$C$13,2,FALSE) -> 2 | N78: 40 | O78: " | T78: LP
C79: " | G79: 1.87 | P79: * | T79: LP
B80: 19H-0074Z | C80: 523010 | D80: 23.9 | E80: 3.8 | F80: 1136 | G80: 1.908 | H80: 7.64 | I80: 7.57 | J80: =IF(M80<>"",(H80-I80)/M80,"") -> 0.0175 | K80: =(F80*(273.15+D80)/273.15)/(M80*N80) -> 7.7212338 | L80: MU4 | M80: =VLOOKUP(L80,[1]allgemein!$B$3:$C$13,2,FALSE) -> 4 | N80: 40 | R80: VOR SPÜHLTEST | T80: LP
C81: " | G81: 1.92 | T81: LP
C82: " | G82: 1.911 | T82: LP
C83: " | G83: 1.91 | P83: * | Q83: MEM.PUNKTLÖCHER | T83: LP
B84: 19H-0074Z | C84: 523010 | D84: 23.9 | E84: 4.6 | F84: 1126 | G84: 1.889 | H84: 7.57 | I84: 7.53 | J84: =IF(M84<>"",(H84-I84)/M84,"") -> 0.01 | K84: =(F84*(273.15+D84)/273.15)/(M84*N84) -> 7.6532651 | L84: MU4 | M84: =VLOOKUP(L84,[1]allgemein!$B$3:$C$13,2,FALSE) -> 4 | N84: 40 | T84: LP
C85: " | G85: 1.9 | T85: LP
C86: " | G86: 1.891 | T86: LP
C87: " | G87: 1.892 | P87: * | Q87: MEM.PUNKTLÖCHER | T87: LP
B88: 19H-0074Z | C88: 523010 | D88: 24.4 | E88: 5.8 | F88: 1127 | G88: 1.856 | H88: 7.45 | I88: 7.4 | J88: =IF(M88<>"",(H88-I88)/M88,"") -> 0.0125 | K88: =(F88*(273.15+D88)/273.15)/(M88*N88) -> 7.6729556 | L88: MU4 | M88: =VLOOKUP(L88,[1]allgemein!$B$3:$C$13,2,FALSE) -> 4 | N88: 40 | R88: 3 SPÜHLTEST | T88: LP
C89: " | G89: 1.868 | T89: LP
C90: " | G90: 1.86 | T90: LP
C91: " | G91: 1.857 | P91: * | Q91: MEM.PUNKTLÖCHER | T91: LP
B92: 19H-0075Z | C92: 523010 | D92: 24.8 | E92: 3.1 | F92: 850 | G92: 1.925 | H92: 5.761 | I92: 5.691 | J92: =IF(M92<>"",(H92-I92)/M92,"") -> 0.023333333 | K92: =(F92*(273.15+D92)/273.15)/(M92*N92) -> 7.7264476 | L92: MU3 | M92: =VLOOKUP(L92,[1]allgemein!$B$3:$C$13,2,FALSE) -> 3 | N92: 40 | O92: FA530002 | R92: VOR SPÜHLTEST | T92: LP
C93: " | G93: 1.921 | T93: LP
C94: " | G94: 1.919 | P94: * | Q94: MEM.KNAPP GESCHNITTEN | T94: LP
B95: 19H-0075Z | C95: 523010 | D95: 23.4 | E95: 1 | F95: 845 | G95: 1.92 | H95: 5.733 | I95: 5.662 | J95: =IF(M95<>"",(H95-I95)/M95,"") -> 0.023666667 | K95: =(F95*(273.15+D95)/273.15)/(M95*N95) -> 7.6449066 | L95: MU3 | M95: =VLOOKUP(L95,[1]allgemein!$B$3:$C$13,2,FALSE) -> 3 | N95: 40 | O95: FA530002 | T95: LP
G96: 1.905 | T96: LP
C97: " | G97: 1.905 | P97: * | Q97: MEM.KNAPP GESCHNITTEN | T97: LP
B98: 19H-0075Z | C98: 523010 | D98: 24.3 | E98: 1.2 | F98: 843 | G98: 1.866 | H98: 5.589 | I98: 5.543 | J98: =IF(M98<>"",(H98-I98)/M98,"") -> 0.015333333 | K98: =(F98*(273.15+D98)/273.15)/(M98*N98) -> 7.6499588 | L98: MU3 | M98: =VLOOKUP(L98,[1]allgemein!$B$3:$C$13,2,FALSE) -> 3 | N98: 40 | O98: FA530002 | R98: 3 SPÜHLTEST | T98: LP
G99: 1.86 | T99: LP
C100: " | G100: 1.861 | P100: * | Q100: MEM.KNAPP GESCHNITTEN | T100: LP
...

Sheet Sep
B1: Cell # | C1: Membran Batch FA | D1: Temp Gas / [°C] | E1: Temp Kat T1-T2 / [°C] | F1: Gasfluss / [mln / min] | G1: Membrane V @ 13 bar/[V] | H1: Cell V @ 13 bar/[V] | I1: Cell V @ 0 bar [V] | J1: Voltage Diff. / [V] | K1: H2 Prod / [nmL/A] | L1: Typ | M1: Anz. Layer | N1: Strom / [A] | O1: FA # | Q1: Bemerkungen | R1: Bemerkungen | T1: Visum | U1: Jahr: | V1: 2019
B2: 19I-0001Z | C2: 516430 | D2: 25.2 | E2: 0 | F2: 170 | H2: 1.883 | I2: 1.868 | J2: =IF(M2<>"",(H2-I2)/M2,"") -> 0.015 | K2: =(F2*(273.15+D2)/273.15)/(M2*N2) -> 7.4273476 | L2: MI_V3 | M2: =VLOOKUP(L2,[1]allgemein!$B$3:$C$13,2,FALSE) -> 1 | N2: 25 | O2: FA521844 | T2: LP
B3: 19I-0002Z | C3: " | D3: 25.1 | E3: 0 | F3: 171 | H3: 1.881 | I3: 1.871 | J3: =IF(M3<>"",(H3-I3)/M3,"") -> 0.01 | K3: =(F3*(273.15+D3)/273.15)/(M3*N3) -> 7.4685338 | L3: MI_V3 | M3: =VLOOKUP(L3,[1]allgemein!$B$3:$C$13,2,FALSE) -> 1 | N3: 25 | O3: " | Q3: MEM.KLEINES P.LOCH | T3: LP
B4: 19I-0003Z | C4: " | D4: 24.9 | E4: 0 | F4: 171 | H4: 1.876 | I4: 1.861 | J4: =IF(M4<>"",(H4-I4)/M4,"") -> 0.015 | K4: =(F4*(273.15+D4)/273.15)/(M4*N4) -> 7.4635255 | L4: MI_V3 | M4: =VLOOKUP(L4,[1]allgemein!$B$3:$C$13,2,FALSE) -> 1 | N4: 25 | O4: " | T4: LP
B5: 19I-0004Z | C5: " | D5: 24.8 | E5: 0.1 | F5: 173 | H5: 1.867 | I5: 1.851 | J5: =IF(M5<>"",(H5-I5)/M5,"") -> 0.016 | K5: =(F5*(273.15+D5)/273.15)/(M5*N5) -> 7.5482848 | L5: MI_V3 | M5: =VLOOKUP(L5,[1]allgemein!$B$3:$C$13,2,FALSE) -> 1 | N5: 25 | O5: " | T5: LP
B6: 19I-0005Z | C6: " | D6: 24.6 | E6: 0 | F6: 172 | H6: 1.891 | I6: 1.876 | J6: =IF(M6<>"",(H6-I6)/M6,"") -> 0.015 | K6: =(F6*(273.15+D6)/273.15)/(M6*N6) -> 7.4996156 | L6: MI_V3 | M6: =VLOOKUP(L6,[1]allgemein!$B$3:$C$13,2,FALSE) -> 1 | N6: 25 | O6: " | T6: LP
B7: 19I-0006Z | C7: " | D7: 24.6 | E7: 0 | F7: 173 | H7: 1.872 | I7: 1.858 | J7: =IF(M7<>"",(H7-I7)/M7,"") -> 0.014 | K7: =(F7*(273.15+D7)/273.15)/(M7*N7) -> 7.543218 | L7: MI_V3 | M7: =VLOOKUP(L7,[1]allgemein!$B$3:$C$13,2,FALSE) -> 1 | N7: 25 | O7: " | T7: LP
B8: 19I-0007Z | C8: " | D8: 24.3 | E8: 0 | F8: 172 | H8: 1.886 | I8: 1.867 | J8: =IF(M8<>"",(H8-I8)/M8,"") -> 0.019 | K8: =(F8*(273.15+D8)/273.15)/(M8*N8) -> 7.4920593 | L8: MI_V3 | M8: =VLOOKUP(L8,[1]allgemein!$B$3:$C$13,2,FALSE) -> 1 | N8: 25 | O8: " | T8: LP
B9: 19I-0008Z | C9: " | D9: 24 | E9: 0 | F9: 172 | H9: 1.86 | I9: 1.846 | J9: =IF(M9<>"",(H9-I9)/M9,"") -> 0.014 | K9: =(F9*(273.15+D9)/273.15)/(M9*N9) -> 7.484503 | L9: MI_V3 | M9: =VLOOKUP(L9,[1]allgemein!$B$3:$C$13,2,FALSE) -> 1 | N9: 25 | O9: " | T9: LP
B10: 19I-0009Z | C10: " | D10: 23.9 | E10: 0 | F10: 172 | H10: 1.861 | I10: 1.848 | J10: =IF(M10<>"",(H10-I10)/M10,"") -> 0.013 | K10: =(F10*(273.15+D10)/273.15)/(M10*N10) -> 7.4819843 | L10: MI_V3 | M10: =VLOOKUP(L10,[1]allgemein!$B$3:$C$13,2,FALSE) -> 1 | N10: 25 | O10: " | T10: LP
B11: 19I-0010Z | C11: " | D11: 23.2 | E11: 0.1 | F11: 174 | H11: 1.851 | I11: 1.837 | J11: =IF(M11<>"",(H11-I11)/M11,"") -> 0.014 | K11: =(F11*(273.15+D11)/273.15)/(M11*N11) -> 7.5511477 | L11: MI_V3 | M11: =VLOOKUP(L11,[1]allgemein!$B$3:$C$13,2,FALSE) -> 1 | N11: 25 | O11: " | Q11: MEM.1MM RAND VERSCHOBEN | T11: LP
B12: 19I-0011Z | C12: " | D12: 25.5 | E12: 0 | F12: 170 | H12: 1.881 | I12: 1.865 | J12: =IF(M12<>"",(H12-I12)/M12,"") -> 0.016 | K12: =(F12*(273.15+D12)/273.15)/(M12*N12) -> 7.434816 | L12: MI_V3 | M12: =VLOOKUP(L12,[1]allgemein!$B$3:$C$13,2,FALSE) -> 1 | N12: 25 | O12: " | Q12: MEM.1MM RAND VERSCHOBEN | T12: LP
B13: 19I-0012Z | C13: " | D13: 25.3 | E13: 0 | F13: 171 | H13: 1.879 | I13: 1.867 | J13: =IF(M13<>"",(H13-I13)/M13,"") -> 0.012 | K13: =(F13*(273.15+D13)/273.15)/(M13*N13) -> 7.473542 | L13: MI_V3 | M13: =VLOOKUP(L13,[1]allgemein!$B$3:$C$13,2,FALSE) -> 1 | N13: 25 | O13: " | T13: LP
B14: 19I-0013Z | C14: " | D14: 25.1 | E14: 0.2 | F14: 172 | H14: 1.875 | I14: 1.862 | J14: =IF(M14<>"",(H14-I14)/M14,"") -> 0.013 | K14: =(F14*(273.15+D14)/273.15)/(M14*N14) -> 7.5122094 | L14: MI_V3 | M14: =VLOOKUP(L14,[1]allgemein!$B$3:$C$13,2,FALSE) -> 1 | N14: 25 | O14: " | Q14: MEM.1MM RAND VERSCHOBEN | T14: LP
B15: 19I-0014Z | C15: " | D15: 25.4 | E15: 0.1 | F15: 170 | H15: 1.865 | I15: 1.852 | J15: =IF(M15<>"",(H15-I15)/M15,"") -> 0.013 | K15: =(F15*(273.15+D15)/273.15)/(M15*N15) -> 7.4323266 | L15: MI_V3 | M15: =VLOOKUP(L15,[1]allgemein!$B$3:$C$13,2,FALSE) -> 1 | N15: 25 | O15: " | T15: LP
B16: 19I-0015Z | C16: " | D16: 25.3 | E16: 0 | F16: 171 | H16: 1.884 | I16: 1.87 | J16: =IF(M16<>"",(H16-I16)/M16,"") -> 0.014 | K16: =(F16*(273.15+D16)/273.15)/(M16*N16) -> 7.473542 | L16: MI_V3 | M16: =VLOOKUP(L16,[1]allgemein!$B$3:$C$13,2,FALSE) -> 1 | N16: 25 | O16: " | T16: LP
B17: 19I-0016Z | C17: " | D17: 25.3 | E17: 0.1 | F17: 173 | H17: 1.874 | I17: 1.86 | J17: =IF(M17<>"",(H17-I17)/M17,"") -> 0.014 | K17: =(F17*(273.15+D17)/273.15)/(M17*N17) -> 7.5609519 | L17: MI_V3 | M17: =VLOOKUP(L17,[1]allgemein!$B$3:$C$13,2,FALSE) -> 1 | N17: 25 | O17: " | T17: LP
B18: 19I-0017Z | C18: " | D18: 25.2 | E18: 0.1 | F18: 171 | H18: 1.873 | I18: 1.858 | J18: =IF(M18<>"",(H18-I18)/M18,"") -> 0.015 | K18: =(F18*(273.15+D18)/273.15)/(M18*N18) -> 7.4710379 | L18: MI_V3 | M18: =VLOOKUP(L18,[1]allgemein!$B$3:$C$13,2,FALSE) -> 1 | N18: 25 | O18: " | T18: LP
B19: 19I-0018Z | C19: " | D19: 25.9 | E19: 0 | F19: 172 | H19: 1.87 | I19: 1.855 | J19: =IF(M19<>"",(H19-I19)/M19,"") -> 0.015 | K19: =(F19*(273.15+D19)/273.15)/(M19*N19) -> 7.5323595 | L19: MI_V3 | M19: =VLOOKUP(L19,[1]allgemein!$B$3:$C$13,2,FALSE) -> 1 | N19: 25 | O19: " | T19: LP
B20: 19I-0019Z | C20: " | D20: 25.7 | E20: 0 | F20: 172 | H20: 1.873 | I20: 1.863 | J20: =IF(M20<>"",(H20-I20)/M20,"") -> 0.01 | K20: =(F20*(273.15+D20)/273.15)/(M20*N20) -> 7.527322 | L20: MI_V3 | M20: =VLOOKUP(L20,[1]allgemein!$B$3:$C$13,2,FALSE) -> 1 | N20: 25 | O20: " | Q20: MEM.1MM RAND VERSCHOBEN | T20: LP
B21: 19I-0020Z | C21: 516430 | D21: 25.6 | E21: 0 | F21: 170 | H21: 1.878 | I21: 1.865 | J21: =IF(M21<>"",(H21-I21)/M21,"") -> 0.013 | K21: =(F21*(273.15+D21)/273.15)/(M21*N21) -> 7.4373055 | L21: MI_V3 | M21: =VLOOKUP(L21,[1]allgemein!$B$3:$C$13,2,FALSE) -> 1 | N21: 25 | O21: " | Q21: MEM.1MM ÜBERSCHNITTEN | T21: LP
B22: 19I-0021Z | C22: 525503 | D22: 24.2 | E22: 3.5 | F22: 1141 | G22: 1.857 | H22: 7.43 | I22: 7.36 | J22: =IF(M22<>"",(H22-I22)/M22,"") -> 0.0175 | K22: =(F22*(273.15+D22)/273.15)/(M22*N22) -> 7.7630503 | L22: MU4 | M22: =VLOOKUP(L22,[1]allgemein!$B$3:$C$13,2,FALSE) -> 4 | N22: 40 | R22: GELB NEU SPÜHLANLAGE | T22: LP
C23: " | G23: 1.853 | T23: LP
C24: " | G24: 1.862 | T24: LP
C25: " | G25: 1.857 | P25: * | Q25: MEM.PUNKTLÖCHER | T25: LP
B26: 19I-0022Z | C26: " | D26: 24.6 | E26: 5.4 | F26: 1140 | G26: 1.873 | H26: 7.47 | I26: 7.41 | J26: =IF(M26<>"",(H26-I26)/M26,"") -> 0.015 | K26: =(F26*(273.15+D26)/273.15)/(M26*N26) -> 7.7666804 | L26: MU4 | M26: =VLOOKUP(L26,[1]allgemein!$B$3:$C$13,2,FALSE) -> 4 | N26: 40 | T26: LP
C27: " | G27: 1.853 | T27: LP
C28: " | G28: 1.864 | T28: LP
C29: 525503 | G29: 1.872 | P29: * | T29: LP
B30: 19I-0023Z | C30: " | D30: 23.7 | E30: 10.4 | F30: 1141 | G30: 1.861 | H30: 7.44 | I30: 7.37 | J30: =IF(M30<>"",(H30-I30)/M30,"") -> 0.0175 | K30: =(F30*(273.15+D30)/273.15)/(M30*N30) -> 7.7499966 | L30: MU4 | M30: =VLOOKUP(L30,[1]allgemein!$B$3:$C$13,2,FALSE) -> 4 | N30: 40 | T30: LP
C31: " | G31: 1.862 | T31: LP
C32: " | G32: 1.861 | T32: LP
C33: " | G33: 1.852 | P33: * | Q33: MEM.KNAPP GESCHNITTEN | T33: LP
B34: 19I-0024Z | C34: " | D34: 23.9 | E34: 8.5 | F34: 1141 | G34: 1.864 | H34: 7.44 | I34: 7.37 | J34: =IF(M34<>"",(H34-I34)/M34,"") -> 0.0175 | K34: =(F34*(273.15+D34)/273.15)/(M34*N34) -> 7.7552181 | L34: MU4 | M34: =VLOOKUP(L34,[1]allgemein!$B$3:$C$13,2,FALSE) -> 4 | N34: 40 | T34: LP
C35: " | G35: 1.856 | T35: LP
C36: " | G36: 1.857 | R36: Z ELEKTRODE SCHWARZE FLECKEN | T36: LP
C37: " | G37: 1.861 | P37: * | R37: Z ELEKTRODE SCHWARZE FLECKEN | T37: LP
B38: 19I-0025Z | C38: " | D38: 23.2 | E38: 7.7 | F38: 1143 | G38: 1.86 | H38: 7.48 | I38: 7.41 | J38: =IF(M38<>"",(H38-I38)/M38,"") -> 0.0175 | K38: =(F38*(273.15+D38)/273.15)/(M38*N38) -> 7.7505045 | L38: MU4 | M38: =VLOOKUP(L38,[1]allgemein!$B$3:$C$13,2,FALSE) -> 4 | N38: 40 | T38: LP
C39: " | G39: 1.869 | T39: LP
C40: " | G40: 1.873 | T40: LP
C41: " | G41: 1.876 | P41: * | Q41: MEM.GROS. PUNKTLOCH | T41: LP
B42: 19I-0026Z | C42: " | D42: 23.3 | E42: 9.2 | F42: 1142 | G42: 1.859 | H42: 7.45 | I42: 7.39 | J42: =IF(M42<>"",(H42-I42)/M42,"") -> 0.015 | K42: =(F42*(273.15+D42)/273.15)/(M42*N42) -> 7.7463367 | L42: MU4 | M42: =VLOOKUP(L42,[1]allgemein!$B$3:$C$13,2,FALSE) -> 4 | N42: 40 | T42: LP
C43: " | G43: 1.86 | T43: LP
C44: " | G44: 1.861 | T44: LP
C45: " | G45: 1.866 | P45: * | T45: LP
B46: 19I-0027Z | C46: " | D46: 23.3 | E46: 6.2 | F46: 1142 | G46: 1.857 | H46: 7.44 | I46: 7.37 | J46: =IF(M46<>"",(H46-I46)/M46,"") -> 0.0175 | K46: =(F46*(273.15+D46)/273.15)/(M46*N46) -> 7.7463367 | L46: MU4 | M46: =VLOOKUP(L46,[1]allgemein!$B$3:$C$13,2,FALSE) -> 4 | N46: 40 | T46: LP
C47: " | G47: 1.855 | T47: LP
C48: " | G48: 1.856 | T48: LP
C49: 525505 | G49: 1.864 | P49: * | Q49: MEM.KNAPP GESCNITTEN | T49: LP
B50: 19I-0028Z | C50: " | D50: 23.3 | E50: 3.8 | F50: 1141 | G50: 1.879 | H50: 7.51 | I50: 7.45 | J50: =IF(M50<>"",(H50-I50)/M50,"") -> 0.015 | K50: =(F50*(273.15+D50)/273.15)/(M50*N50) -> 7.7395536 | L50: MU4 | M50: =VLOOKUP(L50,[1]allgemein!$B$3:$C$13,2,FALSE) -> 4 | N50: 40 | T50: LP
C51: " | G51: 1.875 | T51: LP
C52: " | G52: 1.876 | Q52: MEM.2MM ÜBERLÄPPUNG | T52: LP
C53: " | G53: 1.879 | P53: * | Q53: MEM.PUNKTLÖCHER | T53: LP
B54: 19I-0029Z | C54: " | D54: 22.9 | E54: 4.2 | F54: 1142 | G54: 1.893 | H54: 7.55 | I54: 7.49 | J54: =IF(M54<>"",(H54-I54)/M54,"") -> 0.015 | K54: =(F54*(273.15+D54)/273.15)/(M54*N54) -> 7.7358846 | L54: MU4 | M54: =VLOOKUP(L54,[1]allgemein!$B$3:$C$13,2,FALSE) -> 4 | N54: 40 | T54: LP
C55: " | G55: 1.891 | T55: LP
C56: " | G56: 1.887 | T56: LP
C57: " | G57: 1.881 | P57: * | T57: LP
B58: 19I-0030Z | C58: " | D58: 22.7 | E58: 5.4 | F58: 1142 | G58: 1.895 | H58: 7.57 | I58: 7.51 | J58: =IF(M58<>"",(H58-I58)/M58,"") -> 0.015 | K58: =(F58*(273.15+D58)/273.15)/(M58*N58) -> 7.7306585 | L58: MU4 | M58: =VLOOKUP(L58,[1]allgemein!$B$3:$C$13,2,FALSE) -> 4 | N58: 40 | T58: LP
C59: " | G59: 1.896 | T59: LP
C60: " | G60: 1.89 | Q60: MEM.PUNKTLÖCHER | T60: LP
C61: " | G61: 1.891 | P61: * | Q61: MEM.SCHLECHT GESCHNITTEN | T61: LP
B62: 19I-0031Z | C62: 527379 | D62: 23.9 | E62: 8.3 | F62: 1140 | G62: 1.863 | H62: 7.45 | I62: 7.38 | J62: =IF(M62<>"",(H62-I62)/M62,"") -> 0.0175 | K62: =(F62*(273.15+D62)/273.15)/(M62*N62) -> 7.7484212 | L62: MU4 | M62: =VLOOKUP(L62,[1]allgemein!$B$3:$C$13,2,FALSE) -> 4 | N62: 40 | T62: LP
C63: " | G63: 1.863 | T63: LP
C64: " | G64: 1.86 | T64: LP
C65: " | G65: 1.858 | P65: * | Q65: MEM.PUNKTLOCH | T65: LP
B66: 19I-0032Z | C66: " | D66: 23.7 | E66: 6.4 | F66: 1140 | G66: 1.862 | H66: 7.44 | I66: 7.37 | J66: =IF(M66<>"",(H66-I66)/M66,"") -> 0.0175 | K66: =(F66*(273.15+D66)/273.15)/(M66*N66) -> 7.7432043 | L66: MU4 | M66: =VLOOKUP(L66,[1]allgemein!$B$3:$C$13,2,FALSE) -> 4 | N66: 40 | T66: LP
C67: " | G67: 1.861 | T67: LP
C68: " | G68: 1.855 | T68: LP
C69: " | G69: 1.859 | P69: * | Q69: MEM.PUNKTLOCH | T69: LP
B70: 19I-0033Z | C70: " | D70: 23.2 | E70: 4.4 | F70: 1142 | G70: 1.857 | H70: 7.42 | I70: 7.35 | J70: =IF(M70<>"",(H70-I70)/M70,"") -> 0.0175 | K70: =(F70*(273.15+D70)/273.15)/(M70*N70) -> 7.7437237 | L70: MU4 | M70: =VLOOKUP(L70,[1]allgemein!$B$3:$C$13,2,FALSE) -> 4 | N70: 40 | T70: LP
C71: " | G71: 1.851 | T71: LP
C72: " | G72: 1.857 | T72: LP
C73: " | G73: 1.852 | P73: * | Q73: MEM.PUNKTLOCH | T73: LP
B132: Rev./ Rep./ Test
B133: 19B-0056Z | C133: 516430 | D133: 25.9 | E133: 0.3 | F133: 173 | H133: 1.882 | I133: 1.867 | J133: =IF(M133<>"",(H133-I133)/M133,"") -> 0.015 | K133: =(F133*(273.15+D133)/273.15)/(M133*N133) -> 7.5761523 | L133: MI_V3 | M133: 1 | N133: 25 | O133: FA533671 | T133: LP
B134: 16J-0049Z | C134: 516430 | D134: 25.6 | E134: 0.3 | F134: 173 | H134: 1.888 | I134: 1.874 | J134: =IF(M134<>"",(H134-I134)/M134,"") -> 0.014 | K134: =(F134*(273.15+D134)/273.15)/(M134*N134) -> 7.5685521 | L134: MI_V3 | M134: 1 | N134: 25 | O134: OHNE | T134: LP

Sheet Oct
B1: Cell # | C1: Membran Batch FA | D1: Temp Gas / [°C] | E1: Temp Kat T1-T2 / [°C] | F1: Gasfluss / [mln / min] | G1: Membrane V @ 13 bar/[V] | H1: Cell V @ 13 bar/[V] | I1: Cell V @ 0 bar [V] | J1: Voltage Diff. / [V] | K1: H2 Prod / [nmL/A] | L1: Typ | M1: Anz. Layer | N1: Strom / [A] | O1: FA # | Q1: Bemerkungen | R1: Bemerkungen | T1: Visum | U1: Jahr: | V1: 2019
B2: 19J-0001Z | C2: 527379 | D2: 24 | E2: 3.2 | F2: 1140 | G2: 1.865 | H2: 7.44 | I2: 7.37 | J2: =IF(M2<>"",(H2-I2)/M2,"") -> 0.0175 | K2: =(F2*(273.15+D2)/273.15)/(M2*N2) -> 7.7510297 | L2: MU4 | M2: =VLOOKUP(L2,[1]allgemein!$B$3:$C$13,2,FALSE) -> 4 | N2: 40 | O2: 535749 | Q2: H Electrode aus express Lieferung | R2: i.O. von FCO | T2: TH(ZUSAMMENSTELLEN)
C3: " | G3: 1.858 | R3: GELB NEU SPÜHLANLAGE | T3: LP (TEST)
C4: " | G4: 1.866 | R4: NEUE SPÜHLANLAGE LINKE SEITE
C5: " | G5: 1.852 | P5: *
B6: 19J-0002Z | C6: " | D6: 24.1 | E6: 7 | F6: 1140 | G6: 1.868 | H6: 7.45 | I6: 7.39 | J6: =IF(M6<>"",(H6-I6)/M6,"") -> 0.015 | K6: =(F6*(273.15+D6)/273.15)/(M6*N6) -> 7.7536381 | L6: MU4 | M6: =VLOOKUP(L6,[1]allgemein!$B$3:$C$13,2,FALSE) -> 4 | N6: 40 | O6: 535749 | R6: NEUE SPÜHLANLAGE LINKE SEITE | T6: TH(ZUSAMMENSTELLEN)
C7: " | G7: 1.857 | T7: LP (TEST)
C8: " | G8: 1.858
C9: " | G9: 1.866 | P9: *
B10: 19J-0003Z | C10: " | D10: 24.1 | E10: 12 | F10: 1136 | G10: 1.881 | H10: 7.51 | I10: 7.46 | J10: =IF(M10<>"",(H10-I10)/M10,"") -> 0.0125 | K10: =(F10*(273.15+D10)/273.15)/(M10*N10) -> 7.7264324 | L10: MU4 | M10: =VLOOKUP(L10,[1]allgemein!$B$3:$C$13,2,FALSE) -> 4 | N10: 40 | O10: 535749 | R10: NEUE SPÜHLANLAGE RECHTE SEITE | T10: TH(ZUSAMMENSTELLEN)
C11: " | G11: 1.88 | T11: LP (TEST)
C12: " | G12: 1.874
C13: " | G13: 1.876 | P13: *
B14: 19J-0004Z | C14: 527379 | D14: 24.2 | E14: 16.8 | F14: 1138 | G14: 1.872 | H14: 7.48 | I14: 7.43 | J14: =IF(M14<>"",(H14-I14)/M14,"") -> 0.0125 | K14: =(F14*(273.15+D14)/273.15)/(M14*N14) -> 7.7426391 | L14: MU4 | M14: =VLOOKUP(L14,[1]allgemein!$B$3:$C$13,2,FALSE) -> 4 | N14: 40 | O14: 535749 | R14: NEUE SPÜHLANLAGE RECHTE SEITE | T14: TH(ZUSAMMENSTELLEN)
C15: " | G15: 1.869 | T15: LP (TEST)
C16: " | G16: 1.871
C17: " | G17: 1.869 | P17: *
B18: 19J-0005Z | C18: " | D18: 24.3 | E18: 13.8 | F18: 1139 | G18: 1.874 | H18: 7.5 | I18: 7.44 | J18: =IF(M18<>"",(H18-I18)/M18,"") -> 0.015 | K18: =(F18*(273.15+D18)/273.15)/(M18*N18) -> 7.752049 | L18: MU4 | M18: =VLOOKUP(L18,[1]allgemein!$B$3:$C$13,2,FALSE) -> 4 | N18: 40 | O18: 535749 | R18: NEUE SPÜHLANLAGE RECHTE SEITE | T18: TH(ZUSAMMENSTELLEN)
C19: " | G19: 1.872 | T19: LP (TEST)
C20: " | G20: 1.874
C21: " | G21: 1.88 | P21: *
B22: 19J-0006Z | C22: " | D22: 24.3 | E22: 1 | F22: 1138 | G22: 1.853 | H22: 7.4 | I22: 7.35 | J22: =IF(M22<>"",(H22-I22)/M22,"") -> 0.0125 | K22: =(F22*(273.15+D22)/273.15)/(M22*N22) -> 7.745243 | L22: MU4 | M22: =VLOOKUP(L22,[1]allgemein!$B$3:$C$13,2,FALSE) -> 4 | N22: 40 | O22: 535749 | T22: TH(ZUSAMMENSTELLEN)
C23: " | G23: 1.844 | T23: LP (TEST)
C24: " | G24: 1.844
C25: " | G25: 1.851 | P25: *
B26: 19J-0007Z | C26: " | D26: 24.6 | E26: 1.4 | F26: 1138 | G26: 1.859 | H26: 7.43 | I26: 7.36 | J26: =IF(M26<>"",(H26-I26)/M26,"") -> 0.0175 | K26: =(F26*(273.15+D26)/273.15)/(M26*N26) -> 7.7530546 | L26: MU4 | M26: =VLOOKUP(L26,[1]allgemein!$B$3:$C$13,2,FALSE) -> 4 | N26: 40 | O26: 535749 | T26: TH(ZUSAMMENSTELLEN)
C27: " | G27: 1.855 | T27: LP (TEST)
C28: " | G28: 1.857
C29: " | G29: 1.858 | P29: *
